<?xml version='1.0' encoding='utf-8'?>
<kml xmlns="http://www.opengis.net/kml/2.2" xmlns:gx="http://www.google.com/kml/ext/2.2"><Document><name>Mapa Reconstruido</name><Style id="style_ida"><LineStyle><color>ff00ff00</color><width>2</width></LineStyle></Style><Style id="style_volta"><LineStyle><color>ff8b0000</color><width>2</width></LineStyle></Style><Style id="style_pontos"><IconStyle><color>ff00ffff</color><scale>1.2</scale></IconStyle></Style><Folder><name>IDA</name><Placemark><name>0804 T.I. Benedito Bentes / Cidade Sorriso I</name><styleUrl>#style_ida</styleUrl><LineString><tessellate>1</tessellate><coordinates>-35.7263752173472,-9.549417436922205,0 -35.72589709670009,-9.5499022122446,0 -35.72615299148179,-9.550108076318576,0 -35.72769509575618,-9.548660386812868,0 -35.72775570246378,-9.548607260256023,0 -35.72845605231522,-9.549264693512072,0 -35.73009922121643,-9.550858481563951,0 -35.72998474169792,-9.551057707795854,0 -35.72998476149886,-9.551940947754908,0 -35.73001921603574,-9.55434266489237,0 -35.72979025349199,-9.554747751680665,0 -35.72809994544357,-9.556414598556433,0 -35.72636333015446,-9.55815719356855,0 -35.7251713458246,-9.559850591420364,0 -35.72466625604202,-9.560494754678873,0 -35.7252454162951,-9.560919761937361,0 -35.72527908716271,-9.561118985271301,0 -35.72507031992521,-9.561557275795417,0 -35.72445074420938,-9.562712774897543,0 -35.72408034264596,-9.56347646826419,0 -35.72596596690832,-9.564645247454058,0 -35.72667981121255,-9.5680785364501,0 -35.72686163789889,-9.569061376124226,0 -35.72642389324013,-9.569811786127417,0 -35.72576391117713,-9.570953997426273,0 -35.7250433074305,-9.573417726129776,0 -35.72485473578202,-9.573988836541243,0 -35.72478065554575,-9.573929068685079,0 -35.72482106462327,-9.573703280729957,0 -35.72492881992771,-9.57335795888953,0</coordinates></LineString></Placemark><Placemark><name>0807 - T.I. Benedito Bentes / Aprígio</name><styleUrl>#style_ida</styleUrl><LineString><tessellate>1</tessellate><coordinates>-35.72616249867063,-9.549660213386803,0 -35.72586822756931,-9.549933445768769,0 -35.72619998799097,-9.550082753869065,0 -35.72772155309093,-9.548597854130687,0 -35.72916717930307,-9.549928488145609,0 -35.73010476358652,-9.550860420308966,0 -35.7300180653023,-9.550968713099422,0 -35.72994434397882,-9.551247848775873,0 -35.72998856380391,-9.552011404912186,0 -35.73000877106927,-9.55353196301521,0 -35.72997187751091,-9.554450933192529,0 -35.72863428521387,-9.555955399245592,0 -35.72647453598744,-9.558016252978607,0 -35.7247523918028,-9.560475385224908,0 -35.72472093325825,-9.56057699021173,0 -35.72503568853737,-9.560710877892134,0 -35.7252427886713,-9.56090872718037,0 -35.72521900160929,-9.561210214172428,0 -35.72454349041352,-9.56249305259756,0 -35.72366913898615,-9.56432645718218,0 -35.72325611310646,-9.56514133992323,0 -35.72308658896458,-9.565544372755879,0 -35.72302141809136,-9.565776262981245,0 -35.72272756534766,-9.56608316171793,0 -35.72202093694447,-9.56702728445198,0 -35.72155669040828,-9.56745108383667,0 -35.72081900713663,-9.567773083168591,0 -35.71918322293098,-9.568080950379866,0 -35.71730293542208,-9.56836458239975,0 -35.71726087938198,-9.567858662082223,0 -35.71696427168217,-9.567607597497101,0 -35.71670148403215,-9.567075871956494,0 -35.7166540090407,-9.566567001634649,0 -35.71674418923546,-9.56601919210582,0 -35.71685433035425,-9.565663590897458,0 -35.71686017158843,-9.565441527620711,0 -35.71687424966637,-9.564855926542732,0 -35.71686313769362,-9.564774138461264,0 -35.71679877795101,-9.564758591604175,0 -35.71677030995589,-9.564780303899171,0 -35.71673169382308,-9.564882874574648,0 -35.7165708846855,-9.565071668540531,0 -35.71637444304241,-9.56518148812492,0 -35.71609747189454,-9.565199268608396,0 -35.71599149345543,-9.565300358341652,0 -35.71571095403404,-9.565647714971796,0 -35.71621571709972,-9.566062706795273,0 -35.71647184792288,-9.566315083407769,0 -35.71648671063148,-9.566461625500686,0 -35.71651689270394,-9.56696470579504,0 -35.71641917161725,-9.567270472507603,0 -35.71584604621207,-9.567605464794555,0 -35.71511211694582,-9.568002863878213,0 -35.71527361995813,-9.568272300539764,0 -35.71467281091935,-9.568309491036885,0 -35.71434743505945,-9.56830410532543,0 -35.71406243345245,-9.568387286817725,0 -35.71383099839311,-9.568615687793862,0 -35.71313102957506,-9.569022015717687,0 -35.71295808161439,-9.569359481861598,0 -35.71291460068022,-9.569589553601814,0 -35.71354646127947,-9.5702766389979,0 -35.71171113743827,-9.571711047065344,0 -35.71093209455237,-9.572227366702364,0 -35.70920260289909,-9.572579292009609,0 -35.70774659609214,-9.572895174899216,0 -35.70743857851541,-9.573072455261372,0 -35.70735936905813,-9.573207388566834,0 -35.70723924487255,-9.57330572319221,0 -35.70706895485704,-9.573376432007771,0 -35.70693165518598,-9.573347985835062,0 -35.70679959646355,-9.573238215007056,0 -35.70669070778401,-9.573101491634857,0 -35.70667329327787,-9.57287205334568,0 -35.70676399372975,-9.572690913274073,0 -35.70560374069759,-9.571285167875079,0 -35.70492332548526,-9.570494347190117,0 -35.70463710938455,-9.570206443686049,0 -35.70406565200662,-9.569903903301562,0 -35.70248987054777,-9.569032609761372,0 -35.70171613071147,-9.568599058910277,0 -35.70089841169005,-9.56821467268592,0 -35.70004942493861,-9.567704280835953,0 -35.70022456542623,-9.567306925064239,0 -35.70043351815389,-9.567420234482265,0 -35.70107911252554,-9.568134977391269,0 -35.70173280175945,-9.568509689332304,0 -35.70476267205269,-9.570149993202044,0 -35.70653168479009,-9.572266482583396,0 -35.70677606613473,-9.572295327216256,0 -35.70618124116316,-9.569130772453738,0 -35.70585970980736,-9.567630881048691,0 -35.70556989597113,-9.566973872133635,0 -35.70561236659204,-9.566758189696598,0 -35.70574756050011,-9.566709604576596,0 -35.70697270778979,-9.57258803189369,0 -35.70725661656837,-9.5726749867336,0 -35.70741184095463,-9.57282385725237,0 -35.70746294905421,-9.572937478746457,0 -35.70744747171418,-9.57308868089819,0 -35.70738362112157,-9.573223700189565,0 -35.70724316742731,-9.57333192447649,0 -35.70702908572833,-9.573375817643154,0 -35.7068907204055,-9.573330365042912,0 -35.70671314610104,-9.573168448941596,0 -35.70422544671496,-9.573860862254154,0 -35.70371400052157,-9.57422966500205,0 -35.70311511180488,-9.574895665290898,0 -35.70266500782463,-9.575702919598376,0 -35.70169063961072,-9.577575394770088,0 -35.70253437142258,-9.577951291546555,0 -35.70347131555412,-9.578323677585582,0 -35.70445505640603,-9.57877622996583,0 -35.70475244967185,-9.57901565010659,0 -35.70495062884745,-9.579285963015826,0 -35.70513814029806,-9.579592358750297,0 -35.70522725816318,-9.579963605802138,0 -35.70526959186841,-9.580384877125034,0 -35.70527699040714,-9.58124102148957,0 -35.70534779997347,-9.58166585196999,0 -35.70549826420535,-9.582034218681802,0 -35.70598223899852,-9.582623367235614,0 -35.70671449262575,-9.583579770622778,0 -35.70668731635924,-9.583736711562636,0 -35.70657864094868,-9.583811719490877,0 -35.70685720985444,-9.584245177834449,0 -35.70565469618325,-9.585362325207033,0 -35.70512871537975,-9.584763927355663,0 -35.70397750309489,-9.584798591893247,0</coordinates></LineString></Placemark><Placemark><name>0809 - T.I. Benedito Bentes / Selma Bandeira</name><styleUrl>#style_ida</styleUrl><LineString><tessellate>1</tessellate><coordinates>-35.72623581393614,-9.549559449363857,0 -35.7258591558185,-9.549924544263014,0 -35.7262416421635,-9.550109023254297,0 -35.72772918663574,-9.548572247036423,0 -35.73011530258974,-9.550830053175606,0 -35.72989930931382,-9.551178520870526,0 -35.72993655331012,-9.551598445170804,0 -35.72998500617165,-9.553251102514198,0 -35.72997441899506,-9.554371660762433,0 -35.72988247490001,-9.554659485393282,0 -35.72912510996734,-9.555439285114995,0 -35.72678467413149,-9.557730834515954,0 -35.72575281276563,-9.55900666430833,0 -35.72483939333098,-9.560360723337798,0 -35.72474453549894,-9.56054649377273,0 -35.72528407297364,-9.560930200331338,0 -35.7252657883342,-9.56116956029483,0 -35.72516192360241,-9.561401188329002,0 -35.72473935024635,-9.562134278164118,0 -35.72331132302276,-9.565034871902823,0 -35.7230260572628,-9.565671242955002,0 -35.72224513499486,-9.56672094347697,0 -35.7217934364352,-9.567252084531493,0 -35.72135729400877,-9.567521098971408,0 -35.72137122278399,-9.567759910908757,0 -35.72207425083928,-9.568128678338091,0 -35.72132311881003,-9.569995018849303,0 -35.72065126139868,-9.571726254834621,0 -35.72036726704852,-9.574246832472788,0 -35.72019795415269,-9.575808954360179,0 -35.72007806085583,-9.576247392797763,0 -35.72024606134231,-9.57682839163633,0 -35.72058843846111,-9.577881717958878,0 -35.72060589142546,-9.578846440955067,0 -35.7208272361702,-9.579797444244,0 -35.72081474427897,-9.580055395212515,0 -35.72072264798886,-9.580344092515322,0 -35.72057324503326,-9.580639061751041,0 -35.72008474273478,-9.58128933369295,0 -35.71770857906577,-9.583214589984038,0 -35.71661082397424,-9.584281132808853,0 -35.71597264965352,-9.584722534751629,0 -35.71554485125357,-9.58494424720857,0 -35.71535120049827,-9.585097707760829,0 -35.71534909743502,-9.585232995597636,0 -35.71538327258033,-9.585323926848334,0 -35.71572253731058,-9.585512944261351,0 -35.71544568766475,-9.586164739501836,0 -35.71505575832627,-9.586780953055971,0</coordinates></LineString></Placemark><Placemark><name>0001 Terminal X Cruzeiro</name><styleUrl>#style_ida</styleUrl><LineString><tessellate>1</tessellate><coordinates>-35.80370115072835,-9.536098978342968,0 -35.80386651185255,-9.534577929205824,0 -35.80395472025785,-9.533956655802305,0 -35.80701417348719,-9.534235877491033,0 -35.81024100494134,-9.534612009924526,0 -35.8099948279819,-9.536771461414556,0 -35.81832217505532,-9.537667850443924,0 -35.81818084176056,-9.538400074345624,0 -35.81814950583186,-9.538725395897945,0 -35.8184293926167,-9.539856103859037,0 -35.82094766832122,-9.540202740291727,0 -35.82170145722448,-9.540306674692328,0 -35.82195879666769,-9.53842798390435,0 -35.8182684539271,-9.537945911926158,0 -35.81812883850709,-9.538539206989718,0 -35.81781518260719,-9.537576813161476,0 -35.81514512443568,-9.537357657380227,0 -35.8146004383804,-9.539249120439194,0 -35.81427459691481,-9.54065488614906,0 -35.81433098141101,-9.54099747602054,0 -35.81462837871531,-9.541564024396996,0 -35.81470042030388,-9.542149905057528,0 -35.81461694115283,-9.542627215426405,0 -35.81429800696593,-9.543077804485803,0 -35.81380039273355,-9.543443714444171,0 -35.81352122981755,-9.5436846478643,0 -35.81324658375998,-9.544312277822275,0 -35.81299758056883,-9.54550089516411,0 -35.81270876788133,-9.546453870326145,0 -35.81229730011498,-9.547973658546942,0 -35.81222266145073,-9.548154466070303,0 -35.81129800315558,-9.549261395118414,0 -35.81078303382635,-9.55005302076097,0 -35.81060693905947,-9.551163888363522,0 -35.81051110127632,-9.552118171066176,0 -35.81051603388481,-9.552193788700373,0 -35.81057122110819,-9.552242024322332,0 -35.81059493849063,-9.552303131693774,0 -35.8105810543673,-9.552368284294388,0 -35.81052027882619,-9.552406516409,0 -35.81042746479456,-9.5523864474137,0 -35.8104112134156,-9.552381626509522,0</coordinates></LineString></Placemark><Placemark><name>0001 Terminal X Cruzeiro</name><styleUrl>#style_ida</styleUrl><LineString><tessellate>1</tessellate><coordinates>-35.78312697090682,-9.54221329639038,0 -35.78352204466958,-9.541526071640394,0 -35.78306112595158,-9.541304211467724,0 -35.78443629910744,-9.538813031985086,0 -35.78451529369468,-9.53885119674011,0 -35.78479301326916,-9.538315938075886,0 -35.78539944588499,-9.537211807628115,0 -35.79123062282183,-9.540432645292997,0 -35.79307505192527,-9.537170774867576,0 -35.79424462146434,-9.535212205238258,0 -35.79589125386767,-9.532343655484707,0 -35.7960166476949,-9.532490435220708,0 -35.79525730637117,-9.533807990967613,0 -35.79534960383153,-9.534220068797572,0 -35.79562686390495,-9.534453928560325,0 -35.79704700766609,-9.535106141895266,0 -35.79805030234541,-9.535437804587822,0 -35.79921617159573,-9.53561321159395,0 -35.80113943339643,-9.535813874721558,0 -35.80283048148603,-9.535983041945888,0 -35.80370803308416,-9.536101623055758,0</coordinates></LineString></Placemark><Placemark><name>0604 Eustáquio Gomes / Cruz das Almas</name><styleUrl>#style_ida</styleUrl><LineString><tessellate>1</tessellate><coordinates>-35.78314335988205,-9.542224266990507,0 -35.78353857290585,-9.541461015941673,0 -35.78180402638041,-9.5405894937503,0 -35.78096419786971,-9.540205159219163,0 -35.78150761294007,-9.539241617940084,0 -35.78277008736841,-9.53690314151242,0 -35.78324214144297,-9.53608033975172,0 -35.78453206767303,-9.536794866372137,0 -35.78936802185477,-9.53939327153688,0 -35.79139897493634,-9.540492139424755,0 -35.79106963242128,-9.541055105585679,0 -35.79002671033903,-9.542760243836472,0 -35.78701744388012,-9.548291278364706,0 -35.78196757759343,-9.556903843432934,0 -35.78083636528006,-9.559156257812125,0 -35.78066136102942,-9.559734366659375,0 -35.77961154359672,-9.561727470194601,0 -35.77961154853863,-9.561952043793118,0 -35.77906956694618,-9.5631891218087,0 -35.77813093665263,-9.565088186946152,0 -35.77797597481936,-9.565379622853706,0 -35.77787912374266,-9.565714057099704,0 -35.77797113269492,-9.565862163599581,0 -35.77796144788739,-9.566153599231637,0 -35.7778645966216,-9.566435479908803,0 -35.7774603236921,-9.566671260919277,0 -35.77708061183834,-9.566618499130675,0 -35.7768025140233,-9.567146130879529,0 -35.77667416112181,-9.567404670126262,0 -35.77644419510163,-9.567879538226164,0 -35.77613400699849,-9.568433552153158,0 -35.7756207262389,-9.56949295851793,0 -35.77493061281525,-9.570621583935438,0 -35.77363623140995,-9.572405761387849,0 -35.76979111581529,-9.577661096614111,0 -35.76122091962455,-9.588921144742553,0 -35.76012063676252,-9.590345716461833,0 -35.75191902996419,-9.595221744503052,0 -35.746813604246,-9.603211116260047,0 -35.74282026088746,-9.60471879768179,0 -35.74089752280925,-9.606907317986694,0 -35.73986212760568,-9.613132488530548,0 -35.7395803670979,-9.616261041421732,0 -35.73943312999679,-9.617882886334987,0 -35.73874568078836,-9.62341405883477,0 -35.7378870603565,-9.628131791008562,0 -35.73869688575675,-9.628470687575993,0 -35.73918080974552,-9.627387895625906,0 -35.73683717207156,-9.626337477416357,0 -35.73618791226129,-9.627932018091427,0 -35.72743274726444,-9.624139154877648,0 -35.72592395324649,-9.62388877735827,0 -35.724855918186,-9.62322376122708,0 -35.72379839059766,-9.622889943199711,0 -35.7163439885438,-9.62309673670731,0 -35.71456205644077,-9.619901263076766,0 -35.71354684180125,-9.618552094748635,0 -35.71295463892385,-9.617634107145113,0 -35.7127854402151,-9.6168273917416,0 -35.71305334239443,-9.616243219404707,0 -35.71348989200664,-9.616007503338171,0 -35.71443459394236,-9.615840599326292,0 -35.71766254959321,-9.615493802657937,0 -35.7185242816286,-9.615400434830919,0 -35.71890196164224,-9.615542551266051,0 -35.72410036840544,-9.62219439791068,0 -35.72437323196472,-9.622553280898975,0 -35.7243768685268,-9.622794052883195,0 -35.72404722687084,-9.622981111280376,0 -35.72029836106774,-9.623108867885227,0 -35.71840301952759,-9.623155985982972,0 -35.7179562330258,-9.623169681547346,0 -35.71751236697094,-9.623270077765234,0 -35.71700064755862,-9.62336489567223,0 -35.71665290293799,-9.62344298087721,0 -35.71652285116906,-9.623576842685445,0 -35.71648429818541,-9.623818063567867,0 -35.71669674675231,-9.62472218283021,0 -35.7170245220419,-9.625716108753792,0 -35.71711556990019,-9.626159183082578,0 -35.71707914789331,-9.626668120035797,0 -35.71700982956473,-9.627990085547271,0 -35.71628455461092,-9.629804517667186,0 -35.71531632416964,-9.631501014692905,0 -35.71542713013614,-9.632897901543803,0 -35.71588578269256,-9.634493937625248,0 -35.71597495993237,-9.6364040662117,0 -35.71436970392587,-9.63636636206516,0 -35.71394928046536,-9.636768559317932,0 -35.71370371609434,-9.636893331167112,0 -35.71309971859299,-9.636829321684273,0 -35.71260013075078,-9.636633748039282,0 -35.7122457200864,-9.636323551522551,0 -35.7114071146601,-9.635491435893163,0 -35.71089296544316,-9.635333872386608,0 -35.70979789421293,-9.635300083975633,0 -35.70916893939562,-9.635250843714477,0 -35.7085449732919,-9.634975108297898,0 -35.70739160342882,-9.63438069470057,0 -35.70495179246343,-9.634708873393901,0 -35.70345463044155,-9.635037040470692,0 -35.70300989504528,-9.635282759905804,0 -35.70284576257379,-9.635423513428325,0 -35.70276703627449,-9.635573053490928,0 -35.70276901809233,-9.635734523474431,0 -35.70287252029847,-9.635857860446032,0 -35.70299739257342,-9.636035580739556,0 -35.70396624613929,-9.637492402401023,0 -35.70447062011271,-9.638201960280357,0 -35.70509633224889,-9.63881694610476,0 -35.70416612721576,-9.63878839837738,0 -35.70420383034205,-9.637888541500956,0 -35.70076587544147,-9.632755530539773,0 -35.698549456346,-9.62886863419833,0 -35.6981031652032,-9.628120388939239,0 -35.69769355968881,-9.627289677661308,0 -35.69780946688302,-9.62718108005545,0 -35.69803577646026,-9.627583291362054,0 -35.69831015304666,-9.628356136860111,0 -35.69912903802238,-9.62972359738046,0 -35.69856010597706,-9.629852607646178,0 -35.69670864209292,-9.629911663615415,0 -35.6967378966241,-9.630317644973642,0 -35.69696544120647,-9.630276961306482,0</coordinates></LineString></Placemark><Placemark><name>0812 T.I. Benedito Bentes / Carminha</name><styleUrl>#style_ida</styleUrl><LineString><tessellate>1</tessellate><coordinates>-35.72638892404802,-9.549410649544305,0 -35.72591186617638,-9.549892350114465,0 -35.72602319056155,-9.55003077465121,0 -35.72614824003283,-9.550084940798811,0 -35.72627938950114,-9.550045820802215,0 -35.72773896927173,-9.548552107827074,0 -35.72837570291366,-9.549193352229308,0 -35.7292358730022,-9.55002517608105,0 -35.73006488240905,-9.550797976718973,0 -35.72990214579168,-9.551112120865746,0 -35.72997997399072,-9.554304731545882,0 -35.72923350306878,-9.555269786586802,0 -35.72755621735833,-9.556883691022078,0 -35.72635498547349,-9.558145041185755,0 -35.72469900907539,-9.56049840590021,0 -35.72510901899506,-9.560776762134173,0 -35.72521768064266,-9.560869510856296,0 -35.72527030405317,-9.560980769075911,0 -35.72527472332521,-9.561079187808668,0 -35.72523581258025,-9.56118930988384,0 -35.72513558768495,-9.561426090196578,0 -35.72477219089326,-9.561227787066464,0 -35.72306177822643,-9.560164450068106,0 -35.72298044683475,-9.560113057818699,0 -35.72316382587399,-9.559815650675379,0 -35.72330887567124,-9.559746046465365,0 -35.72348029625749,-9.559713723858597,0 -35.72341932876896,-9.559404971927025,0 -35.72342709845908,-9.557899816724845,0 -35.72337564119269,-9.557744379901699,0 -35.72192738321345,-9.556239765971602,0 -35.72036765453467,-9.554779021858563,0 -35.71950206735252,-9.554737852448653,0 -35.71537612815398,-9.554723680969177,0 -35.71508372870282,-9.554761528970053,0 -35.71352299985909,-9.557577744637157,0 -35.71371790628113,-9.557943616362552,0 -35.71414949269224,-9.55828849023246,0 -35.71416572679037,-9.558434532609503,0 -35.71406823172185,-9.558621650637274,0 -35.71340573072831,-9.558998165519949,0 -35.7141729522021,-9.560225084505333,0 -35.71416266637028,-9.56030920275357,0 -35.71271609161995,-9.561141760315685,0 -35.71239822598528,-9.561391486880025,0 -35.71240167882135,-9.561524940009754,0 -35.71144556523709,-9.562099577021955,0 -35.709957051646,-9.562971842222504,0 -35.70848857991019,-9.56379465733256,0</coordinates></LineString></Placemark><Placemark><name>1018 - Alto do Cruzeiro / AL 101 Norte (Andraújo)</name><styleUrl>#style_ida</styleUrl><LineString><tessellate>1</tessellate><coordinates>-35.66086350464941,-9.57620739843539,0 -35.66116065849034,-9.575811054417638,0 -35.66156977506006,-9.57547568570068,0 -35.66213126127438,-9.575207088767234,0 -35.66645833764344,-9.575100784091633,0 -35.66762465800758,-9.574494445243243,0 -35.66801886645096,-9.574367898422695,0 -35.66987145032761,-9.573703221624676,0 -35.67020610230072,-9.573691578198115,0 -35.67055423735999,-9.573757853958158,0 -35.67126881948897,-9.574035970581546,0 -35.6719968244176,-9.574528820858921,0 -35.67234032738293,-9.57495412281869,0 -35.67256263391334,-9.57548588193318,0 -35.67222249165106,-9.575927054335477,0 -35.67174339353173,-9.576329854669625,0 -35.67005842244585,-9.577489826728602,0 -35.6682874158538,-9.578723094624616,0 -35.668023681469,-9.579477969936688,0 -35.66845916574531,-9.580619196011842,0 -35.66905407198615,-9.581302581355876,0 -35.66996523067873,-9.581905679615465,0 -35.67007987633184,-9.582394606241182,0 -35.6700094772626,-9.58288896892824,0 -35.66898398768112,-9.584894268339523,0 -35.66688779140427,-9.585867310126732,0 -35.66661506725977,-9.585957959024379,0 -35.66648932211949,-9.586133139744978,0</coordinates></LineString></Placemark><Placemark><name>0805 - T.I. Benedito Bentes / Guaxuma</name><styleUrl>#style_ida</styleUrl><LineString><tessellate>1</tessellate><coordinates>-35.72631183385088,-9.549511306421156,0 -35.7258750234386,-9.549915140331231,0 -35.72610707846499,-9.55015071045237,0 -35.72771098779568,-9.548569023318755,0 -35.72941048164646,-9.550218011040089,0 -35.73011347820521,-9.550870881357511,0 -35.72997014952875,-9.551059337788647,0 -35.72998380093422,-9.552055461895526,0 -35.72997784251902,-9.553469967768468,0 -35.72997996745474,-9.554537976467342,0 -35.72817493674842,-9.55639485733788,0 -35.73018586544843,-9.558352668559841,0 -35.72883232969468,-9.563568856988736,0 -35.72970556100736,-9.563736375250931,0 -35.73007628646131,-9.56432043415756,0 -35.73003661415625,-9.564662429325391,0 -35.73002402299633,-9.564734385702485,0 -35.72998561695161,-9.564726367383766,0</coordinates></LineString></Placemark><Placemark><name>4013 - T.I. Eustáquio Gomes / Forene (J. Saúde)</name><styleUrl>#style_ida</styleUrl><LineString><tessellate>1</tessellate><coordinates>-35.79814658054215,-9.535470655737932,0 -35.79682134950618,-9.535019149381196,0 -35.79542333752984,-9.534306771194235,0 -35.7952866371356,-9.534072471993658,0 -35.79525066392042,-9.533823973148397,0 -35.79604301280538,-9.532461996630976,0 -35.79226843544997,-9.530253866863665,0 -35.79039317559538,-9.533463870229612,0 -35.78600643773508,-9.530944772167372,0 -35.78424838284002,-9.53387764041595,0 -35.78318442604925,-9.53619721569718,0 -35.78203444185641,-9.538180859435252,0 -35.78132127501401,-9.539461871907255,0 -35.78096991297262,-9.540164090797251,0 -35.78351915375264,-9.54154723164814,0 -35.78309628820894,-9.542250024596703,0</coordinates></LineString></Placemark><Placemark><name>0027 - Vila Saem / Centro</name><styleUrl>#style_ida</styleUrl><LineString><tessellate>1</tessellate><coordinates>-35.74308175167414,-9.626327732273184,0 -35.74325332031643,-9.626447557855943,0 -35.7437992538843,-9.625690180023497,0 -35.74410338564702,-9.625465876011138,0 -35.74428645522568,-9.625407615179768,0 -35.74451945093722,-9.625364738165672,0 -35.74464641845569,-9.625239477099484,0 -35.74458145766481,-9.624930694578367,0 -35.74447367655075,-9.623846242819909,0 -35.74440960584693,-9.62377901254774,0 -35.7444004517078,-9.62367064026172,0 -35.74399767348378,-9.62354721628776,0 -35.74293177534094,-9.625307264226748,0 -35.74374859016652,-9.625834241193589,0 -35.74274968045995,-9.627148863263583,0 -35.74172565212366,-9.62844488986646,0 -35.74079052943866,-9.630412877998179,0 -35.73991885038064,-9.632392323107883,0 -35.73953925710045,-9.633101765793699,0 -35.73932072369006,-9.634010703884268,0 -35.73926800142016,-9.634188315940715,0 -35.73914782858186,-9.634358656050747,0 -35.73888566436262,-9.634653631744573,0 -35.73828569265699,-9.6350848242937,0 -35.73766074506815,-9.635433532782262,0 -35.73632708639793,-9.636122975929245,0 -35.73611718058648,-9.637256133329469,0 -35.7375165419682,-9.637900366675291,0 -35.73771984947641,-9.637078878774137,0 -35.73484202976002,-9.635831880439719,0 -35.73330683300072,-9.639363220519488,0 -35.73238645296623,-9.639003560108431,0 -35.73200981412363,-9.638959936494464,0 -35.73339739963946,-9.636092034953716,0 -35.73609433631045,-9.637310978572431,0 -35.73538571481436,-9.641126864293566,0 -35.73504738313118,-9.642445348607051,0 -35.73801403204114,-9.643718167937125,0 -35.73769607176024,-9.644640760571773,0 -35.74221716020211,-9.646594010481905,0 -35.74182329698068,-9.647502543157705,0 -35.7394187384055,-9.646534668943872,0 -35.73915202570389,-9.64716425380968,0 -35.73889483839866,-9.64707968238343,0 -35.73748187653587,-9.649970189505458,0 -35.73899896669043,-9.651036161925436,0 -35.73937239963342,-9.650354568513972,0 -35.73949215677568,-9.650030443906276,0 -35.73956883580176,-9.649431583482016,0 -35.73967888959648,-9.648820844716269,0 -35.73399796822686,-9.647835299395735,0 -35.73344137739977,-9.650454384171695,0 -35.73377321273041,-9.651276030104864,0 -35.73382160677662,-9.653312892563312,0 -35.73471725794511,-9.65548866411475,0 -35.73612544382905,-9.658521079223306,0 -35.73651545830382,-9.659009601331162,0 -35.7370216025023,-9.659457982469656,0 -35.73795613610857,-9.66005094927105,0 -35.73890945661583,-9.660472509126546,0 -35.73876857264613,-9.660782889757648,0</coordinates></LineString></Placemark><Placemark><name>1000 - Trapiche / Pontal</name><styleUrl>#style_ida</styleUrl><LineString><tessellate>1</tessellate><coordinates>-35.76132187868119,-9.674256098766454,0 -35.7617827363829,-9.673758007340997,0 -35.76235077188386,-9.673560736346728,0 -35.76281688940293,-9.673543343077139,0 -35.76305911565538,-9.67351575843884,0 -35.76302609954161,-9.673422740572281,0 -35.76293916583263,-9.673323376704573,0 -35.76279812963155,-9.673208071395212,0 -35.76078611771135,-9.672614484451008,0 -35.75961746394314,-9.676520738738242,0 -35.75394368892057,-9.674867326113295,0 -35.7534728224261,-9.676108882085986,0 -35.75890431190439,-9.679742855183317,0 -35.75928868216188,-9.67990940204128,0 -35.75941497902731,-9.680139275389637,0 -35.76175367266842,-9.682031245729167,0 -35.76321455609526,-9.68342393638143,0 -35.76597837756191,-9.686130006331064,0 -35.76766308530233,-9.687643197151859,0 -35.7692892357116,-9.68918102263868,0 -35.77260349521529,-9.692396169409601,0 -35.77360445354182,-9.691270574266786,0</coordinates></LineString></Placemark><Placemark><name>1019 - Alto de Ipioca</name><styleUrl>#style_ida</styleUrl><LineString><tessellate>1</tessellate><coordinates>-35.61236680626847,-9.526548842631675,0 -35.61111073984767,-9.526827987224571,0 -35.6098646954167,-9.527028437797536,0 -35.60683877686104,-9.526876470521405,0 -35.60661324667401,-9.527190075946988,0 -35.60646081585129,-9.527262158507668,0 -35.60671324750228,-9.527917307385707,0 -35.60683286936105,-9.52815901846242,0 -35.60696648454768,-9.528280411969888,0 -35.6070555615659,-9.528337969430229,0 -35.60717638210093,-9.52837060681777,0 -35.60732600879269,-9.528401723791095,0 -35.60749122566701,-9.528398180600261,0 -35.60782884251419,-9.52836982786605,0 -35.60780828849057,-9.52839992302743,0 -35.60729557768736,-9.528425616253786,0 -35.60704919872867,-9.528360992122924,0 -35.60686574259593,-9.528232272818867,0 -35.6067246494727,-9.528028719321508,0 -35.60653257081951,-9.527523662689026,0 -35.606404819365,-9.527157153645536,0 -35.60537929709633,-9.526572883188072,0 -35.6049624357787,-9.526403882981834,0 -35.60473748866503,-9.526403816118396,0 -35.60376549832347,-9.526650094760736,0 -35.60267158140362,-9.524989389588224,0 -35.60145417059312,-9.523377401785917,0 -35.59836204616106,-9.520082295808445,0 -35.59614069850752,-9.517945809310818,0 -35.5954917563534,-9.517338207470726,0 -35.59505273976923,-9.516706904509325,0 -35.5945779680948,-9.515595535656413,0 -35.59161265319707,-9.508747397064974,0 -35.59057115363665,-9.507465920395868,0 -35.58959982087286,-9.506111031580643,0 -35.58770670559082,-9.503365439741373,0 -35.58747597630811,-9.502732599822076,0 -35.58741048981288,-9.502497719837123,0 -35.58751226019088,-9.502224335843021,0 -35.58754809208013,-9.501954053958201,0 -35.58789504427583,-9.501679125667295,0 -35.58831575604067,-9.501560015574425,0 -35.58836343509204,-9.501181752224724,0 -35.58852084939124,-9.500813817533444,0 -35.58903980361126,-9.50049152902979,0 -35.58933876234461,-9.500361113706424,0 -35.5896223563617,-9.500343877123035,0 -35.58989571507793,-9.500315842381669,0 -35.59021416989538,-9.500010144191577,0 -35.59062877900647,-9.499846753530479,0 -35.59108330557504,-9.499758794081774,0 -35.59197681405744,-9.49950254939388,0 -35.59243208274177,-9.499393185347246,0 -35.59284799401551,-9.499235047663845,0 -35.59413427945606,-9.498753347740363,0 -35.59542090746906,-9.49828949602217,0 -35.5955406700382,-9.498314915825793,0 -35.59571056472448,-9.498446216600248,0 -35.59595309246514,-9.498503443182795,0 -35.59619218608726,-9.498539701728054,0 -35.59656217064335,-9.498731237776427,0 -35.59653757850243,-9.499535465557523,0 -35.59660647265797,-9.499819269808755,0 -35.59669745887774,-9.500119187429855,0 -35.59672790580884,-9.500313536250939,0 -35.59673502579841,-9.50054730111154,0 -35.59668218819088,-9.500802092208948,0 -35.59679085103654,-9.501195356256353,0 -35.59686558169041,-9.501607824732373,0 -35.5968720330504,-9.501652183210242,0 -35.59644239758112,-9.501785292560621,0 -35.59439789957716,-9.50246367157147,0 -35.59376735116376,-9.502699230720205,0 -35.59313506956882,-9.502888806213686,0 -35.59184753044147,-9.503225780958843,0 -35.59182724970857,-9.503182281376272,0 -35.59273237693914,-9.502969309524985,0 -35.59363119921482,-9.502708905809108,0 -35.59523921395957,-9.50215000729741,0 -35.59684374192055,-9.501621242137613,0 -35.59677286576226,-9.501223918724804,0 -35.59666411720721,-9.500843616913341,0 -35.59670129951378,-9.50062016364428,0 -35.59671230271417,-9.500414153868322,0 -35.59671384625415,-9.50032633663772,0 -35.59669943569428,-9.500236845637021,0 -35.59665880757721,-9.500060973868255,0 -35.5965505739247,-9.49970448920227,0 -35.59651724939544,-9.499560257967998,0 -35.59653441628074,-9.49873859521473,0 -35.59616398674734,-9.498560821060003,0 -35.59578637243212,-9.498503459515263,0 -35.59546466674733,-9.498337377460857,0 -35.59307429705918,-9.499201155332512,0 -35.59250068501333,-9.49939480013203,0 -35.59192860896878,-9.499543003576747,0 -35.59155134436025,-9.499633239943938,0 -35.5912011814107,-9.499781109794545,0 -35.59083135671939,-9.499822573410576,0 -35.59065669130781,-9.499867612737342,0 -35.59049883364667,-9.49992866260006,0 -35.59024519209536,-9.500039047712235,0 -35.58981130192563,-9.500371670595447,0 -35.58923735428958,-9.500372067868254,0 -35.58866752617703,-9.500686553140145,0 -35.58847335496262,-9.500985759268513,0 -35.58836633150013,-9.501303709605246,0 -35.58834950397329,-9.501518960573787,0 -35.58819589157966,-9.50163152204948,0 -35.58789563012171,-9.501713569454832,0 -35.58768343791631,-9.501865274427999,0 -35.58756764491495,-9.502013982287247,0 -35.58749633220985,-9.50218228790139,0 -35.58743831538928,-9.502552569029286,0 -35.58732352373112,-9.502538791867725,0 -35.58508030305278,-9.499031258134018,0 -35.58247886878304,-9.495769833479597,0 -35.57954210942662,-9.492990109024667,0 -35.57705932033124,-9.490470937500234,0 -35.57536887069836,-9.488174593041382,0</coordinates></LineString></Placemark><Placemark><name>4015 - T.I. Eustáquio Gomes / Jardim Amarílis. (via Flamboyantes)</name><styleUrl>#style_ida</styleUrl><LineString><tessellate>1</tessellate><coordinates>-35.78315727532673,-9.542181188333208,0 -35.78353347730315,-9.54152046064088,0 -35.78096033711654,-9.540181633336934,0 -35.78323186211007,-9.536088443255625,0 -35.78249195020513,-9.535668257697306,0 -35.78233914386589,-9.535606166912096,0 -35.78215337896529,-9.535748088657304,0 -35.78189412375923,-9.535750436572345,0 -35.78167240462685,-9.535599644522451,0 -35.78161924024919,-9.535423850278043,0 -35.78163422126595,-9.5352671448427,0 -35.78089389853317,-9.534819823913672,0 -35.78071712297662,-9.53492035172058,0 -35.7804774271013,-9.534988355696038,0 -35.78023773108459,-9.534920351238435,0 -35.78013632340763,-9.53480550836028,0 -35.78006141856758,-9.534636976364215,0 -35.78004643766881,-9.534338349564436,0 -35.77936765441148,-9.533983892345557,0 -35.77924181453497,-9.533921801555838,0 -35.7790950010823,-9.534081463303474,0 -35.77875343476463,-9.534102159755317,0 -35.7786156097298,-9.53400458819432,0 -35.77851074283946,-9.533883362916136,0 -35.77848060146368,-9.533511057588763,0 -35.7777098042767,-9.533115816924097,0 -35.77746092324941,-9.533251321393253,0 -35.77720716705939,-9.533279591040552,0 -35.77689952150737,-9.533098376020801,0 -35.77682858128211,-9.5328951941164,0 -35.77685845281024,-9.532682043378031,0 -35.77607890947576,-9.532253757199129,0 -35.77579187676547,-9.532362725491904,0 -35.77558144324173,-9.532393271085912,0 -35.77541370148413,-9.532316173986327,0 -35.77522998961341,-9.532171330640903,0 -35.77517943742945,-9.532003531116441,0 -35.77519782013639,-9.531833464175016,0 -35.77489907158672,-9.531633321561024,0 -35.7747290323675,-9.531599308261484,0 -35.77464401279429,-9.531495000583933,0 -35.77431082800842,-9.531540351620567,0 -35.77284958161687,-9.531561655764499,0 -35.77186400366305,-9.531658397998722,0 -35.77112263987998,-9.531801619916495,0 -35.7695179309797,-9.532469990639752,0 -35.76892348394228,-9.532623384624843,0 -35.76835392408152,-9.532837706261205,0 -35.76788925237241,-9.533117721584143,0 -35.76745113158054,-9.53344424618089,0 -35.76708576011404,-9.533819627075607,0 -35.76679471062538,-9.534273387430272,0 -35.76648068739253,-9.535233412233916,0 -35.76611623720302,-9.537345233759092,0 -35.76584964197289,-9.538625857639303,0 -35.76550848809084,-9.539459984824628,0 -35.76508630791182,-9.539576635257934,0 -35.76479957019737,-9.53952686159111,0 -35.76510060553444,-9.537695446457956,0 -35.76526876543981,-9.5356949921487,0</coordinates></LineString></Placemark><Placemark><name>4014 - T.I Eustáquio Gomes / Novo Jardim - J. Royal</name><styleUrl>#style_ida</styleUrl><LineString><tessellate>1</tessellate><coordinates>-35.78313263935838,-9.54222313141091,0 -35.78353319119584,-9.541492882755081,0 -35.78102166650731,-9.540204405885977,0 -35.78083984009957,-9.540230321260895,0 -35.78056030104543,-9.540032953144843,0 -35.78061636451567,-9.539812952474655,0 -35.78000922021369,-9.539473731011928,0 -35.77903782688098,-9.541301754496212,0 -35.77923513014807,-9.541401050889506,0 -35.77884630838891,-9.542050859965734,0 -35.77136548643457,-9.538119183345701,0 -35.77143381709406,-9.537904264351067,0 -35.77124265856994,-9.537781868383481,0 -35.77255113927468,-9.53541187314507,0 -35.77265217064594,-9.535477378616603,0 -35.77274883754537,-9.535473269317176,0 -35.77394977943068,-9.53612926787288,0 -35.77414949339834,-9.535994603310536,0 -35.77436832765118,-9.53595707832688,0 -35.77463143596992,-9.53606173044247,0 -35.77472095793235,-9.536208535553907,0 -35.77479508740295,-9.536402100830163,0 -35.77473735519706,-9.53656463477559,0 -35.7755392339239,-9.536988018090158,0 -35.77578192366403,-9.53682808651032,0 -35.77605211107978,-9.53682288957976,0 -35.77622835560201,-9.53693391685664,0 -35.77633844106273,-9.53711759116883,0 -35.77635626940721,-9.537238988074712,0 -35.77632770212864,-9.537347330238648,0 -35.77638248897211,-9.537400204075634,0 -35.7768570618888,-9.537645361216994,0 -35.7771852559992,-9.537827911054737,0 -35.77741088611457,-9.537659532703708,0 -35.77753622753131,-9.537659686645757,0 -35.77765849260632,-9.53768371284791,0 -35.7777593600002,-9.537707344918784,0 -35.77784879476465,-9.537767734496933,0 -35.77793192106987,-9.537929495619402,0 -35.77795936910006,-9.538091334308863,0 -35.77795399552421,-9.538216675996349,0 -35.77829781767187,-9.538428933669167,0 -35.77902097008072,-9.53710057448334,0 -35.77348433709307,-9.534147025907984,0 -35.77390718570994,-9.533335411553642,0</coordinates></LineString></Placemark><Placemark><name>0001 - Madrugadão Village II</name><styleUrl>#style_ida</styleUrl><LineString><tessellate>1</tessellate><coordinates>-35.76034574194811,-9.547809780695461,0 -35.76061713666883,-9.547950977210755,0 -35.76210111335717,-9.54519055154721,0 -35.75860607715323,-9.54346164171463,0 -35.75955650623288,-9.541631377123805,0 -35.75428982758828,-9.538983346535925,0 -35.75237366776523,-9.542661122706201,0 -35.75413814083824,-9.543538486292602,0 -35.75217752286684,-9.547181724569956,0 -35.75090557691689,-9.54670765436132,0 -35.74985004161113,-9.54874780989512,0 -35.75389946744528,-9.55089310556452,0 -35.75236798132821,-9.553763236157922,0 -35.75271439605748,-9.553957455591547,0 -35.75275196650087,-9.554213344064022,0 -35.75261524901249,-9.554338222240293,0 -35.75171081490073,-9.554482121389203,0 -35.75083861330374,-9.554726372979292,0 -35.75000293510208,-9.555138263992955,0 -35.74930469640037,-9.555668394985721,0 -35.74816678106058,-9.556905800901665,0 -35.74760065674408,-9.558058049674822,0 -35.74709873094373,-9.559236031824671,0 -35.7460950621089,-9.561570785577226,0 -35.74442556925318,-9.565662152232887,0 -35.742568037214,-9.569588822803516,0 -35.73896834123161,-9.573828270289155,0 -35.73747519625186,-9.576707402867038,0 -35.73636015346278,-9.579548188314211,0 -35.73478003618037,-9.58357207718535,0 -35.73354013851925,-9.585222589550366,0 -35.72808124360312,-9.589760710645212,0 -35.72604682366306,-9.591604011676251,0 -35.72480325783657,-9.593176097630504,0 -35.72391079869682,-9.595227201520103,0 -35.72347039897226,-9.596935883680926,0 -35.72326673198543,-9.59875093539008,0 -35.72286865152529,-9.602269720595649,0 -35.72232153856526,-9.606430014624754,0 -35.72171267567986,-9.607871813805893,0 -35.7209252083946,-9.609041527762923,0 -35.71852771428893,-9.612092834057046,0 -35.717994526125,-9.612594252456013,0 -35.7178291863496,-9.613854405303133,0 -35.7174911935416,-9.61542475781502,0 -35.71362141396811,-9.616000563540961,0 -35.7129136567447,-9.61636425942719,0 -35.71284546668211,-9.61697337544397,0 -35.71295307057877,-9.617550893026836,0 -35.71342611879465,-9.618463233897048,0 -35.71402975345733,-9.619257015257672,0 -35.71458657515561,-9.619896222568377,0 -35.71507311508088,-9.62094281617273,0 -35.71567052098852,-9.621912339500726,0 -35.71613370606663,-9.622658101890382,0 -35.71659763187837,-9.624311712092668,0 -35.71713338943981,-9.626249594957079,0 -35.71684711019314,-9.628516639297843,0 -35.71528946845947,-9.631471481746592,0 -35.71543270800383,-9.63274598860249,0 -35.71598730939501,-9.635063839711108,0 -35.71594865531991,-9.635686804546324,0 -35.71703395364491,-9.635614305168854,0 -35.7170545168143,-9.636375678526925,0 -35.7181438424229,-9.636265687512621,0 -35.71827850791289,-9.637594975671028,0 -35.71765743817839,-9.639376668842408,0 -35.71789679026462,-9.641648221977185,0 -35.7191965321116,-9.644418918621815,0 -35.71982226787924,-9.646912690845825,0 -35.72017660911114,-9.649721878528661,0 -35.7216933010151,-9.651271985543458,0 -35.72612906868912,-9.658622654137819,0 -35.72565450076286,-9.659181932048636,0 -35.72611593266296,-9.659669557635276,0 -35.7255698999309,-9.660240152445606,0 -35.72654409663883,-9.661421102918384,0 -35.72606147596154,-9.662353462730493,0 -35.72317841591238,-9.665913578751582,0</coordinates></LineString></Placemark><Placemark><name>0001 - Madrugadão Village II</name><styleUrl>#style_ida</styleUrl><LineString><tessellate>1</tessellate><coordinates>-35.72317023947294,-9.665889586532503,0 -35.72302283007788,-9.666100922387557,0 -35.72321551540328,-9.666234707804135,0 -35.72272616575872,-9.666707723010541,0 -35.72259944564635,-9.667181383184433,0 -35.72492117732354,-9.667092017316087,0 -35.72674809858976,-9.667012754579266,0 -35.72678175966825,-9.6657037494552,0 -35.72712476214907,-9.665668009724683,0 -35.72751067829103,-9.665920863643821,0 -35.72757953308477,-9.66730390348013,0 -35.72759639044443,-9.670203712738457,0 -35.72878108415606,-9.67007691863965,0 -35.72891253408845,-9.670164851453936,0 -35.72881677314165,-9.670485157402528,0 -35.72741254181567,-9.671153990620843,0 -35.72566759517221,-9.67261409115596,0 -35.72512918054319,-9.67265272817262,0 -35.72392260631996,-9.672409307636888,0 -35.72191647170623,-9.67335162475634,0 -35.72139424924549,-9.673644957574254,0 -35.72067816100214,-9.673710101483913,0 -35.72021212312217,-9.67431039501814,0 -35.71948330084361,-9.674687268176601,0 -35.71828397378482,-9.6746873712316,0 -35.71757042667803,-9.674287997282251,0 -35.71878813655973,-9.674007315400797,0 -35.71874519857284,-9.67357691408438,0 -35.71831567630231,-9.67290222755393,0 -35.71647452452215,-9.670252322307748,0 -35.71539437598809,-9.668714500661727,0 -35.71374938860395,-9.666943278644965,0 -35.71129174593779,-9.664435766028754,0 -35.71075666306548,-9.663991133038653,0 -35.70910422915257,-9.663140958877348,0 -35.7065374855616,-9.662285110866877,0 -35.70458044791584,-9.661957367795369,0 -35.70022372624702,-9.662474868678084,0 -35.69596330169018,-9.663597656631204,0 -35.6957423207983,-9.66352725521589,0 -35.69636975242114,-9.66232825590513,0 -35.6983054102851,-9.6588166323554,0 -35.69880823307271,-9.65372821326729,0 -35.69991161955372,-9.649676624741307,0 -35.70048925399065,-9.647979557400934,0 -35.69914721256721,-9.643654322069112,0 -35.70068063811065,-9.64323072471879,0 -35.70746071354921,-9.64290805369951,0 -35.71045325482908,-9.642587701463787,0 -35.71289681619356,-9.645339068415375,0 -35.71697367561485,-9.648527694534122,0 -35.71820542886137,-9.650267121698423,0 -35.71917459939205,-9.651244851177463,0 -35.72497101206734,-9.658425917620617,0 -35.7257465584288,-9.659208265624258,0 -35.72604619668833,-9.658643420306836,0 -35.72497104898711,-9.656658409728367,0 -35.72142609582081,-9.651045457032948,0 -35.71997804779121,-9.649614436039693,0 -35.71973761445111,-9.646214913694351,0 -35.71912780801799,-9.643879429486791,0 -35.72062471165373,-9.643717640842743,0 -35.72334868892138,-9.645514346315666,0 -35.7245285473859,-9.647102717450329,0 -35.72542857422665,-9.647345105614015,0 -35.72633991911434,-9.647152965487122,0 -35.7267253567698,-9.646502318220726,0 -35.72668655963991,-9.645932853459202,0 -35.72670871522229,-9.645458295933558,0 -35.72637377256257,-9.645216622721996,0 -35.72617688853794,-9.645253135835839,0 -35.72598466217047,-9.645093723006603,0 -35.72555570265117,-9.645095256961662,0 -35.72557813327652,-9.645231782151766,0 -35.72561960870082,-9.6455562327136,0</coordinates></LineString></Placemark><Placemark><name>4006 - T.I Benedito Bentes / Mocambo</name><styleUrl>#style_ida</styleUrl><LineString><tessellate>1</tessellate><coordinates>-35.72641408534334,-9.549383238099592,0 -35.72588144275053,-9.54993107402271,0 -35.72263620074543,-9.546735289822799,0 -35.7205428849283,-9.548794579007469,0 -35.71757589476819,-9.545904009077809,0 -35.71756161198847,-9.544723259049958,0 -35.71765459347804,-9.544098633629117,0 -35.71997007573355,-9.541768614338562,0 -35.72223530279515,-9.539397113160756,0 -35.72064201717781,-9.538236415942526,0 -35.71983452290824,-9.537611673005404,0 -35.71945088871934,-9.537353957034263,0 -35.71904477509921,-9.5371329434417,0</coordinates></LineString></Placemark><Placemark><name>0999 - João Sampaio / Flexais-Via Chã da Jaqueira</name><styleUrl>#style_ida</styleUrl><LineString><tessellate>1</tessellate><coordinates>-35.7614554736925,-9.606621294992726,0 -35.76207299089116,-9.605296230255778,0 -35.76053389110585,-9.604278564247558,0 -35.75921977037858,-9.603016236687447,0 -35.7565339105508,-9.606074978532188,0 -35.75406863484867,-9.609870921419697,0 -35.74946334179865,-9.611238775574472,0 -35.74925135699095,-9.611470386165346,0 -35.75029817464672,-9.612305558510041,0 -35.75075228772035,-9.612813452519713,0 -35.75135914122283,-9.61481818298973,0 -35.75132182117716,-9.615197274650807,0 -35.75110086253599,-9.615516704430508,0 -35.75063220036866,-9.616082653991647,0 -35.75039426193426,-9.616605606206729,0 -35.75043200848906,-9.617011069195527,0 -35.75053176898606,-9.617233087320663,0 -35.75065082638448,-9.617423586581445,0 -35.75189673270529,-9.618444699189427,0 -35.7526356473401,-9.62047949251193,0 -35.75238332727788,-9.620724456351482,0 -35.75214426014443,-9.621015521865603,0 -35.751735537047,-9.621686210442936,0 -35.75166838932343,-9.6223562999096,0 -35.75166481519851,-9.62302277438569,0 -35.7518931046388,-9.623903141758918,0 -35.75223986637415,-9.624615458453391,0 -35.75252853792956,-9.624130646533821,0 -35.75294970649562,-9.624051110372985,0 -35.75392821842392,-9.62376204087244,0 -35.75441883572064,-9.623596292979768,0 -35.75488101129807,-9.623361878369188,0 -35.75430640736422,-9.623612136175037,0 -35.75371734892425,-9.623804297757038,0 -35.7530661394802,-9.623991534139007,0 -35.7527930970807,-9.624064988446364,0 -35.75252420034907,-9.62411930784579,0 -35.75255569289169,-9.623223996914273,0 -35.75266987586247,-9.622923027499091,0 -35.75293006304459,-9.62259805393669,0 -35.75362032818782,-9.62220243066997,0 -35.75313739149399,-9.622390767663752,0 -35.75272603135743,-9.62274392292959,0 -35.75254258996335,-9.623118749923526,0 -35.75250410417626,-9.624138229008095,0 -35.75406889375441,-9.623717617472519,0 -35.75500416351757,-9.623309513359002,0 -35.75567228423991,-9.622887391483681,0 -35.75608501368693,-9.62346720205535,0 -35.75434888659122,-9.62442647145195,0 -35.75594904571244,-9.623590091603857,0 -35.75712380350832,-9.622874943142252,0 -35.7581614252824,-9.62229843891658,0 -35.75922369628165,-9.621863264227379,0 -35.76075437577251,-9.621347012586819,0 -35.76082566985045,-9.621347012579378,0 -35.76087513923814,-9.621438867603336,0 -35.76093188356698,-9.62152785213758,0 -35.76104537223623,-9.621550815829956,0 -35.76115720946273,-9.621526882938856,0 -35.76119358398707,-9.621423546036219,0 -35.76107282053872,-9.621384794694928,0 -35.76086912310576,-9.621357525104154,0</coordinates></LineString></Placemark><Placemark><name>4003 - T.I Eustáquio gomes / Grand Jardim</name><styleUrl>#style_ida</styleUrl><LineString><tessellate>1</tessellate><coordinates>-35.7831442721308,-9.542196663678308,0 -35.78353542860857,-9.541512023985515,0 -35.78172672377594,-9.540595142588158,0 -35.7809937537539,-9.540216738044586,0 -35.78103696802063,-9.54007154868328,0 -35.78230029974362,-9.537798658367175,0 -35.78325267595644,-9.536122417547531,0 -35.78235019399965,-9.535586816546942,0 -35.78220591497404,-9.535720248838258,0 -35.78192289123114,-9.535755605197593,0 -35.78171490738969,-9.535611237619165,0 -35.78161779856377,-9.5354506349665,0 -35.78165358039072,-9.535267254555125,0 -35.78086622515507,-9.534803306566948,0 -35.78070417083849,-9.534915552745337,0 -35.78045417164118,-9.534975833578883,0 -35.78014812876469,-9.534864957852767,0 -35.78005611824981,-9.534447048430978,0 -35.78016506416876,-9.534226859932362,0 -35.78041774359271,-9.534120541112143,0 -35.78059302783895,-9.534117528378392,0 -35.78115743116799,-9.533142471005627,0 -35.78165423352329,-9.532135968281729,0 -35.78302729263348,-9.529677050734373,0 -35.78457663869475,-9.53054182353674,0 -35.78477826755542,-9.530474579579094,0 -35.78662590820392,-9.527048969715132,0 -35.78411059796399,-9.525649242190699,0 -35.78361728631384,-9.525639235192855,0 -35.7814862121563,-9.52597872524315,0 -35.78140780862731,-9.526080782088261,0 -35.78176354772987,-9.527907209659674,0 -35.77975378792161,-9.526822946709851,0 -35.78012769751868,-9.526111497013739,0 -35.77931828730549,-9.525621754030439,0 -35.77835331991322,-9.525190762298495,0 -35.779598425038,-9.522835534240516,0</coordinates></LineString></Placemark><Placemark><name>0012 - Jose da Silva Peixoto / Centro</name><styleUrl>#style_ida</styleUrl><LineString><tessellate>1</tessellate><coordinates>-35.73840084712381,-9.661650229288322,0 -35.73893235551827,-9.660423537079776,0 -35.73790043472544,-9.659968890652953,0 -35.73680560186491,-9.659263283684382,0 -35.73635042907475,-9.658845361157205,0 -35.73595934498566,-9.658162759580064,0 -35.73551518196718,-9.657134734038127,0 -35.73413461183201,-9.654200539515323,0 -35.73384959262071,-9.65338468548363,0 -35.73377198804234,-9.652169233627605,0 -35.73375886616381,-9.651244882093817,0 -35.73365936507241,-9.650885857035963,0 -35.73344725086947,-9.650480903697405,0 -35.73358014676275,-9.649794846292762,0 -35.73419274927462,-9.646816597257649,0 -35.73383506890327,-9.64670662388171,0 -35.73295181029518,-9.646527016138311,0 -35.73267003252899,-9.646447448220657,0 -35.73247241677035,-9.647533335687843,0 -35.73243006964491,-9.647807456701013,0 -35.73171185580525,-9.647620212874726,0 -35.7315491215976,-9.648409730712531,0 -35.73146432618634,-9.649102682439874,0 -35.72976533137923,-9.648523819454102,0 -35.72682960360854,-9.647090243566604,0 -35.72669518522876,-9.646897179069514,0 -35.72674359061336,-9.645753656581153,0 -35.7266891971479,-9.645510585180432,0 -35.7264053756961,-9.645221041290814,0 -35.7262813905173,-9.645174819552695,0 -35.72618129363485,-9.645260810447578,0 -35.72618325761243,-9.645354063466527,0 -35.72621532442687,-9.645416039589321,0 -35.72670605757276,-9.645964250402436,0 -35.72664819636984,-9.646825498872984,0 -35.72654142685812,-9.64702701872925,0 -35.72614828771605,-9.647327513032067,0 -35.72568531326003,-9.64742698450951,0 -35.72540382685223,-9.647450408917551,0 -35.72513028361379,-9.647420715525243,0 -35.72481272551329,-9.64727569506841,0 -35.72425564339796,-9.646714484254383,0 -35.72317668845027,-9.645285790255537,0 -35.72136413365799,-9.644023664733908,0 -35.72085530730974,-9.643858943866567,0 -35.71919194416447,-9.643716346367324,0 -35.7189997864296,-9.643649246604632,0 -35.71795940534658,-9.641696744464726,0 -35.71765822217844,-9.639466588172578,0 -35.71823558908078,-9.637778412918056,0 -35.7193369943085,-9.637710939204851,0 -35.71948412400829,-9.638347859947993,0 -35.7195330102163,-9.639109710005755,0 -35.71955971611997,-9.639433398321584,0 -35.71964891901062,-9.639716147485164,0 -35.72001685835649,-9.640383471986432,0 -35.72415837946257,-9.640358978054644,0 -35.72423318454732,-9.641646449093876,0 -35.72526944172961,-9.641497405171437,0 -35.72522262804155,-9.641231643798827,0</coordinates></LineString></Placemark><Placemark><name>0004 - Rio Largo via Mata do Rolo</name><styleUrl>#style_ida</styleUrl><LineString><tessellate>1</tessellate><coordinates>-35.85748285479582,-9.485074825878861,0 -35.85586681322079,-9.48607843047471,0 -35.85406527211649,-9.487356437697224,0 -35.85390772060136,-9.487504706357758,0 -35.85387418733951,-9.487429133136034,0 -35.85406195438158,-9.487293257711672,0 -35.85433999039112,-9.48762253718622,0 -35.8543996896028,-9.487697121450063,0 -35.85382602179109,-9.488260714984092,0 -35.85284231320583,-9.488902114454392,0 -35.85249465878587,-9.488421133838639,0 -35.85213615717981,-9.488624492339712,0 -35.85208278042777,-9.488506516315192,0 -35.8529975593494,-9.487846382438581,0 -35.85374058537576,-9.487400835457478,0 -35.85360602889334,-9.48721843855574,0 -35.8531674280419,-9.487058275445767,0 -35.85275910067008,-9.486961321941594,0 -35.85185494556912,-9.486876743720638,0 -35.8498208031001,-9.486751733661333,0 -35.84878858394777,-9.486826481561256,0 -35.84856016665589,-9.486691469148202,0 -35.84813813939488,-9.485374670582495,0 -35.84806322886845,-9.485029026906869,0 -35.84791688855787,-9.484978822469488,0 -35.84772126899695,-9.48504457033064,0 -35.84706939305646,-9.484641191944599,0 -35.84429295904476,-9.483111991247968,0 -35.84198869182247,-9.481809326802834,0 -35.84128513784131,-9.481396594492336,0 -35.84003722999647,-9.480070508979873,0 -35.83863250237316,-9.478709613445552,0 -35.83732414479179,-9.478021561042073,0 -35.83649982973074,-9.47773452012566,0 -35.835567621195,-9.47786515487305,0 -35.83431424152071,-9.478120262587543,0 -35.83347781141043,-9.477879651948232,0 -35.82897988526334,-9.476291206154555,0 -35.82711727511494,-9.475414285123623,0 -35.82576119890054,-9.474869386521311,0 -35.82433138098653,-9.47467672165606,0 -35.82223404211578,-9.4744331324326,0 -35.82209443847361,-9.474222449525588,0 -35.82213318384274,-9.473901915226861,0 -35.82283895691164,-9.47216663860267,0 -35.82350245841136,-9.470517336494606,0 -35.82424978619793,-9.468850298566903,0 -35.82405124583595,-9.468787832514696,0 -35.82333311697538,-9.470499979671043,0 -35.82227878730022,-9.473083651859888,0 -35.82136708796896,-9.475544856342642,0 -35.80825506580753,-9.507812066098273,0 -35.80125423089255,-9.522069554176232,0 -35.79408005269352,-9.535426903863259,0 -35.79190416798593,-9.53919343137562,0 -35.79115901985957,-9.540487714808158,0 -35.78912869396387,-9.539294890252508,0 -35.7853775847961,-9.537246601333129,0 -35.78421644595861,-9.539251569265845,0 -35.78316713760169,-9.541284354022258,0 -35.78339105559458,-9.54142771103223,0 -35.78293603632503,-9.542194405919862,0</coordinates></LineString></Placemark><Placemark><name>0900 - Cruz das Almas/UFAL (Via José Tenório)</name><styleUrl>#style_ida</styleUrl><LineString><tessellate>1</tessellate><coordinates>-35.77100243014276,-9.55212513374796,0 -35.77279239073789,-9.553020044561073,0 -35.77410044601414,-9.553735973218792,0 -35.77853895484774,-9.556067096105412,0 -35.78143657065284,-9.557548844530679,0 -35.78078567000126,-9.558770868797382,0 -35.77750248561017,-9.565258529183946,0 -35.77706110508529,-9.565420192739184,0 -35.77677105702713,-9.5657808252746,0 -35.77677106259239,-9.566489656257612,0 -35.77607746694554,-9.56780784426019,0 -35.77326686409005,-9.57244369616855,0 -35.77181658613697,-9.574458267884564,0 -35.7690433036417,-9.578171426745502,0 -35.76461403911809,-9.584083839023146,0 -35.76051356244129,-9.589659690894337,0 -35.75956769321721,-9.590517747502247,0 -35.75510306321073,-9.593054656708857,0 -35.75235322700109,-9.594679359891487,0 -35.75146811301907,-9.595564129450386,0 -35.75090652187478,-9.59653918486594,0 -35.75016790429789,-9.598164275282219,0 -35.74798864807065,-9.60161308211676,0 -35.74713971288896,-9.602823951615015,0 -35.74523513544941,-9.603672603340758,0 -35.74329098377661,-9.604457740541152,0 -35.74222270376324,-9.605143887602082,0 -35.74138027087201,-9.605992551210518,0 -35.74076450045491,-9.607057756290688,0 -35.74049096231072,-9.607764110326457,0 -35.74017834284758,-9.609151131486666,0 -35.74007412784126,-9.610178556156193,0 -35.73990671957021,-9.60991757631482,0 -35.73926485073481,-9.609429899475138,0 -35.7376790573607,-9.608037595732778,0 -35.73532958871947,-9.605913709897665,0 -35.73298680209496,-9.604247003285826,0 -35.73266095677361,-9.603796841883796,0 -35.73191021517962,-9.603148918985422,0 -35.73104561908269,-9.602751441065728,0 -35.73195677945958,-9.601457607614313,0 -35.73085982488372,-9.60086010734105,0 -35.72941645994204,-9.60018557454614,0 -35.72930399601294,-9.600559865091117,0 -35.72926355584887,-9.600881924500314,0 -35.72929984903804,-9.601220280357442,0 -35.72939554970058,-9.601744338960883,0 -35.72938914877433,-9.601849315082166,0 -35.73060955096934,-9.602500462541991,0 -35.73109141172677,-9.602711667492072,0 -35.73013685474379,-9.604065171028642,0 -35.72968241977247,-9.604789678842065,0 -35.72973254169832,-9.605716980865541,0 -35.72996739092951,-9.608503949844662,0 -35.73027715947428,-9.610519997696302,0 -35.73027897791588,-9.610827569094859,0 -35.73016505428897,-9.611181224663715,0 -35.73038328745273,-9.611970939014551,0 -35.73082786323651,-9.61264113105428,0 -35.73116759062747,-9.612967233206897,0 -35.73130775751946,-9.613299774854028,0 -35.73133954118811,-9.614341892004942,0 -35.73082309780524,-9.61419384198754,0 -35.72985942852461,-9.614091002131131,0 -35.72865065602922,-9.613141759490185,0 -35.72638380324022,-9.611149628142034,0 -35.7249084890282,-9.60980659920016,0 -35.72347585343511,-9.60822084646184,0 -35.72314158038107,-9.607457735737677,0 -35.72269534671806,-9.606000925882295,0 -35.72217728758343,-9.604225656441262,0 -35.72177144164708,-9.603059902283979,0 -35.72130824692372,-9.602248414109072,0 -35.72088015299468,-9.601409010362328,0 -35.72053259899822,-9.601305362713992,0 -35.71991655624176,-9.60138862344457,0 -35.71825244167098,-9.602096931858103,0 -35.71753630070662,-9.60243184468088,0 -35.71684881201458,-9.603319219103426,0 -35.71546511228496,-9.605537554996557,0 -35.71434869235111,-9.607371675682518,0 -35.71337099372865,-9.608419727506028,0 -35.7111862618594,-9.609703594487549,0 -35.71120013341824,-9.610150513373213,0 -35.7112375372309,-9.610632912547125,0 -35.71194829028706,-9.611162337937365,0 -35.71213638334857,-9.611597267712552,0 -35.71191082745108,-9.612147909151195,0 -35.711348621132,-9.61300425515931,0 -35.7110722203164,-9.613904252396976,0 -35.71062035740774,-9.614423535478045,0 -35.70947919254215,-9.614678140405362,0 -35.70644564161949,-9.614519377780573,0 -35.70535463998849,-9.614501031785336,0 -35.70482902200435,-9.61427010175635,0 -35.70431377333812,-9.613880532179682,0 -35.70415011091661,-9.613846772451506,0 -35.7040345557612,-9.614098552737651,0 -35.70377714372313,-9.61454309612778,0 -35.70306713504236,-9.614924895909612,0 -35.70288063890164,-9.615108450828357,0 -35.7029861851021,-9.615306317051804,0 -35.7031816916661,-9.615446182014526,0 -35.70319624180011,-9.615816683504217,0 -35.7030315542317,-9.616226773148128,0 -35.7031402136547,-9.616409972748349,0 -35.70356721638738,-9.616666502452718,0 -35.70359296023339,-9.616956987381261,0 -35.70277655235928,-9.616928527045529,0 -35.70260318363358,-9.616828753451895,0 -35.70240195327773,-9.615508027633355,0 -35.70220811653476,-9.614535589607573,0 -35.70214930694842,-9.613968409426116,0 -35.70207111495468,-9.61361977446861,0 -35.70169890178857,-9.613084407619613,0 -35.70129110218998,-9.612543093269458,0 -35.7013397023084,-9.612518902870935,0 -35.70183941835164,-9.613225786750782,0 -35.70211925648324,-9.613599314609113,0 -35.70221396543761,-9.613953231082746,0 -35.70223219247467,-9.61444331696374,0 -35.70235088478717,-9.615067244956007,0 -35.70247153846848,-9.615829156187532,0 -35.70265523716362,-9.616825790498135,0 -35.70296558581445,-9.616956616855015,0 -35.70349031165545,-9.616898924019845,0 -35.70417505624766,-9.617238109282997,0 -35.70635116970646,-9.618419445819523,0 -35.70661909496378,-9.618628185157823,0 -35.70696150279714,-9.619082334839645,0 -35.70718786201867,-9.619309304135374,0 -35.7077836968189,-9.619516209755018,0 -35.70821175684522,-9.619690726910868,0 -35.7086118496256,-9.619937151109761,0 -35.70953506706925,-9.62015235843221,0 -35.71013059472233,-9.620271469768493,0 -35.70968483160851,-9.620614000285856,0 -35.70945627613412,-9.62078934450947,0 -35.70965411722982,-9.621047311274486,0 -35.71135137622657,-9.623308672692263,0 -35.70975364312717,-9.623364538700871,0 -35.70673244605869,-9.623408393187054,0 -35.705776158124,-9.623512552524813,0 -35.70530246310959,-9.623759619399936,0 -35.7047479866834,-9.624365467447083,0 -35.70448794892454,-9.624944846667518,0 -35.70404202879709,-9.625395352222112,0 -35.70336299972325,-9.625658502538059,0 -35.70146919427088,-9.625644845518917,0 -35.69723867516725,-9.625794534664374,0 -35.69686903210128,-9.626131935103855,0 -35.69585239934356,-9.626221506133813,0 -35.69583693015317,-9.62680103880193,0 -35.69722354546914,-9.626700574432482,0 -35.69767214754316,-9.62729256216104,0 -35.69786311869117,-9.627654499633003,0 -35.69947282559096,-9.630431940447064,0 -35.69677086215451,-9.630561703918703,0 -35.6967574405503,-9.630226903446225,0</coordinates></LineString></Placemark><Placemark><name>0024 - Gruta / Centro / Term. Rotary</name><styleUrl>#style_ida</styleUrl><LineString><tessellate>1</tessellate><coordinates>-35.73187358532856,-9.621768391020865,0 -35.73167234391437,-9.621669185753671,0 -35.73140225604553,-9.622212203912717,0 -35.73345175362517,-9.622802214129402,0 -35.73430968218681,-9.622943187266875,0 -35.73477042019135,-9.621481209051856,0 -35.73522171942523,-9.620079758879601,0 -35.7353170437943,-9.620006660346958,0 -35.73597372172085,-9.618555125289177,0 -35.73523760513027,-9.617886798467124,0 -35.73414138193033,-9.616920849518783,0 -35.73249438939236,-9.61535444064005,0 -35.7313081428987,-9.61437804865763,0 -35.72994184879232,-9.614122201943012,0 -35.72897272922338,-9.61340687067563,0 -35.72837960090298,-9.612848174595422,0 -35.72633377679256,-9.611060908661623,0 -35.72400738469946,-9.60874981321459,0 -35.72328717264234,-9.607747303663293,0 -35.72265171013856,-9.605533457425501,0 -35.72243988586052,-9.60574753150468,0 -35.72232867568341,-9.606483739871273,0 -35.72214223809548,-9.607164077634605,0 -35.72068157141714,-9.609478898083289,0 -35.71833797017081,-9.612204740354636,0 -35.71781498291168,-9.613991517571892,0 -35.71755348572842,-9.615208671618383,0 -35.7177663295243,-9.615490476591592,0 -35.71864203189341,-9.61545450353703,0 -35.71900663959389,-9.615604252721708,0 -35.71950530894991,-9.616233823826095,0 -35.7208127849914,-9.617960628045235,0 -35.72434269025251,-9.6225144902411,0 -35.72435424387392,-9.622810740534177,0 -35.72396130862102,-9.622981654216854,0 -35.72132630472951,-9.623061412320443,0 -35.71802101537003,-9.6230956117919,0 -35.71621813310024,-9.623323493966394,0 -35.71425341179499,-9.6234374334275,0 -35.71155637154842,-9.623483958265968,0 -35.7115110554772,-9.623754994618725,0 -35.71148687973698,-9.624588956403496,0 -35.71149110226374,-9.625081246204596,0 -35.71038079467661,-9.625033387591012,0 -35.70967699249247,-9.62485393472126,0 -35.70871230361526,-9.62490178779052,0 -35.70816624858539,-9.625176950531646,0 -35.70820872816924,-9.623543911695338,0 -35.70711054976186,-9.623531936774274,0 -35.70595170513867,-9.623603725682926,0 -35.70539959114391,-9.62393870722709,0 -35.70496881928739,-9.624267706296973,0 -35.70465938936714,-9.624919723952175,0 -35.70423467932363,-9.625446125516836,0 -35.70314862927969,-9.625793074988696,0 -35.70113113551219,-9.625886007685772,0 -35.70003902570757,-9.62582618937397,0 -35.69848580196849,-9.62591591644095,0 -35.6974058222651,-9.625951811230344,0 -35.69711459454884,-9.626077429406479,0 -35.69717526604423,-9.626346611991464,0 -35.69795794194726,-9.627375493276027,0 -35.69847422390694,-9.628723449115103,0 -35.70034586044699,-9.63188884204693,0 -35.7021175599029,-9.634683327792546,0 -35.70372207677321,-9.637047182030171,0 -35.70454724331915,-9.6382674698589,0 -35.70671940399645,-9.640091935855276,0 -35.70759661067731,-9.640737692641837,0 -35.70952001345253,-9.641868260595574,0 -35.71084274659835,-9.64311845916115,0 -35.71345499094402,-9.64559961908587,0 -35.71548354035097,-9.64713240574392,0 -35.71753148438942,-9.64925868920233,0 -35.72114212637429,-9.653803380480014,0 -35.72294992129375,-9.656397365787157,0 -35.72306335959647,-9.656906194891723,0 -35.72331859524671,-9.656950926529474,0 -35.72399355505458,-9.657392655148792,0 -35.72644371729123,-9.659922379570853,0 -35.7282651166607,-9.661388520983959,0 -35.73037537264759,-9.662861679364154,0 -35.73286920751909,-9.664601497879403,0 -35.73380509385554,-9.66532280956273,0 -35.73555776173595,-9.666245408434396,0 -35.73799881047203,-9.667709253406437,0 -35.74157138247669,-9.66856657958007,0 -35.74198618522282,-9.668632525322074,0 -35.7423608509911,-9.668803994105057,0 -35.74294959587089,-9.668210419137191,0 -35.74326581871841,-9.667542483111257,0 -35.74340167640096,-9.66744311655193,0 -35.74403276165007,-9.667615924912003,0 -35.74581794698449,-9.668134320604908,0 -35.74616416541211,-9.666894397574517,0 -35.74548925344713,-9.665563758052341,0 -35.74512988967299,-9.664937318581797,0 -35.74489761781089,-9.664993483170507,0</coordinates></LineString></Placemark><Placemark><name>0501 - Vergel X São Jorge (Via Jacintinho)</name><styleUrl>#style_ida</styleUrl><LineString><tessellate>1</tessellate><coordinates>-35.7609096025411,-9.652475195215855,0 -35.76092596255935,-9.65268472667145,0 -35.76172350007857,-9.651630789545951,0 -35.76123244095159,-9.651215792107308,0 -35.76112223795143,-9.65108477190535,0 -35.76141169614735,-9.650770187278878,0 -35.75972812170134,-9.649483887905419,0 -35.75877854631788,-9.64951884215531,0 -35.75613702932445,-9.649890243793116,0 -35.75524487750336,-9.650386929431976,0 -35.75427516043482,-9.651474066552256,0 -35.75386979953875,-9.65202601587773,0 -35.75351321769344,-9.653674680698145,0 -35.75335858942378,-9.65438473050973,0 -35.75164069915143,-9.656363633912333,0 -35.75029004481524,-9.656543812956764,0 -35.74883411767006,-9.655982018403439,0 -35.74815197700845,-9.65594745289903,0 -35.74659995725061,-9.657634440267627,0 -35.74604299362104,-9.658208120264709,0 -35.74597830241149,-9.658465668962492,0 -35.74597783078527,-9.658705652754792,0 -35.74592385943815,-9.658823256383899,0 -35.74584024672752,-9.65882912057258,0 -35.7457166530583,-9.658758302890435,0 -35.74567407412797,-9.658697128193376,0 -35.7456839429621,-9.65860933352773,0 -35.74577119590051,-9.658503179207722,0 -35.74588577522696,-9.658484302716705,0 -35.74593887896139,-9.658514430229218,0 -35.74597383617757,-9.658573786928315,0 -35.74596779289524,-9.65880547039961,0 -35.7459333129248,-9.658851630113102,0 -35.74587906661566,-9.65888586358161,0 -35.74598382586299,-9.659457994904677,0 -35.7465987065854,-9.662503353810521,0 -35.74660599241923,-9.662593423767312,0 -35.74711400115282,-9.662455985570311,0 -35.74806320087065,-9.66202785994713,0 -35.7486652464513,-9.661655878596122,0 -35.74938296281392,-9.662949534011643,0 -35.74986801644096,-9.663961298498648,0 -35.74857962175051,-9.664064058986968,0 -35.74542810574238,-9.664310682219172,0 -35.74332261651476,-9.66445178899358,0 -35.74339804284727,-9.665321462835626,0 -35.74332498655406,-9.665618034593033,0 -35.74339300400061,-9.666410937273582,0 -35.74341255781807,-9.666566295632522,0 -35.74344433890177,-9.666646301479565,0 -35.74339906313283,-9.66747061115395,0 -35.74334550638706,-9.667564824845785,0 -35.74318738255504,-9.66748158689879,0 -35.74267824513532,-9.66728389341494,0 -35.74116727651024,-9.666917344039712,0 -35.73955165765426,-9.666526901341017,0 -35.73944058636182,-9.66658406275788,0 -35.73903503391794,-9.66653391282794,0 -35.7385001452765,-9.666222146062191,0 -35.73771119277755,-9.66673540368811,0 -35.73748533932753,-9.666878652832997,0 -35.73695018327529,-9.666692347257344,0 -35.73656140891745,-9.6676498814827,0 -35.73567902054459,-9.669733271186908,0 -35.73411214958831,-9.669688527738417,0 -35.73334155759721,-9.669679469483844,0 -35.73319950844382,-9.669349451329921,0 -35.73422393336161,-9.667738214412461,0 -35.73370375080411,-9.667465059483037,0 -35.73312419783474,-9.667074642793464,0 -35.73323760338658,-9.666825470096368,0 -35.73260812938049,-9.666881332373594,0 -35.72944978407859,-9.66702569602173,0 -35.72755990881389,-9.667087903082718,0 -35.72758040756507,-9.668637633031684,0 -35.72648464279721,-9.668604115317986,0 -35.72673243340383,-9.66701614053206,0 -35.72676751040709,-9.665741007488016,0 -35.72677816726552,-9.66545633988559,0 -35.72700653520765,-9.664902783270334,0 -35.72757513309921,-9.66224099328399,0 -35.72775039209736,-9.662114779176003,0 -35.7281828701126,-9.662280231710545,0 -35.72836339082594,-9.661597729456494,0 -35.72680947404136,-9.66057818692856,0 -35.72641408806905,-9.661467605287363,0 -35.7261627160328,-9.662087917970084,0 -35.72613609037634,-9.662271981287638,0 -35.72547022016754,-9.663143735885427,0 -35.72436924996362,-9.664587490695649,0 -35.72400812939107,-9.66279127140715,0 -35.72352368344681,-9.660524913329693,0 -35.72344064999749,-9.660301964680585,0 -35.72366419886837,-9.660209442381623,0 -35.72427774707516,-9.660202164246783,0 -35.72463288604822,-9.660133041490607,0 -35.72527651655705,-9.659557168444039,0 -35.72562880197859,-9.659183003626271,0 -35.7260484521696,-9.658683334707082,0 -35.72602745817647,-9.658315889984758,0 -35.72563432305093,-9.657678394895097,0 -35.72174611437465,-9.651473675509703,0 -35.72024166186173,-9.64975852428894,0 -35.71998212959285,-9.6487668138678,0 -35.71969925705029,-9.646140177808068,0 -35.71882267326062,-9.64330376566913,0 -35.71807661368509,-9.642011073065733,0 -35.71769637934612,-9.640525819053051,0 -35.71768559767924,-9.639444046179694,0 -35.7178565332551,-9.638818512214682,0 -35.71821931024697,-9.63776008535919,0 -35.71828004360062,-9.637494137636455,0 -35.71811603696668,-9.636265298704782,0 -35.71716627487078,-9.63640382711718,0 -35.71704740912658,-9.636201566551232,0 -35.71699493167336,-9.635710842940767,0 -35.71697899847601,-9.635605396632684,0 -35.71597637177391,-9.635713093795001,0 -35.71585788201165,-9.635552091234292,0 -35.71588049346086,-9.635194022509598,0 -35.71579599273302,-9.634503220811359,0 -35.71564871089993,-9.633856666028798,0 -35.71537482015368,-9.63271717050452,0 -35.71528719379624,-9.632096606685561,0 -35.71531128008437,-9.631444689025887,0 -35.7157237276577,-9.630655054891974,0 -35.71591152923848,-9.630352116571315,0 -35.71646366744821,-9.62925488816124,0 -35.71688678531298,-9.628393169420299,0 -35.71695750247134,-9.627305559255781,0 -35.71701339194043,-9.626713769476352,0 -35.71704896752011,-9.625857408062528,0 -35.71679405615926,-9.625149697841113,0 -35.71639166423929,-9.623742064879542,0 -35.71624454908641,-9.623537205190392,0 -35.716057979705,-9.623455348896066,0 -35.71466915491733,-9.623449747813387,0 -35.71416539539528,-9.623450400981088,0 -35.71180824771137,-9.623456981355536,0 -35.71158842206133,-9.623467260073236,0 -35.71151049554381,-9.623670047156091,0 -35.71150998143223,-9.624343988835559,0 -35.71152792074587,-9.625068709572865,0 -35.71110962068873,-9.6250418480656,0 -35.7102040921196,-9.625039500224307,0 -35.70969261965007,-9.624829654814455,0 -35.7087253854444,-9.624913483595458,0 -35.70827858582253,-9.625129023477243,0 -35.70819289485144,-9.625152211716344,0 -35.70814288427282,-9.625744906118907,0 -35.70788670191044,-9.628871785990658,0 -35.70779202231363,-9.62887143624712,0 -35.70787107277187,-9.628564114356532,0 -35.70793055984102,-9.62784864699753,0 -35.70799111557712,-9.627179256891523,0 -35.70811897170466,-9.625364645103943,0 -35.70815160836059,-9.624779007216416,0 -35.70820189116697,-9.623585171840517,0 -35.70733210592826,-9.623546588457483,0 -35.70619374370443,-9.623563652720653,0 -35.70567277247377,-9.623731935096998,0 -35.70511320174154,-9.624157657364876,0 -35.7046602466602,-9.624906935667664,0 -35.7044195024993,-9.625297739756553,0 -35.70374501357279,-9.625720790113638,0 -35.70247489188789,-9.625842009279655,0 -35.70163388461319,-9.62587331950252,0 -35.70139187863141,-9.625831542359387,0 -35.70136576581724,-9.625727994510422,0 -35.70138507634997,-9.625648174139057,0 -35.70198245493332,-9.625643064900434,0 -35.70288356517317,-9.625619278233136,0 -35.70362187821238,-9.625542073201178,0 -35.70426417034659,-9.625166066315261,0 -35.70465188969452,-9.624596925190504,0 -35.70510484096901,-9.623847649271724,0 -35.70607438599534,-9.623430837561816,0 -35.70806063976191,-9.623418850620794,0 -35.70919407000909,-9.623347748283269,0 -35.71054280516938,-9.623317179242589,0 -35.71134526689419,-9.623286178766708,0 -35.71062267619413,-9.622289015305807,0 -35.70946343753562,-9.620763471978286,0 -35.71007746757385,-9.620294889273948,0 -35.70899087741099,-9.620044780397047,0 -35.70802387799996,-9.619652278802745,0 -35.70714527938833,-9.61932199829896,0 -35.70663661133392,-9.61871030877041,0 -35.70638484429286,-9.618515676639953,0 -35.70412949497144,-9.617267815335701,0 -35.70355627707101,-9.616950271070953,0 -35.70335828305545,-9.61693954241341,0 -35.70274252981407,-9.616960158399115,0 -35.70261936065312,-9.616861095471231,0 -35.70255645397801,-9.616450934692223,0 -35.70236077217046,-9.615383215366467,0 -35.70224917870022,-9.61464501115774,0 -35.70217313670618,-9.61402017075671,0 -35.70205748371307,-9.613567876775384,0 -35.70186955365778,-9.613307332556635,0 -35.7016246865801,-9.613003902244873,0</coordinates></LineString></Placemark><Placemark><name>0068 - Colina / Poço</name><styleUrl>#style_ida</styleUrl><LineString><tessellate>1</tessellate><coordinates>-35.77526025093972,-9.585320720798318,0 -35.77498640910299,-9.585399602753867,0 -35.77486025716728,-9.585514891674883,0 -35.77488794882191,-9.585645350281116,0 -35.77462333702188,-9.585836487498476,0 -35.77567563415123,-9.587135005463125,0 -35.77692755918834,-9.588645379455519,0 -35.77611565729828,-9.589833211601633,0 -35.77551164855877,-9.590643848454883,0 -35.77451357845689,-9.591962654807157,0 -35.77387600756268,-9.592382862634219,0 -35.77295999872652,-9.593120154737395,0 -35.77248685286156,-9.59369917922351,0 -35.7721814864666,-9.594228574647682,0 -35.77184591596156,-9.595145091200274,0 -35.77161772627147,-9.596316379997315,0 -35.77071671831315,-9.600282233531987,0 -35.77044129302833,-9.60141999222647,0 -35.77019785104584,-9.602778327163033,0 -35.76994887576839,-9.604033016126904,0 -35.76967223814586,-9.605064040588038,0 -35.7689474444125,-9.607775256124677,0 -35.76859201600687,-9.609978433254948,0 -35.76799447003275,-9.61109128427677,0 -35.76236985907837,-9.617993807592896,0 -35.76122817425617,-9.619015206047068,0 -35.75869429562198,-9.6203684356832,0 -35.75479958945426,-9.621756347942771,0 -35.75303432626195,-9.622562182387943,0 -35.75262374218275,-9.623024821080126,0 -35.75252989555279,-9.62369564645429,0 -35.75261201436608,-9.624216115987394,0 -35.75569728887469,-9.622851314570116,0 -35.75609590370375,-9.623504963056199,0 -35.7570494256033,-9.622912081793352,0 -35.75873191620006,-9.622060906303274,0 -35.75954408277111,-9.62174675032067,0 -35.7607585092009,-9.621326198728488,0 -35.76108193696103,-9.621366353970991,0 -35.76117297586144,-9.621413595206857,0 -35.76116099705884,-9.62150807767875,0 -35.76102923027931,-9.621545870662512,0 -35.76084954802476,-9.621453750157764,0 -35.76084475657922,-9.62138525035367,0 -35.76062674204935,-9.621399422519719,0 -35.75986009223849,-9.621675783371916,0 -35.75755449040751,-9.622643567274084,0 -35.7566605602135,-9.623163464270135,0 -35.75543515555213,-9.623866567035472,0 -35.75191728587932,-9.625602799046149,0 -35.75098992451436,-9.627753720572093,0 -35.75064984481539,-9.628530632543457,0 -35.74930892831718,-9.627802770620598,0 -35.74463815548441,-9.625439976887982,0 -35.74422634198437,-9.625454830150066,0 -35.74403047879351,-9.625543954914248,0 -35.74379443746293,-9.625756864896184,0 -35.74337759419334,-9.62633122890124,0 -35.74171928400681,-9.628461346438364,0 -35.73986609974919,-9.62765425859027,0 -35.73818261343346,-9.626913887938208,0 -35.73793150573081,-9.628131935143143,0 -35.7372307972643,-9.631899312545107,0 -35.73626491234632,-9.636397200319099,0 -35.73496380115808,-9.643279617081014,0 -35.73356570230241,-9.649807887687649,0 -35.73345425458542,-9.65061357068564,0 -35.73371428571079,-9.651175109083749,0 -35.73386332122742,-9.653445819730326,0 -35.7352188562763,-9.65645457599783,0 -35.73589407102016,-9.658025358796055,0 -35.7368463455506,-9.659330765051875,0 -35.73899301213358,-9.660524705178831,0 -35.74262403980303,-9.661541641141005,0 -35.74215397598599,-9.664261585004326,0 -35.74186345427161,-9.667095234139374,0 -35.74710925358998,-9.668591621318576,0 -35.74799696145929,-9.665535042013707,0 -35.74777096728602,-9.66408635796466,0 -35.74522069010114,-9.664325221335575,0</coordinates></LineString></Placemark><Placemark><name>0221 - Saúde / Cruz das Almas</name><styleUrl>#style_ida</styleUrl><LineString><tessellate>1</tessellate><coordinates>-35.69671435061787,-9.630216674848556,0 -35.69674134842631,-9.63057981023783,0 -35.69785597256219,-9.630517068081273,0 -35.69951339001769,-9.630410742205163,0 -35.69892006767541,-9.629485096967953,0 -35.69780083196765,-9.62751512577113,0 -35.69697470533985,-9.626207165868495,0 -35.6965378697477,-9.62532008935766,0 -35.69560340976658,-9.623395424142176,0 -35.69467757561513,-9.621704828353542,0 -35.69312945465266,-9.619793568881196,0 -35.69282954543568,-9.619395026575443,0 -35.69201783461575,-9.618138333989425,0 -35.69060061924217,-9.61598913050312,0 -35.68912538237979,-9.614200490957067,0 -35.68790840932366,-9.612018604226067,0 -35.68737560211952,-9.611457457797215,0 -35.68655678546135,-9.610509183508293,0 -35.68545120640082,-9.609183148758833,0 -35.68430309361498,-9.608249941116915,0 -35.68386851573528,-9.607732180267346,0 -35.68275945007096,-9.606480301706888,0 -35.68198657944884,-9.605461060723185,0 -35.68182763151228,-9.60497857291604,0 -35.68138334682573,-9.603969436967068,0 -35.68065554805297,-9.602764656380002,0 -35.67982577457769,-9.601638569066486,0 -35.67967747839605,-9.601130865629091,0 -35.67919836916712,-9.600168733382105,0 -35.67767402940517,-9.598364841949149,0 -35.67640276471707,-9.596767531725082,0 -35.67499594637653,-9.594781260892503,0 -35.6741252044628,-9.59368756936056,0 -35.67352853811782,-9.59276737238164,0 -35.67200640092715,-9.591367377813105,0 -35.67011668126857,-9.589344938345125,0 -35.66810573033736,-9.587231879903893,0 -35.66756615490441,-9.58672082418757,0 -35.66635125554501,-9.58605909149726,0 -35.66401723870312,-9.58511036956926,0 -35.66289981575882,-9.58459464318358,0 -35.66165918722572,-9.583351128935245,0 -35.65935061953442,-9.581003144031481,0 -35.65772872821501,-9.579783155660891,0 -35.65657715863864,-9.577501441465369,0 -35.65625648688579,-9.575434582644348,0 -35.65561736242539,-9.573966593632383,0 -35.65390498417784,-9.57120027561054,0 -35.65182472423905,-9.568264458125867,0 -35.65022529655095,-9.566983857301794,0 -35.64880473364826,-9.565979621798558,0 -35.64750076880845,-9.56503617370943,0 -35.64522530660727,-9.563270573724918,0 -35.64332896318349,-9.561026109140206,0 -35.64111036847145,-9.558447511886776,0 -35.63898905619305,-9.55643939386187,0 -35.63558251783176,-9.553023421135212,0 -35.62990621177414,-9.548524806712521,0 -35.62355595756717,-9.54505365787375,0 -35.62174307148101,-9.54358417811213,0 -35.61817323117302,-9.535715956722493,0 -35.61668224076206,-9.533023696467025,0 -35.61554331036628,-9.53254244004732,0 -35.61570060072572,-9.532315993355981,0 -35.61718286075481,-9.531841064883169,0 -35.61957010560295,-9.53114789860487,0 -35.62015719493169,-9.5309721149174,0 -35.62329503691816,-9.528363250503896,0</coordinates></LineString></Placemark><Placemark><name>4011 - Salvador Lyra / T.I. Benedito Bentes (via Recantos)</name><styleUrl>#style_ida</styleUrl><LineString><tessellate>1</tessellate><coordinates>-35.74724869157677,-9.563456528389734,0 -35.74704550560626,-9.563475972879656,0 -35.74680031082888,-9.56358418536801,0 -35.74671886492278,-9.56360024808743,0 -35.74658426542427,-9.562994934649623,0 -35.74579713940715,-9.563696567432652,0 -35.74505839929898,-9.564489891392093,0 -35.74499056554212,-9.564488579746449,0 -35.74496263402548,-9.564461036474814,0 -35.74496928468268,-9.564189538779425,0 -35.7454730136365,-9.562852019267542,0 -35.74551605767535,-9.562447381616366,0 -35.74545579844051,-9.56213046180517,0 -35.74500241494135,-9.561321180340212,0 -35.74403976944521,-9.560291370767748,0 -35.74246063847948,-9.558843307101652,0 -35.73856522267476,-9.555291044030287,0 -35.73847624617692,-9.555134761943345,0 -35.73847377545219,-9.555033647509156,0 -35.73867514315562,-9.554798525943045,0 -35.73922706843079,-9.554197445483977,0 -35.74022891565654,-9.552239521686825,0 -35.7413694146361,-9.550055686930785,0 -35.74201301265726,-9.548804292929546,0 -35.73996685764717,-9.547744482666253,0 -35.73875171839219,-9.547146768372023,0 -35.73861986110835,-9.547088977688952,0 -35.73842940391304,-9.54750074017752,0 -35.73730637900211,-9.549671579871736,0 -35.73721688945113,-9.549795549841582,0 -35.73712526864647,-9.549717805967717,0 -35.73708691583843,-9.549688389382077,0 -35.73745765842558,-9.548955076240794,0 -35.73815917229901,-9.547631418251914,0 -35.73864978110333,-9.546555984329531,0 -35.73955706312577,-9.54485820831444,0 -35.74116089320002,-9.54181601299476,0 -35.74208138348246,-9.540035950495616,0 -35.74393601494189,-9.536527670101947,0 -35.74578477418096,-9.53288746433882,0 -35.74278668595631,-9.53311673645231,0 -35.74173302035097,-9.53522143867389,0 -35.73946076248866,-9.539509029636548,0 -35.73698384915655,-9.544279373747841,0 -35.73641531750899,-9.545406186437924,0 -35.73628049767901,-9.545586999407922,0 -35.73619436882245,-9.545759397952894,0 -35.73495999064254,-9.548190756843344,0 -35.73363908731625,-9.550446820318294,0 -35.73006922858763,-9.54703748497172,0 -35.7293372838444,-9.54780161172538,0 -35.72819990016934,-9.548956233762892,0 -35.72846475237893,-9.549299021670375,0 -35.72805124294501,-9.549722997421728,0 -35.72705661188391,-9.550720359302153,0 -35.72693735509088,-9.550766353366233,0 -35.72674997512323,-9.550728945356093,0 -35.72611845083224,-9.55024613281643,0 -35.72601155040123,-9.550048406116707,0 -35.72605516395407,-9.54999115100341,0 -35.72639334830684,-9.549639467057467,0 -35.72662311157762,-9.549451974427072,0</coordinates></LineString></Placemark><Placemark><name>0502 - Vergel X São Jorge ( Via Farol)</name><styleUrl>#style_ida</styleUrl><LineString><tessellate>1</tessellate><coordinates>-35.76103489291052,-9.652507162487098,0 -35.76174119175873,-9.65160345523022,0 -35.76110502292195,-9.651089872624684,0 -35.76141058439179,-9.650773821078571,0 -35.75987276574465,-9.64955900057495,0 -35.75932175734982,-9.649475047152682,0 -35.75776890561716,-9.64968738001515,0 -35.75544970942921,-9.650107190926583,0 -35.75462820167666,-9.651075097436769,0 -35.75390186745004,-9.65193435828331,0 -35.75354900022216,-9.653733052033974,0 -35.75320336196288,-9.65457256008217,0 -35.75156531771908,-9.656325656299297,0 -35.75069197471559,-9.65664416480225,0 -35.74900886188735,-9.655997239184769,0 -35.74826794019999,-9.655881557266579,0 -35.74723998161613,-9.656986793699943,0 -35.74601753086709,-9.658185842121163,0 -35.74594538767679,-9.65845869852564,0 -35.7459863838314,-9.658663574714701,0 -35.74594350707752,-9.658780651888167,0 -35.74587633085176,-9.658852029376924,0 -35.74577280206642,-9.658804501244349,0 -35.74570599616551,-9.658753360746521,0 -35.74569064558696,-9.658624197375293,0 -35.74572687569242,-9.658526349057391,0 -35.74593142629013,-9.658498092589882,0 -35.74595487620965,-9.658681112223674,0 -35.74589796754253,-9.658911680735613,0 -35.74595424705505,-9.659135921616004,0 -35.74615361080463,-9.660143458600382,0 -35.74661768086411,-9.662573569694983,0 -35.74695049892679,-9.662538133903933,0 -35.74801908558126,-9.662013346015316,0 -35.7486984965636,-9.661656998636222,0 -35.74986170866659,-9.663969370479732,0 -35.74783876440438,-9.66413786447603,0 -35.74211001598465,-9.664517643021531,0 -35.74150483088398,-9.6645330660041,0 -35.74169258672116,-9.662580237596064,0 -35.73892428556194,-9.661804848488686,0 -35.73841659385354,-9.661652013378413,0 -35.73767846441234,-9.663374253745872,0 -35.7369975128662,-9.663228243211508,0 -35.7374809654026,-9.662237098162601,0 -35.73603112997989,-9.661622501732513,0 -35.73473182787514,-9.660716763242126,0 -35.7342491470292,-9.660383418111863,0 -35.73315172533719,-9.659587599257486,0 -35.73311281540574,-9.659348325414161,0 -35.73334969914323,-9.658543096160281,0 -35.73344790442067,-9.658128898028247,0 -35.7331936604224,-9.65508071433485,0 -35.73306852913049,-9.65160824264934,0 -35.73539365760448,-9.640014634197152,0 -35.73666258321262,-9.633348842344258,0 -35.73798910034844,-9.626780528259694,0 -35.73777411795611,-9.626796194194547,0 -35.73697211097375,-9.62641368379731,0 -35.73610515683425,-9.627941633415539,0 -35.72950515862219,-9.62492121082116,0 -35.73080974186289,-9.621958086951965,0 -35.73197139915766,-9.622423798502632,0 -35.7321551193797,-9.621959974081399,0 -35.73158456223612,-9.621795590372693,0 -35.73142973521363,-9.622233673180606,0 -35.73081037283199,-9.622022331622292,0 -35.72978074337932,-9.624408003029298,0 -35.72960221133078,-9.625007067775986,0 -35.72750724836927,-9.624064479115697,0 -35.72622720792414,-9.623884321863782,0 -35.72463479901172,-9.623135201779485,0 -35.723869633242,-9.622908548384785,0 -35.72158148021015,-9.623115112786243,0 -35.71885941110153,-9.623059412214943,0 -35.71195466520899,-9.623432372748837,0 -35.7116234763153,-9.623550554084126,0 -35.71146708997291,-9.624977005960634,0 -35.71025729475043,-9.625033475725962,0 -35.70972672262925,-9.624874829557145,0 -35.7088220117863,-9.624870008263322,0 -35.70818704895203,-9.625176112642297,0 -35.70793333622637,-9.628856300502814,0 -35.70774515747269,-9.628881979748922,0 -35.70814741547982,-9.624642030312458,0 -35.70820867272884,-9.6234881571411,0 -35.70591541031838,-9.623575105477919,0 -35.70489266925042,-9.624309463105728,0 -35.70428204785858,-9.625419553263292,0 -35.70327952909107,-9.625797814893039,0 -35.70205087633354,-9.625857439276766,0 -35.70141772950841,-9.625848087791088,0 -35.70138398496155,-9.625784614034057,0 -35.70138288172738,-9.62567629330615,0 -35.70193856964015,-9.625640989206445,0 -35.70343137089124,-9.625594803628411,0 -35.70445878156671,-9.624956123424193,0 -35.7046835117026,-9.624519354571245,0 -35.70530539750291,-9.623694038875087,0 -35.70640585126059,-9.623368256875901,0 -35.70804000849508,-9.62339979835231,0 -35.71068385353779,-9.62334081692395,0 -35.71133910734772,-9.623319859917004,0 -35.71114198035233,-9.62297488804925,0 -35.70946519493336,-9.620771151931386,0 -35.71011513440104,-9.620260656046746,0 -35.70890952831317,-9.620020261543896,0 -35.70818148329924,-9.619717005046915,0 -35.70717502225124,-9.6193732074816,0 -35.70659144384352,-9.61868138556122,0 -35.70491906808484,-9.617677004780639,0 -35.70375153240429,-9.617039761399678,0 -35.70354200513208,-9.616922310062568,0 -35.70278026264989,-9.6169340767498,0 -35.70263688165469,-9.61686750107275,0 -35.70240646450095,-9.6154041827561,0 -35.70217402933689,-9.614184636227687,0 -35.7021209564406,-9.613696953733166,0 -35.7015878911041,-9.612905588757172,0</coordinates></LineString></Placemark><Placemark><name>0105 - Salvador Lyra / Trapiche ( Via Jardim Petrópolis)</name><styleUrl>#style_ida</styleUrl><LineString><tessellate>1</tessellate><coordinates>-35.7470524965608,-9.563285953237504,0 -35.74669889861867,-9.563428009305852,0 -35.7465482926068,-9.562998611466883,0 -35.74572322340841,-9.563799292141184,0 -35.74486291025611,-9.56469304311641,0 -35.74421656742995,-9.56622481820619,0 -35.74382374065578,-9.56714532298043,0 -35.74336450149934,-9.568231721595849,0 -35.74308316608062,-9.568778771158147,0 -35.74267409042553,-9.56950117210492,0 -35.742171451655,-9.57025884723029,0 -35.74142227932787,-9.571201262328717,0 -35.74070418977556,-9.572065345384011,0 -35.74011778045872,-9.57276543274839,0 -35.74020364708969,-9.572940971517415,0 -35.74055581625737,-9.573127188932341,0 -35.7415841286504,-9.573327508783525,0 -35.74650503812639,-9.574540474479203,0 -35.7468800370054,-9.574215518069737,0 -35.75065278676891,-9.575044713759194,0 -35.75045960853321,-9.575571364285357,0 -35.75070961282164,-9.575896316225283,0 -35.75801000089466,-9.579723286590006,0 -35.76122434148454,-9.581973993315607,0 -35.76465660550677,-9.584447235624372,0 -35.7631955357682,-9.586393519320108,0 -35.76038048661933,-9.590057268290668,0 -35.75576314693639,-9.592878751048538,0 -35.75220793899384,-9.595037619784993,0 -35.74731442840427,-9.602820943934114,0 -35.74284866177737,-9.604872920093941,0 -35.74146122343419,-9.606219513353903,0 -35.74039893989753,-9.608720337206481,0 -35.7394232884711,-9.618509975984926,0 -35.73349350549876,-9.650243645810482,0 -35.73374820092005,-9.651137781926675,0 -35.73380291272883,-9.652654673253055,0 -35.73382336591563,-9.653429061987623,0 -35.73498495313803,-9.656010657287714,0 -35.73595099105601,-9.658171293142665,0 -35.73475750707808,-9.658451590786491,0 -35.73427450163889,-9.660420704866773,0 -35.73406318665813,-9.660366145187544,0 -35.73307704778519,-9.659691584649694,0 -35.73297740629066,-9.659688120178897,0 -35.73262506667587,-9.660152297968487,0 -35.73231604533819,-9.660553417477468,0 -35.7319136653871,-9.660779111146343,0 -35.73150665961129,-9.660813306828624,0 -35.73114633405257,-9.660744907681469,0 -35.73088236906248,-9.660462635587423,0 -35.73050655606064,-9.659951017902756,0 -35.73005916204082,-9.659681977733877,0 -35.72962966424561,-9.659699619597932,0 -35.72924490525202,-9.659871628558689,0 -35.72907936876189,-9.660105384887578,0 -35.72877961018631,-9.66165788328546,0 -35.72966655717291,-9.662249137373635,0 -35.73005242252976,-9.662508852928976,0 -35.73026308080112,-9.662753684378485,0 -35.73435222459282,-9.665483064183462,0 -35.73765963929341,-9.667445187047486,0 -35.74129619440331,-9.66853690175115,0 -35.74189473269985,-9.668584138175106,0 -35.74230840978371,-9.66881716134795,0 -35.74264821386532,-9.668620543911263,0 -35.74306188655279,-9.668132641528755,0 -35.74329087543538,-9.667440846959991,0 -35.74327608932754,-9.66604997142712,0 -35.74309140949923,-9.664498901416913,0 -35.74307198004746,-9.664412540206184,0 -35.7433415325055,-9.664184437611718,0 -35.74504036377034,-9.663360054424762,0 -35.74643226241496,-9.662641961890396,0 -35.74697252519348,-9.662509077278871,0 -35.74750772966176,-9.662269892517928,0 -35.74812417773373,-9.661971713155689,0 -35.74884882972523,-9.661533701456971,0 -35.7543867013726,-9.658478670049568,0 -35.75597898784972,-9.660565695680004,0 -35.75703748261442,-9.661933652528079,0 -35.75758010040774,-9.663327918861674,0 -35.75774022775079,-9.664327587311348,0 -35.75779908667749,-9.667133714916677,0 -35.75733655047745,-9.669571506057466,0 -35.75685973029999,-9.671503937566165,0 -35.75909250603934,-9.67211775012979,0 -35.76151206588089,-9.67283681738245,0 -35.76084490940267,-9.674757226101494,0 -35.76077965080307,-9.674953555524265,0 -35.76095460828859,-9.674796623907065,0 -35.76122571392568,-9.674397302439678,0 -35.76138769992144,-9.6741905785824,0</coordinates></LineString></Placemark><Placemark><name>0403 - Trapiche / Ouro Preto</name><styleUrl>#style_ida</styleUrl><LineString><tessellate>1</tessellate><coordinates>-35.72936384568003,-9.60033629343841,0 -35.72941110604054,-9.600163213554197,0 -35.73010313323469,-9.60048940155934,0 -35.73198477350275,-9.601449714248423,0 -35.73108364650905,-9.60267832164552,0 -35.72972616739488,-9.604697309795547,0 -35.7296565135765,-9.60504413166194,0 -35.73007896981343,-9.609616033437067,0 -35.73024350275815,-9.610445836364958,0 -35.73031311301633,-9.610695403088432,0 -35.73023718091005,-9.610957448300582,0 -35.73018517712823,-9.611362847472275,0 -35.73042603179637,-9.612040509196616,0 -35.73069747270503,-9.612487494519334,0 -35.73119652304735,-9.613034209240759,0 -35.73130280291334,-9.613426021686758,0 -35.73130742505082,-9.6142871014903,0 -35.73129748955517,-9.614339709009222,0 -35.73076184613578,-9.614187609217774,0 -35.72982631313656,-9.614127254111644,0 -35.72897807672455,-9.614136513052124,0 -35.72441208893503,-9.614249968240628,0 -35.7243924044335,-9.615724957100216,0 -35.72435311048604,-9.616084244574017,0 -35.72509455937036,-9.61876252094224,0 -35.72584752327339,-9.620516506041849,0 -35.72602468479566,-9.621072861778211,0 -35.72605749314866,-9.621435140845575,0 -35.72599641961826,-9.62112806024591,0 -35.72594979172355,-9.620855511300851,0 -35.72577438198648,-9.620262253211923,0 -35.72549261873855,-9.619563874496647,0 -35.7250232592434,-9.618386265333408,0 -35.72440778997196,-9.61614208973874,0 -35.72434474131629,-9.615537390731973,0 -35.72439325572549,-9.61434752848269,0 -35.72574221217397,-9.614362927364791,0 -35.72873478253727,-9.61426085883577,0 -35.73066417174862,-9.614269869611276,0 -35.73147126779755,-9.614545222819558,0 -35.73243766345058,-9.615303790009438,0 -35.73254578112957,-9.615343550268511,0 -35.732640908378,-9.615256325247122,0 -35.73260034566149,-9.615141801834282,0 -35.73178733224672,-9.614706519294375,0 -35.7315155808655,-9.614400485323737,0 -35.73095266859507,-9.614195722020222,0 -35.73052154446614,-9.614115474775836,0 -35.73010178991165,-9.61410788019564,0 -35.72969651200073,-9.61401913236002,0 -35.72587569133513,-9.610689052138504,0 -35.72368711207267,-9.608459409393932,0 -35.72312617461449,-9.60734130955048,0 -35.72259936442682,-9.605310875135062,0 -35.72250021589525,-9.605192158999005,0 -35.72259475279573,-9.604585754564262,0 -35.72239826454339,-9.604513438044314,0 -35.72209884028506,-9.604602649414938,0 -35.72219922319676,-9.604947813273117,0 -35.72244496421303,-9.605102045552233,0 -35.7223083239935,-9.606114063458891,0 -35.72218663149731,-9.60664362014484,0 -35.72193515004309,-9.607339635545193,0 -35.72161500037085,-9.608018744965246,0 -35.72056378989075,-9.609408875967471,0 -35.71814217205797,-9.612384975915125,0 -35.71742121614537,-9.61536063358139,0 -35.71724071146923,-9.615532578839328,0 -35.71346426586155,-9.616017837788531,0 -35.71303703188944,-9.616271951633689,0 -35.71281656650434,-9.616735933301726,0 -35.71283677664509,-9.617250868858514,0 -35.71301065883055,-9.617816426422031,0 -35.71466283696397,-9.620113675879152,0 -35.7161255410285,-9.62269528700865,0 -35.71672562776085,-9.624822984911388,0 -35.71694545985337,-9.625799619586111,0 -35.71701838251012,-9.626202399670508,0 -35.71696631562186,-9.627870411997456,0 -35.71676213827864,-9.628734547077116,0 -35.71532513815642,-9.631444045431584,0 -35.71529662871924,-9.632150742064375,0 -35.71542438987287,-9.632999992878403,0 -35.71582283131907,-9.634438603234889,0 -35.71598742223036,-9.635705362634209,0 -35.71699693827257,-9.635612408292982,0 -35.71705802711733,-9.636377660975777,0 -35.71820304377938,-9.636261548920652,0 -35.71826592436949,-9.63740598836949,0 -35.71764680203678,-9.639524013202706,0 -35.71790661201301,-9.64158424335897,0 -35.71874196654389,-9.643099490413858,0 -35.71927661393439,-9.644563604946239,0 -35.71973341584582,-9.646142307584592,0 -35.72003831829769,-9.649224981285027,0 -35.7202473733204,-9.649797958126442,0 -35.72118410102282,-9.650666119722384,0 -35.7220314456014,-9.651824421150263,0 -35.72611182179732,-9.658460086283364,0 -35.72589896078528,-9.658979566388922,0 -35.7246299745897,-9.660173094807227,0 -35.72353694937853,-9.660279016301772,0 -35.72530756121079,-9.66844684553234,0 -35.72589083413366,-9.668174754005634,0 -35.72600202158554,-9.668386723661367,0 -35.72627829279931,-9.668604431217549,0 -35.72760091992021,-9.668661031258502,0 -35.72750094122645,-9.667149806117584,0 -35.73322510523957,-9.666835629421564,0 -35.73311739596046,-9.667088350686555,0 -35.73420280956667,-9.667743061574068,0 -35.73319705146572,-9.669300992157599,0 -35.73333981789324,-9.669687117384198,0 -35.73565641778899,-9.66979068422851,0 -35.73660390864544,-9.667515554649299,0 -35.73853169283068,-9.66623877856803,0 -35.73907135797045,-9.666520748346514,0 -35.73942263844562,-9.666604501111268,0 -35.73962920430701,-9.666506101556033,0 -35.7434150241541,-9.667512399100465,0 -35.74346072233931,-9.666583923422001,0 -35.7433253214226,-9.665672909979365,0 -35.7433961917199,-9.665339262251536,0 -35.74328038887739,-9.664449097525994,0 -35.74987058380626,-9.663939951900716,0 -35.74866109490572,-9.66161391057317,0 -35.74802004376155,-9.662028025973486,0 -35.74708004387367,-9.662470991240966,0 -35.74660356932221,-9.662565249714095,0 -35.74619366975193,-9.660253854411023,0 -35.74591129612294,-9.659125719941411,0 -35.74566503323062,-9.658728019074035,0 -35.74571342665227,-9.658514378734509,0 -35.74591254944286,-9.658439204641782,0 -35.74643829096645,-9.661020107649412,0 -35.74664116106242,-9.662028464718139,0 -35.74739028734542,-9.663374307915745,0 -35.74944195261471,-9.663041377519617,0 -35.74898755767678,-9.662191826705074,0 -35.75184514680742,-9.660865214746174,0 -35.75389390846469,-9.661434509602833,0 -35.75813672275929,-9.659332035436893,0 -35.75852586159921,-9.663381281339502,0 -35.76182331186178,-9.663155195150182,0 -35.76155303590163,-9.6601723268019,0 -35.76051008799476,-9.657786335562772,0 -35.76543642387265,-9.655776961265401,0 -35.76603447015994,-9.65776054540047,0 -35.76591340822007,-9.659857280032979,0 -35.7642683208583,-9.663983768658406,0 -35.76398867055291,-9.665312579889035,0 -35.76518548200346,-9.67362720769425,0 -35.76472563167518,-9.673698298817905,0 -35.76415832137369,-9.673575777578932,0 -35.76306581023628,-9.673538537660328,0 -35.76242727567165,-9.673603759922795,0 -35.7618649866338,-9.673784734018012,0 -35.7610419187653,-9.674681534795715,0</coordinates></LineString></Placemark><Placemark><name>0033 Jose Tenorio / Centro</name><styleUrl>#style_ida</styleUrl><LineString><tessellate>1</tessellate><coordinates>-35.70946411119568,-9.609852915270046,0 -35.7099000182766,-9.610094944876641,0 -35.71027062184375,-9.610082845203147,0 -35.71097691341311,-9.609747848474697,0 -35.7114672309487,-9.60934494076846,0 -35.71276871663877,-9.608632081209596,0 -35.71408903231079,-9.607523722547677,0 -35.71687760231436,-9.603081597080577,0 -35.71819882345314,-9.601929872579575,0 -35.72006236054831,-9.601256556343339,0 -35.72081746865902,-9.60134834637905,0 -35.72104341399122,-9.601582548524492,0 -35.72150887023738,-9.60252553689537,0 -35.72228213849433,-9.604318260535994,0 -35.72233821656644,-9.604535438402602,0 -35.72262022859179,-9.604594090568035,0 -35.72242165394852,-9.605608451324334,0 -35.72227250886869,-9.606703471575116,0 -35.72185736319952,-9.607727641384695,0 -35.72000063102404,-9.610306657770153,0 -35.71821348792175,-9.612437966367573,0 -35.71754587871188,-9.61525610161879,0 -35.71781850511869,-9.615473342391923,0 -35.71870385121791,-9.615514148510266,0 -35.71930929105989,-9.61600447700965,0 -35.72269408082224,-9.620460154045745,0 -35.72492599444539,-9.623139579664016,0 -35.72607107866646,-9.62381128516065,0 -35.72722944015203,-9.623955415527648,0 -35.72947082486137,-9.624915271782841,0 -35.73033931256011,-9.623050504472651,0 -35.73078505642977,-9.62192930998731,0 -35.73206814627837,-9.622466183964479,0 -35.73207387465786,-9.621805051204472,0 -35.73164413236122,-9.621658038884581,0 -35.73136048051732,-9.622277822280877,0 -35.7308601383417,-9.62209033416958,0 -35.73046164427713,-9.62297959140018,0 -35.72954209582952,-9.624977202901423,0 -35.73146573119095,-9.625752096749746,0 -35.73784324972481,-9.628478394184985,0 -35.73724626024968,-9.63175169753932,0 -35.736106335681,-9.637398302316564,0 -35.73347177783224,-9.650298270508257,0 -35.73387089221949,-9.65129715513287,0 -35.73378542994669,-9.653499197174648,0 -35.73565264456797,-9.657574038104398,0 -35.7364109564624,-9.659025924681652,0 -35.73870720050518,-9.660445780845182,0 -35.73890850017287,-9.660499900388983,0 -35.73869193762251,-9.661041956225422,0 -35.73852916923226,-9.661371817010144,0</coordinates></LineString></Placemark><Placemark><name>0610 - Terminal Cruz das Almas X Ouro Preto</name><styleUrl>#style_ida</styleUrl><LineString><tessellate>1</tessellate><coordinates>-35.69721014551519,-9.630113134943649,0 -35.6971831762686,-9.62986015063996,0 -35.69669414298878,-9.629897680326302,0 -35.69672580521286,-9.630499410997166,0 -35.69942386349431,-9.630439468498558,0 -35.69868082543212,-9.629096419463089,0 -35.69775602794761,-9.627454197835775,0 -35.69769372659429,-9.627320919391803,0 -35.69779069120322,-9.627201369037747,0 -35.69798006522235,-9.627566144805689,0 -35.69838932436121,-9.628487823892476,0 -35.69949579626299,-9.630371602120418,0 -35.70074105027186,-9.632582425861209,0 -35.701671854692,-9.634048054966122,0 -35.70316557714317,-9.636246947691127,0 -35.70458731065369,-9.63836481817382,0 -35.7086132574814,-9.641347527923585,0 -35.71377827443088,-9.645932037528661,0 -35.71737907666132,-9.64910462603711,0 -35.72016278905527,-9.652450899701217,0 -35.72269953412658,-9.656114586141255,0 -35.72643288846906,-9.659761443619226,0 -35.72845592077889,-9.661380053351804,0 -35.72886427796704,-9.660902892254413,0 -35.72919316393471,-9.65987069021195,0 -35.7298615471918,-9.659636332934728,0 -35.73061200460889,-9.660027543406288,0 -35.73121797942701,-9.660648381522869,0 -35.73212500644907,-9.66065074124992,0 -35.733118745756,-9.659212245497484,0 -35.73343842619528,-9.6578178724186,0 -35.73318886803106,-9.654729576203614,0 -35.73317372147369,-9.650780082974789,0 -35.73375778171242,-9.647999505849363,0 -35.73526801600553,-9.640392581408905,0 -35.7371485569527,-9.6308892992444,0 -35.7382833384895,-9.625279877573353,0 -35.73894268762958,-9.620327186601035,0 -35.73925514234325,-9.617041073551317,0 -35.73469811318499,-9.615501015524979,0 -35.7341574676627,-9.617033464250252,0 -35.73190145056208,-9.614925194725386,0 -35.73129359656496,-9.614465403328186,0 -35.73128976662996,-9.613916840337248,0</coordinates></LineString></Placemark><Placemark><name>0404 - Trapiche / Novo Mundo</name><styleUrl>#style_ida</styleUrl><LineString><tessellate>1</tessellate><coordinates>-35.761021505257,-9.674626865907648,0 -35.76181953803948,-9.673729554023224,0 -35.76353094262282,-9.673505223784723,0 -35.76500854965271,-9.673652724836396,0 -35.76522987853998,-9.67343146868521,0 -35.76519247015267,-9.673093439672252,0 -35.76480486790962,-9.670534499492389,0 -35.76429868144341,-9.667438411706161,0 -35.76404388693749,-9.664686424941332,0 -35.76509539292034,-9.662118368682306,0 -35.76602723364773,-9.657789716622247,0 -35.76532191003099,-9.65572370271724,0 -35.76042165368263,-9.657779946657087,0 -35.7615040459461,-9.660009389616993,0 -35.76177670423451,-9.663250959363918,0 -35.75963822745976,-9.663331285344686,0 -35.75848481064376,-9.663421102439534,0 -35.75808127099493,-9.659555180271589,0 -35.75801738214791,-9.65933588162762,0 -35.75620154759249,-9.660324733340541,0 -35.75385937824606,-9.661472627328976,0 -35.7517406800084,-9.66082609961102,0 -35.74895798644249,-9.662230703770515,0 -35.74945542497395,-9.663087394059252,0 -35.74738760094142,-9.663375485982332,0 -35.7466928979372,-9.662116992552471,0 -35.74613392217997,-9.659700080889628,0 -35.74653845158358,-9.661862293172069,0 -35.74593719428512,-9.658569103382778,0 -35.74584829123533,-9.65845318184531,0 -35.74566673058096,-9.658579988807514,0 -35.74570003568154,-9.658774552530087,0 -35.7458644044701,-9.658870491852866,0 -35.74593486432841,-9.659172285943287,0 -35.74618730488064,-9.660420763580547,0 -35.74647300653854,-9.661848366348684,0 -35.74663602042219,-9.662608167148655,0 -35.74751051824245,-9.662271826877177,0 -35.74867579601295,-9.661633363146214,0 -35.74939725298171,-9.663059603720157,0 -35.74986438444755,-9.663985540794435,0 -35.74632985420936,-9.664231768626069,0 -35.74129793324149,-9.664585816355483,0 -35.74160523819452,-9.66353151077958,0 -35.74168847968362,-9.662566992048175,0 -35.73783999210918,-9.661490997619222,0 -35.73848866534454,-9.660271148695237,0 -35.73895957670375,-9.660467343979544,0 -35.7380128512727,-9.66258621329949,0 -35.73769605399161,-9.663344666694819,0 -35.73767290179705,-9.664221063275445,0 -35.73634367421297,-9.664203188579343,0 -35.73760795368111,-9.663338308504507,0 -35.7369528925454,-9.663199368661854,0 -35.73747502071501,-9.662290182933964,0 -35.73632116679136,-9.661723025664916,0 -35.73462411779362,-9.6606482985679,0 -35.73358231032643,-9.659962646550923,0 -35.73310270027073,-9.659460564206489,0 -35.73331722293536,-9.658666593083833,0 -35.73330437034838,-9.655965470497865,0 -35.7330952747287,-9.652582019929696,0 -35.7331734050859,-9.650824055499644,0 -35.73405838060852,-9.646655219976607,0 -35.73491514217335,-9.642160691782145,0 -35.73796610492894,-9.627176202163815,0 -35.73938622366234,-9.615504205425296,0 -35.74010343826237,-9.610174277583035,0 -35.7405196552873,-9.607912078863825,0 -35.74065445693851,-9.607363475320978,0 -35.74011058161657,-9.606955305274212,0 -35.73618784099028,-9.603596517395744,0 -35.7351657566636,-9.60280300595323,0 -35.7341788524559,-9.604148862009986,0 -35.73531759545764,-9.604994974029223,0 -35.73473430665653,-9.605557477699563,0 -35.7312672950174,-9.602815463451089,0 -35.72934115272528,-9.601761548752158,0 -35.72928595354085,-9.60067414027633,0 -35.72939869420534,-9.600182366833193,0 -35.73074032674639,-9.600825061325628,0 -35.73199739076573,-9.601449870180145,0 -35.73072170762475,-9.603199761098198,0 -35.72969360786401,-9.604756191952378,0 -35.72970156892272,-9.605375724929674,0 -35.73006657042129,-9.609735993064108,0 -35.73031085046856,-9.610696739151436,0 -35.73017933256966,-9.611378833429008,0 -35.7304810108189,-9.61224851439384,0 -35.73118005308945,-9.613003440398124,0 -35.73127217668236,-9.614317630355478,0 -35.73216365109087,-9.614899660635093,0 -35.7326198999711,-9.615134522780917,0 -35.73262764680799,-9.615272525597526,0 -35.73256153873415,-9.615345365485236,0 -35.73243234420323,-9.615322972681186,0 -35.73180273136322,-9.614765623024777,0 -35.73111360380082,-9.614373552158318,0 -35.72968700423377,-9.614221317448695,0 -35.72503634551587,-9.614388651131632,0 -35.72437610544815,-9.614397571523076,0 -35.72435391563834,-9.61588929356184,0 -35.72488172094517,-9.617987224422485,0 -35.72603456544945,-9.621193569488355,0 -35.72629099135478,-9.621384961028458,0 -35.72631168497775,-9.62146273840043,0 -35.72624793306436,-9.621481469038642,0</coordinates></LineString></Placemark><Placemark><name>0903 - T.I. Benedito Bentes / T.I. Eustáquio Gomes (Via Forene)</name><styleUrl>#style_ida</styleUrl><LineString><tessellate>1</tessellate><coordinates>-35.72619473640476,-9.54961629347355,0 -35.72588475842586,-9.549929977859751,0 -35.72612024351633,-9.550077854561502,0 -35.72625531709173,-9.550082294480006,0 -35.72717831911879,-9.549149881407617,0 -35.72773948883442,-9.548591047783946,0 -35.72807655302409,-9.548910010145308,0 -35.72879494108277,-9.548164640809278,0 -35.73004431754925,-9.546895496097179,0 -35.73240515335696,-9.549109193902849,0 -35.74554489115476,-9.561343933730747,0 -35.74571788269604,-9.561732250689486,0 -35.74613251075426,-9.561482386160774,0 -35.74709997407955,-9.559210878469127,0 -35.74807894312219,-9.556962092563007,0 -35.74911549610481,-9.555837699525156,0 -35.74849355631178,-9.553895572818483,0 -35.74843345027126,-9.55324359759402,0 -35.74640326266165,-9.552848290135904,0 -35.74494203226527,-9.552542246682187,0 -35.74450129227449,-9.550179312390219,0 -35.74433965293444,-9.549701120176547,0 -35.74496680795346,-9.548451433176037,0 -35.74583965093586,-9.54681281636703,0 -35.75389112920662,-9.550885148555327,0 -35.75504170920312,-9.548646939799639,0 -35.75215072959048,-9.547230049048007,0 -35.75301053582964,-9.545626182119902,0 -35.75410861152437,-9.543521741029062,0 -35.75242009506153,-9.542643193408411,0 -35.75431193098247,-9.538944984515584,0 -35.75959038024278,-9.541641016172392,0 -35.75865644087399,-9.54346959967665,0 -35.76205360877945,-9.545231367073368,0 -35.75921140999007,-9.550837142387627,0 -35.7673593945445,-9.554907932960871,0 -35.76753534258708,-9.554480821894579,0 -35.76911881870981,-9.555348348896528,0 -35.77078358696316,-9.551931486822218,0 -35.77294920846812,-9.553012553460688,0 -35.78166977930306,-9.557539913181943,0 -35.78064900040855,-9.559832584784083,0 -35.78112255612466,-9.560245687994545,0 -35.78203121274865,-9.560728707442978,0 -35.78174607725066,-9.561334327075555,0 -35.78418163205252,-9.561018321381194,0 -35.7865736631086,-9.55679054760091,0 -35.78988550429117,-9.55863788573971,0 -35.79105376060149,-9.552980344290052,0 -35.78972883301802,-9.551597708426197,0 -35.78856227596555,-9.550639700696559,0 -35.79265353889715,-9.545693058188093,0 -35.79595777014562,-9.541757395306192,0 -35.79647828550988,-9.541109011747887,0 -35.79678126428804,-9.540243850555173,0 -35.79670623317194,-9.539894332844607,0 -35.79935721770241,-9.535626811824917,0 -35.79770030116331,-9.535370004909147,0 -35.79550713569439,-9.53446646506512,0 -35.79493184529743,-9.5344618673412,0 -35.79369922263822,-9.536499073076952,0 -35.78902352854048,-9.544569721719515,0 -35.78519037799596,-9.542425288642601,0 -35.78334091235245,-9.541451918744947,0 -35.78295704325434,-9.542121442880878,0 -35.78299136270502,-9.542257243233422,0 -35.78307276478915,-9.542276234944394,0</coordinates></LineString></Placemark><Placemark><name>0901 - T.I. Benedito Bentes / T.I. Eustáquio Gomes (Via Hospital)</name><styleUrl>#style_ida</styleUrl><LineString><tessellate>1</tessellate><coordinates>-35.72617928526503,-9.549597039268194,0 -35.72585346257009,-9.549931198869153,0 -35.72609131315593,-9.550157720896758,0 -35.72684070605419,-9.549479760953027,0 -35.72772271799001,-9.548578863814072,0 -35.72807565012327,-9.548897902102997,0 -35.73002265329011,-9.546919854926774,0 -35.7450199720484,-9.561075523683579,0 -35.7457671896452,-9.561809360152198,0 -35.74644412394625,-9.560709888793092,0 -35.74825272562319,-9.556740965898578,0 -35.7505077424925,-9.554827537350404,0 -35.75384261874747,-9.554410425405251,0 -35.75585510611018,-9.555194207518905,0 -35.76450962867477,-9.55965375193764,0 -35.77517232545105,-9.564867522703505,0 -35.77669545316176,-9.565419240587556,0 -35.77719084799749,-9.565417865693865,0 -35.77764368278213,-9.565110411995976,0 -35.77877948143718,-9.562914299734855,0 -35.78137507805279,-9.557520174846202,0 -35.77065105534901,-9.551981423330044,0 -35.77082238491638,-9.551858034469172,0 -35.77665884846546,-9.554991592235774,0 -35.78150849553123,-9.557463296784844,0 -35.78274785604326,-9.554933695095352,0 -35.78745750562125,-9.546928636035167,0 -35.78883573349042,-9.54441100465772,0 -35.78334770806203,-9.541421701345236,0 -35.78295628302161,-9.54213954351682,0 -35.78300435308642,-9.542241124952257,0 -35.78310049218204,-9.54225466879581,0</coordinates></LineString></Placemark><Placemark><name>0114 - Cruz das Alamas X Trapiche</name><styleUrl>#style_ida</styleUrl><LineString><tessellate>1</tessellate><coordinates>-35.69670793585194,-9.630191817025118,0 -35.69673986788926,-9.630589254888097,0 -35.69726671729332,-9.630514488836335,0 -35.6972188183309,-9.629892754067857,0 -35.69573805914614,-9.629932105892072,0 -35.69480715654192,-9.627681676777556,0 -35.69330774885323,-9.623492023433183,0 -35.68979991282592,-9.61729405532743,0 -35.68818351865766,-9.615098372571367,0 -35.689204607066,-9.614364133389607,0 -35.68926747858468,-9.614882710786217,0 -35.68872552131288,-9.613655343578703,0 -35.6884864566758,-9.613214590786045,0 -35.68870522207253,-9.613035214374205,0 -35.68889109880696,-9.613437973757703,0 -35.68928488646058,-9.614180013004765,0 -35.69058778451427,-9.61565719418717,0 -35.6916209641458,-9.617283126415721,0 -35.69303876146802,-9.61948525650081,0 -35.69470338616253,-9.621456275379309,0 -35.69578753417955,-9.623614552750288,0 -35.69694883096412,-9.62599512113565,0 -35.69761599028566,-9.626899535123972,0 -35.69814763870431,-9.627701176573263,0 -35.69831443649279,-9.628256162645137,0 -35.69963836205746,-9.630589153485529,0 -35.70055572924755,-9.632182163794424,0 -35.70127501890365,-9.633446291678466,0 -35.70260937902279,-9.63542984049075,0 -35.70301131834314,-9.635313246365161,0 -35.70375918063439,-9.634937360505107,0 -35.70727508634292,-9.634375346669295,0 -35.70782163192709,-9.634520975694944,0 -35.70905506371976,-9.635212717123409,0 -35.70996353039421,-9.63530008794747,0 -35.71134736590299,-9.635408685581321,0 -35.71256602295127,-9.636595576739014,0 -35.71376253600449,-9.636908676729023,0 -35.71436079371134,-9.636384394574772,0 -35.71562374208066,-9.635852838220698,0 -35.71589701526742,-9.635889245375708,0 -35.71597087397392,-9.636289731150343,0 -35.71617029048929,-9.636420799412615,0 -35.7170935154686,-9.636318854505717,0 -35.71687193344712,-9.634432927140171,0 -35.71809797997023,-9.634360097048566,0 -35.71808320976076,-9.636260597083455,0 -35.71826047564736,-9.637636813755105,0 -35.71764509710226,-9.639470224998568,0 -35.71791090998978,-9.641678953995612,0 -35.71914503483963,-9.643784736797043,0 -35.72008487119077,-9.643831533706594,0 -35.72115761561027,-9.643859611560197,0 -35.72332206896902,-9.645310258184628,0 -35.72448369704065,-9.646896329282548,0 -35.72508177171494,-9.647317483275254,0 -35.72596464503641,-9.647326840231248,0 -35.72658170776917,-9.647055426892074,0 -35.7266766328294,-9.64582003543921,0 -35.72637491062587,-9.645611922074352,0 -35.72617950547095,-9.645336039424311,0 -35.72622051647455,-9.645183827704939,0 -35.72634354913539,-9.64517193593605,0 -35.7266426878892,-9.64541452229937,0 -35.72677537163223,-9.645856886402946,0 -35.72674159988475,-9.646439571678782,0 -35.72674375939538,-9.646977833294928,0 -35.72704840377334,-9.647214430703666,0 -35.72859545759285,-9.64791287454348,0 -35.73110514943455,-9.648940243638004,0 -35.7349423861051,-9.65010600239261,0 -35.73603946693646,-9.651478841122277,0 -35.73725812404606,-9.652342792103001,0 -35.73792278728162,-9.653172739594204,0 -35.73934187385013,-9.653227221899249,0 -35.74089895651113,-9.654017122804666,0 -35.74119059733087,-9.6541812419478,0 -35.7403227240397,-9.65596910402426,0 -35.73978461554527,-9.657751736684355,0 -35.73996539568816,-9.658474244810861,0 -35.74074170246799,-9.659105824342145,0 -35.74266815307296,-9.660528364664923,0 -35.74251014981562,-9.66164230239867,0 -35.7438365001183,-9.661938425611636,0 -35.74630588535093,-9.6626911480434,0 -35.74692845207977,-9.66256039293937,0 -35.75071052423232,-9.660501355994553,0 -35.75430592731735,-9.658475760597074,0 -35.75621941167297,-9.66085992618716,0 -35.75704740563821,-9.661962180740078,0 -35.75753646542677,-9.663213377394376,0 -35.76094311364333,-9.663001829046546,0 -35.76181466974532,-9.663069779456812,0 -35.76156870723148,-9.660375689539297,0 -35.76129548764794,-9.659534410628728,0 -35.7604922352925,-9.657757847811347,0 -35.76527782563443,-9.6557889037897,0 -35.766078147814,-9.657685803526103,0 -35.76602804957859,-9.659731700344432,0 -35.76494945300657,-9.662591151106438,0 -35.76413692957139,-9.664763723252278,0 -35.76445150871553,-9.668450087533008,0 -35.76512903044986,-9.671183736180788,0 -35.76535803321142,-9.67284577578391,0 -35.7654019158588,-9.67355716482676,0 -35.76514919914173,-9.673768860246682,0 -35.76452576851313,-9.67370364158706,0 -35.76365534379466,-9.67360185970546,0 -35.76318383449114,-9.673637361784568,0 -35.76282920905436,-9.673226852083301,0 -35.76262362540412,-9.673165666068837,0 -35.76160736962784,-9.672858289321537,0 -35.76143751020385,-9.672815188866315,0 -35.76092818159169,-9.674537409070092,0 -35.76108103741564,-9.674610984945337,0 -35.76153457671648,-9.674011501539042,0</coordinates></LineString></Placemark><Placemark><name>0708 - Cruz das Almas x Ponta Verde</name><styleUrl>#style_ida</styleUrl><LineString><tessellate>1</tessellate><coordinates>-35.69673602986287,-9.630108809640266,0 -35.69670349093295,-9.630577179525206,0 -35.6994302452197,-9.630346193778918,0 -35.69769916716284,-9.627304996335228,0 -35.69780979766638,-9.627157427064189,0 -35.69826534184712,-9.628164742790567,0 -35.70014245086958,-9.631503856084361,0 -35.70079156450074,-9.63279154968841,0 -35.70254074484508,-9.635391713218302,0 -35.70281717161577,-9.635409583884174,0 -35.70426272778577,-9.634833255218364,0 -35.70689073730841,-9.634475586244692,0 -35.70755234507887,-9.634444310850357,0 -35.70888462428292,-9.635101053310711,0 -35.70989969950995,-9.635257416084366,0 -35.71122492185446,-9.635383796060951,0 -35.71277221595157,-9.63668044252852,0 -35.71372679727233,-9.636924515715922,0 -35.71433675089248,-9.636428736657203,0 -35.71580670080025,-9.635727008047628,0 -35.71591500837819,-9.634842229240205,0 -35.71541985671352,-9.63286674709852,0 -35.71537092808544,-9.631503223545101,0 -35.71680214657853,-9.62868110355778,0 -35.71708805738113,-9.626013039446695,0 -35.71553307114485,-9.626157959522281,0 -35.7155253366652,-9.625540145644806,0 -35.71700295661254,-9.62544861708105,0 -35.71709764165561,-9.627170667872546,0 -35.71848583559384,-9.626942674704127,0 -35.72017520388746,-9.626729583657552,0 -35.72192603131469,-9.62664499052729,0 -35.72378128611975,-9.627559557008132,0 -35.72447700815781,-9.628165952009377,0 -35.72494082282719,-9.629845962658807,0 -35.72557884572191,-9.63390496336621,0 -35.72663206069892,-9.636649204055594,0 -35.7287904399834,-9.641357599301468,0 -35.72886524004186,-9.642176896599938,0 -35.72850790475727,-9.644217596231696,0 -35.72846578171932,-9.645368677728268,0 -35.7283368163617,-9.645645011143873,0 -35.72753865945086,-9.645615323616932,0 -35.7267457064918,-9.645774706680793,0 -35.72644571666621,-9.64568466601141,0 -35.72617008727191,-9.645373644647973,0 -35.72620627795418,-9.645203365820782,0 -35.72636367510094,-9.645173099608012,0 -35.72667300642232,-9.645494623423208,0 -35.72673921378455,-9.645634061440404,0 -35.7267089913559,-9.646494277053744,0 -35.72670498794501,-9.646971260035182,0 -35.72662867630347,-9.647214198507442,0 -35.72610407849472,-9.647308468613517,0 -35.7251461291312,-9.647411001069068,0 -35.72447173522308,-9.647014531080762,0 -35.7235752679503,-9.645730491780606,0 -35.72257246075892,-9.644852829118616,0 -35.72156961039074,-9.644250382139425,0 -35.72118224537276,-9.64394398091911,0 -35.72063007061177,-9.643886064911989,0 -35.71934130136967,-9.643889368427468,0 -35.7192054189624,-9.644120431276662,0 -35.71961983839644,-9.64572258490965,0 -35.71984185832429,-9.646936055628421,0 -35.72009491111004,-9.64914978919744,0 -35.72034855591647,-9.649948005765433,0 -35.72187289745226,-9.651607457660251,0 -35.7229295396878,-9.653304599745109,0 -35.7252121613722,-9.656966121363592,0 -35.72606684957795,-9.658467392143832,0 -35.72591498812293,-9.658895363369686,0 -35.72567736369844,-9.659130310846923,0 -35.72734094446604,-9.660683605210291,0 -35.72781933306048,-9.660923123215854,0 -35.72806699316857,-9.661179740669336,0 -35.72795823482245,-9.661326328355042,0 -35.72724270120415,-9.660878469539755,0 -35.72681035004543,-9.660585378487063,0 -35.72647491320875,-9.66133360360882,0 -35.72615542331184,-9.662220561245094,0 -35.72567222250694,-9.662882253848165,0 -35.72440084061157,-9.664577847827069,0 -35.72304201518477,-9.666057379967173,0 -35.72318458329752,-9.666244254526573,0 -35.72267175388319,-9.66675871191908,0 -35.72261122316799,-9.667265273850516,0 -35.72602638570945,-9.667069684977072,0 -35.72677398820183,-9.667007932337684,0 -35.72675752025697,-9.666120265622876,0 -35.72679555137847,-9.665710975381858,0 -35.72690668295946,-9.665635897227062,0 -35.72755277398517,-9.665871952616667,0 -35.72753801483476,-9.667060660780209,0 -35.72762681323407,-9.670158342706506,0 -35.72875056357947,-9.67007130753047,0 -35.7288892506409,-9.670165737774667,0 -35.72888623871054,-9.670343440729456,0 -35.72879006944145,-9.670499865122178,0 -35.72594091675043,-9.67233662027982,0 -35.72529107877197,-9.672670368524633,0 -35.72441099510004,-9.672550626016156,0 -35.72407859746671,-9.672446388189702,0 -35.72310435845336,-9.6727664973907,0 -35.72174146283558,-9.673521086161575,0 -35.72147144823248,-9.67368142765527,0 -35.7209243371616,-9.673626388532357,0 -35.72062566343924,-9.673904856447297,0 -35.72000157473987,-9.67446785575495,0 -35.71932918442482,-9.674706371643431,0 -35.71824015370714,-9.674682039328534,0 -35.71801938295035,-9.674289591641989,0 -35.7180681357988,-9.674113140849098,0 -35.71877782941794,-9.674040242672485,0 -35.7188911473731,-9.673964121931009,0 -35.7186408514665,-9.673362152345836,0 -35.71803988608848,-9.67232255481218,0 -35.71728653550105,-9.671297265010775,0 -35.71589972934182,-9.66943305100718,0 -35.71545815299073,-9.66890882566497,0 -35.71492782025749,-9.668087540803626,0 -35.71238580758674,-9.665512148841918,0 -35.71100311340305,-9.664123146551205,0 -35.7094606272754,-9.663289076236719,0 -35.70801087321541,-9.662744321254609,0 -35.70685100819745,-9.662321189419737,0 -35.70571266161848,-9.662079812389292,0 -35.70449687705801,-9.661952101791947,0 -35.70334246863383,-9.66208746953499,0 -35.70140569958834,-9.662267978656898,0 -35.69949592191914,-9.662649891894208,0 -35.69589868436525,-9.663747009049693,0 -35.69564511259195,-9.663465219205264,0 -35.69677770133236,-9.661666962988235,0 -35.6975507789013,-9.660151318364141,0 -35.69830604205465,-9.658710065662028,0 -35.698523674028,-9.656678617069412,0 -35.69885256873867,-9.656686144703983,0 -35.6990597455046,-9.656695442693149,0</coordinates></LineString></Placemark><Placemark><name>0004 - Rio Largo - Mata do Rolo</name><styleUrl>#style_ida</styleUrl><LineString><tessellate>1</tessellate><coordinates>-35.783141841512,-9.542181668861247,0 -35.78355942015518,-9.541482170625113,0 -35.78306747915465,-9.54126216695936,0 -35.78363950333151,-9.540348303205743,0 -35.78533159512232,-9.537280737522194,0 -35.79120011153953,-9.540421450862613,0 -35.79251924977994,-9.538112099445527,0 -35.79654836844548,-9.531161538571077,0 -35.80057279045509,-9.523273071576183,0 -35.81136271656631,-9.499785713554585,0 -35.81491349185724,-9.491030442134763,0 -35.82170669936281,-9.474689684001543,0 -35.82259701205687,-9.472137754911817,0 -35.82404886257284,-9.468802732674815,0 -35.82424152407444,-9.468855519650713,0 -35.82382409255026,-9.469916556814715,0 -35.82249427438782,-9.473032564973765,0 -35.82202867093687,-9.474230850209517,0 -35.82229090873473,-9.474442002895236,0 -35.82363421434479,-9.474616205486234,0 -35.82561944907528,-9.474822984596926,0 -35.82751934371011,-9.475630641524694,0 -35.83111610383278,-9.47701534476768,0 -35.83427276412113,-9.478151773715865,0 -35.83642341269729,-9.477751908752829,0 -35.83840891213762,-9.478551833177724,0 -35.8404290434809,-9.480557904623348,0 -35.84146659121046,-9.481513513387014,0 -35.84347984806849,-9.482597871753509,0 -35.84699263691243,-9.484599710774384,0 -35.84760314578841,-9.4850465779639,0 -35.84804301257751,-9.485017652031795,0 -35.84821309970614,-9.485486208566664,0 -35.84860060353297,-9.486724745117339,0 -35.84916211471843,-9.486872428532376,0 -35.85033006958354,-9.486776417878641,0 -35.85297711899656,-9.486930915574858,0 -35.85369585091034,-9.487285363510464,0 -35.85387553354273,-9.487492125379918,0 -35.85502850754013,-9.486650288861389,0 -35.8574776203416,-9.485080937984842,0 -35.85764232866224,-9.485228625214521,0</coordinates></LineString></Placemark><Placemark><name>0606 - Jose Tenorio / MCZ Shopping</name><styleUrl>#style_ida</styleUrl><LineString><tessellate>1</tessellate><coordinates>-35.69874156901028,-9.656730478671136,0 -35.69852089573541,-9.65669318476452,0 -35.69867221562504,-9.655748411321186,0 -35.69890207819114,-9.65260537292111,0 -35.69923731610852,-9.651620013343376,0 -35.70028866350786,-9.648886713072491,0 -35.70036936729924,-9.648317532399657,0 -35.7001707107318,-9.647270970884382,0 -35.69966279400094,-9.645524967164956,0 -35.69968141810262,-9.645384201898722,0 -35.70003409957913,-9.645295170308415,0 -35.70025512608053,-9.645296347840128,0 -35.70884390248379,-9.644946808306758,0 -35.710287805124,-9.644968992245467,0 -35.71216043265434,-9.646859456408071,0 -35.71593362844211,-9.650892118287677,0 -35.7228768000244,-9.657414114567938,0 -35.72400367195008,-9.662751521831776,0 -35.72525988629969,-9.668285149782927,0 -35.72594764898682,-9.668169740866414,0 -35.7261086204762,-9.66844381980829,0 -35.72663543014898,-9.66870346902247,0 -35.72758661289146,-9.66868903204256,0 -35.72764511593452,-9.667044537793316,0 -35.72861094453173,-9.667087791645292,0 -35.73326428648409,-9.666784842634833,0 -35.73250335624674,-9.668111995284335,0 -35.7328696467847,-9.668307390237652,0 -35.73312799779961,-9.668390056764235,0 -35.73469441509369,-9.66575992476066,0 -35.73029169085427,-9.662820845544134,0 -35.72879351641222,-9.661582678628076,0 -35.72902322381977,-9.660004001783642,0 -35.72926338013765,-9.659830364547407,0 -35.72970159813335,-9.659702350775152,0 -35.73031096256101,-9.659793685968763,0 -35.73062125232487,-9.660050829420003,0 -35.73102949868476,-9.660512464455715,0 -35.73186301621791,-9.660767165794585,0 -35.7328158851338,-9.659871387825067,0 -35.73304547806026,-9.659739640992653,0 -35.73362046582226,-9.660131751104839,0 -35.73410108834926,-9.660410790480475,0 -35.73445515855145,-9.659761959374805,0 -35.73478118984055,-9.658393980316832,0 -35.7354557532331,-9.658357948623472,0 -35.73592077640978,-9.6581352002318,0 -35.73515930372784,-9.656295674903138,0 -35.73435651268834,-9.654610434073863,0 -35.73381120430101,-9.653305782317624,0 -35.73375665774268,-9.65117368078152,0 -35.73344501183178,-9.650422733981458,0 -35.73368321653845,-9.64935552525957,0 -35.73437922998803,-9.646034510698778,0 -35.73527371480905,-9.641451351065696,0 -35.73632575964789,-9.63612905868059,0 -35.73757596900009,-9.629954692858492,0 -35.73754714111811,-9.62842017772549,0 -35.73305887670345,-9.626388888009641,0 -35.7295299007341,-9.624933350159505,0 -35.72990813829661,-9.624055179296676,0 -35.73078298688216,-9.621974361573796,0 -35.73137827173642,-9.622203673732278,0 -35.73200588969613,-9.622450734728341,0 -35.73206676050231,-9.621834533374225,0 -35.73166711490988,-9.621675487921717,0 -35.73138741800877,-9.622245816339639,0 -35.73079291171238,-9.622040131179846,0 -35.7303389993363,-9.623127331358102,0 -35.72955299024464,-9.624979909720059,0 -35.7287668774407,-9.624655129997512,0 -35.72762148799684,-9.62413313502433,0 -35.72626497405736,-9.623885013146923,0 -35.72496673796287,-9.623241986146002,0 -35.72408607577736,-9.622285232086469,0 -35.7224448655619,-9.620084049955654,0 -35.72030043002486,-9.617378709985893,0 -35.71910228464803,-9.615791294811105,0 -35.71922451015993,-9.614200933288984,0 -35.72331663126244,-9.614396737935573,0 -35.72999718873083,-9.614111560457637,0 -35.73120527567811,-9.61443602139618,0 -35.73238011188864,-9.615262228920578,0 -35.73259993173788,-9.615299728076142,0 -35.73266318785006,-9.61517703455187,0 -35.73231058397312,-9.614974575187723,0 -35.73149606435472,-9.614459158440777,0 -35.731179389323,-9.614297169531861,0 -35.73033468186422,-9.614116050782831,0 -35.72975581996714,-9.614037861325821,0 -35.72905376131863,-9.613394490030226,0 -35.72622631900003,-9.611031563423644,0 -35.7241197933052,-9.60886210786881,0 -35.72321437143945,-9.607602769662897,0 -35.72278632639952,-9.60612040039257,0 -35.7224335843832,-9.604898812010518,0 -35.72190407750286,-9.60337357017609,0 -35.72100311787633,-9.601574856963708,0 -35.72078075360618,-9.601353315686087,0 -35.71988188434688,-9.601357166936927,0 -35.71854015057854,-9.601946759409998,0 -35.71746393643429,-9.602383727168395,0 -35.71588580634897,-9.604423973191002,0 -35.71410316370237,-9.607601542527203,0 -35.71232209397146,-9.608988830581382,0 -35.71064177010783,-9.609943896118398,0 -35.70994725181543,-9.610082030734441,0 -35.70911730154863,-9.60962636984378,0</coordinates></LineString></Placemark><Placemark><name>0101 - Chã da Jaquiera / Trapiche via João Sampaio - Bom Parto</name><styleUrl>#style_ida</styleUrl><LineString><tessellate>1</tessellate><coordinates>-35.74676232614578,-9.617839007602415,0 -35.74592841558815,-9.616372572758056,0 -35.74505219702666,-9.614830355854561,0 -35.7451218997803,-9.614482963754442,0 -35.74536535237377,-9.614056501682697,0 -35.74569203129218,-9.61337049975817,0 -35.74591110640731,-9.61314883073577,0 -35.74625359920267,-9.613508303750258,0 -35.74754966725689,-9.612156602420825,0 -35.74834544370688,-9.611506511530067,0 -35.74907484823618,-9.611429253333931,0 -35.74926524172337,-9.611255851642362,0 -35.75024182659747,-9.610923409386551,0 -35.75320245802641,-9.610006103437204,0 -35.7538844534414,-9.609825141684773,0 -35.75396961962356,-9.610067808640348,0 -35.75375432530927,-9.610697806405593,0 -35.75353960907355,-9.611586859375755,0 -35.75276032893027,-9.6152174053365,0 -35.75259970329215,-9.615833365516451,0 -35.75243768238047,-9.616959657621534,0 -35.75241522460004,-9.616960826379929,0 -35.75246194658829,-9.6166854033639,0 -35.75253673580281,-9.616037542463433,0 -35.75277732830987,-9.615078551014088,0 -35.75307895280631,-9.613798233983928,0 -35.75337056603453,-9.612291321775679,0 -35.75361839040448,-9.611187554238281,0 -35.75367043792423,-9.610799889816647,0 -35.75351361833491,-9.61002828248546,0 -35.75416863136142,-9.609622605044628,0 -35.75505435289526,-9.608210603508276,0 -35.75639644357252,-9.605995882390822,0 -35.75936757942193,-9.60275256716301,0 -35.75954957849121,-9.602552574479231,0 -35.75986136851542,-9.602755633278182,0 -35.76048312786948,-9.603308766756658,0 -35.76003457842937,-9.603782808578389,0 -35.76110894123675,-9.604674578355578,0 -35.76165067806891,-9.605012806946402,0 -35.76105414378689,-9.606189462950901,0 -35.76152870821107,-9.606501561643501,0 -35.76135493129574,-9.606942262770165,0 -35.75916451435301,-9.60553178304234,0 -35.75894492986626,-9.606036271351263,0 -35.75883144810637,-9.60644282687677,0 -35.7584894392478,-9.607174265162394,0 -35.75817658938372,-9.608459088645068,0 -35.75791089889577,-9.609881866549621,0 -35.75782888957954,-9.610055969591807,0 -35.75753439204889,-9.611288944521528,0 -35.75700581288418,-9.612137628594601,0 -35.75660593386406,-9.612635304817552,0 -35.75652101921627,-9.612811040785378,0 -35.75659743093318,-9.612915417600615,0 -35.75687140524961,-9.612904348747385,0 -35.75698494358542,-9.612932347453391,0 -35.75709767153326,-9.613088563896461,0 -35.75694204664521,-9.613720967997173,0 -35.75686389680472,-9.614014441218247,0 -35.75689038060624,-9.614408321573443,0 -35.75682984121563,-9.61485810745964,0 -35.75618394821149,-9.615160750029814,0 -35.75564324438547,-9.61584463307809,0 -35.75474626922883,-9.61760978462098,0 -35.75429171824203,-9.618648846887659,0 -35.75389185267683,-9.619579215810901,0 -35.75288755894818,-9.620376585101646,0 -35.75226027903284,-9.620854168728327,0 -35.75167882709155,-9.621873425587248,0 -35.75162498622542,-9.622950512612263,0 -35.75179570699645,-9.623576373619093,0 -35.75224337539279,-9.624599073813348,0 -35.75134790247554,-9.626959153489684,0 -35.75059249319478,-9.628615730748013,0 -35.74913273494607,-9.627709610700103,0 -35.74456358218423,-9.625452183578158,0 -35.7441573185584,-9.625477963082945,0 -35.74351504548665,-9.626083086178571,0 -35.74175845998008,-9.628453165762208,0 -35.73961735438566,-9.632958499314963,0 -35.73925421722663,-9.634118069121605,0 -35.73879635766551,-9.634743379762842,0 -35.73634991582966,-9.636077040292577,0 -35.73551798217999,-9.640456279870008,0 -35.73469882357001,-9.64454934202751,0 -35.73751994972179,-9.645686478497288,0 -35.74024808772825,-9.646971952316477,0 -35.74117823321617,-9.647734898195194,0 -35.74299524793685,-9.648140817274177,0 -35.74246837874938,-9.64925879481022,0 -35.7406152974292,-9.653756406923108,0 -35.74114969866076,-9.65413373884907,0 -35.73993945692298,-9.656904728131481,0 -35.73986640947222,-9.65823923657795,0 -35.74075940827805,-9.659142017795142,0 -35.74263073151885,-9.660426954579656,0 -35.74247190148418,-9.661571390229735,0 -35.74623149897702,-9.662661519785901,0 -35.74666781129326,-9.66258324504329,0 -35.75430074621222,-9.65844926964193,0 -35.75698169415429,-9.661945316816709,0 -35.75768138971558,-9.663439491450266,0 -35.75772938702907,-9.664898960713002,0 -35.75771607354285,-9.667795729037238,0 -35.75738546004841,-9.669085333917973,0 -35.76076084454176,-9.670007818765878,0 -35.76109486205532,-9.670124503272977,0 -35.76040591853204,-9.672441655274636,0 -35.76153934886774,-9.672724394984611,0 -35.76083884503533,-9.674777500289622,0 -35.76137304878753,-9.674233560960785,0</coordinates></LineString></Placemark><Placemark><name>0115 - Chã da Jaqueira Trapiche (via centro - prado)</name><styleUrl>#style_ida</styleUrl><LineString><tessellate>1</tessellate><coordinates>-35.74670581381331,-9.617841902035549,0 -35.74504273601063,-9.61479070891849,0 -35.74530270314582,-9.614155189714866,0 -35.74591522376458,-9.613179090816052,0 -35.74628621845371,-9.613485284608178,0 -35.74793503347103,-9.611796415095336,0 -35.74849916147628,-9.61141908316632,0 -35.7490867510685,-9.611408548075834,0 -35.75040252383009,-9.612365497193899,0 -35.75095094371729,-9.613299464500288,0 -35.75136225839259,-9.61504121756308,0 -35.75075999429894,-9.615899011081463,0 -35.75041391730043,-9.617035925477847,0 -35.75135108964766,-9.617920320573429,0 -35.7519937227875,-9.618573721573439,0 -35.75259619765207,-9.620461313407736,0 -35.75179959887326,-9.621649318914182,0 -35.75163416749335,-9.622790749217387,0 -35.75191974218223,-9.624020145742875,0 -35.75219993810622,-9.624488931201249,0 -35.75118296355281,-9.627430078440153,0 -35.75067351609778,-9.628560188548208,0 -35.74964612991116,-9.627982576271581,0 -35.74471297041274,-9.62547121434843,0 -35.74414409079546,-9.625479583643223,0 -35.74303178040902,-9.626827348023664,0 -35.74173363787602,-9.628401599611594,0 -35.73998450969945,-9.63222724987359,0 -35.73948782241,-9.633285556671172,0 -35.73900936333516,-9.634502878117685,0 -35.73652443263306,-9.635963657963712,0 -35.73541468463814,-9.641153607707478,0 -35.73363780505535,-9.649288735298775,0 -35.73351695862141,-9.650718293725344,0 -35.73378471857565,-9.651578728611065,0 -35.73386262187663,-9.653468070112767,0 -35.73499933496485,-9.65592428694793,0 -35.73618350382125,-9.658581662668546,0 -35.73858906227166,-9.660363885228698,0 -35.74246885252334,-9.66151592762631,0 -35.74220398730779,-9.664142605861489,0 -35.7418683336105,-9.667104949487006,0 -35.74707272477583,-9.66844127322363,0 -35.75980382872995,-9.672298113246162,0 -35.76146977764837,-9.67280885956015,0 -35.760845940396,-9.674804593784483,0 -35.76130499115164,-9.67435207292558,0</coordinates></LineString></Placemark><Placemark><name>0041 - Feitosa X Centro / Farol</name><styleUrl>#style_ida</styleUrl><LineString><tessellate>1</tessellate><coordinates>-35.73843589505695,-9.661645688685503,0 -35.73891450753226,-9.66041414575543,0 -35.73646380470615,-9.65893378056473,0 -35.7354335794768,-9.657006491388275,0 -35.73437275804851,-9.65470715527093,0 -35.73384065967264,-9.653394707935899,0 -35.73379729008098,-9.651708388664005,0 -35.73367299501262,-9.650952344436094,0 -35.73346723440825,-9.650275128229925,0 -35.73395459280952,-9.648121197755074,0 -35.7341975905004,-9.646814179640439,0 -35.73264646008789,-9.646465122541226,0 -35.73241388691571,-9.647809134347442,0 -35.7316472218247,-9.647631942702231,0 -35.73147657117633,-9.649107340120933,0 -35.73036833417752,-9.648737960182931,0 -35.72671378783379,-9.646957598145264,0 -35.72671298465158,-9.645520107690825,0 -35.72640648337831,-9.6452106863283,0 -35.72625293753855,-9.645186643719391,0 -35.72617372594559,-9.645370315203643,0 -35.7265197465553,-9.645743083342225,0 -35.72663816460879,-9.645740724157925,0 -35.72704426078668,-9.645698114778126,0 -35.72775906553551,-9.645584762501155,0 -35.72836192614169,-9.645592332069244,0 -35.72848371508591,-9.64518080812317,0 -35.72847944675223,-9.644140174593652,0 -35.72889996780366,-9.642335034691188,0 -35.72869295700274,-9.641120371511228,0 -35.72742421032974,-9.638231874298585,0 -35.72562257011963,-9.633872581621723,0 -35.72486225148669,-9.629467082393134,0 -35.7242259216457,-9.627869032449773,0 -35.72276156357061,-9.626969715470002,0 -35.72135907606823,-9.62657375764741,0 -35.71915194937144,-9.626845260771992,0 -35.71718091228441,-9.627206543919582,0 -35.71705741749793,-9.627168960113467,0 -35.71714575052255,-9.626092647669372,0 -35.71692159403879,-9.625470233405194,0 -35.71550856845858,-9.625526890076156,0 -35.71551458604229,-9.626151735750224,0 -35.71700101747018,-9.626132894977316,0 -35.71695880609203,-9.62758308328534,0 -35.71680407533147,-9.628687394919769,0 -35.71596936537345,-9.630238814475922,0 -35.71533923187796,-9.631517618317531,0 -35.71550814977418,-9.633415449928853,0 -35.71600181828094,-9.63574396458949,0 -35.71693782433174,-9.635575236970688,0 -35.71702053479004,-9.636424372532554,0 -35.7187203593623,-9.636213998347698,0 -35.71873456514594,-9.634406246135997,0 -35.72145637397724,-9.634479264914189,0 -35.72219593432583,-9.63433886658002,0 -35.72249141112414,-9.633952178924945,0 -35.72059343986382,-9.633884715627671,0 -35.71679106633876,-9.633792855403653,0 -35.71714697254398,-9.636373985583916,0 -35.71602596639698,-9.63638378149385,0 -35.71597525059009,-9.635934372519902,0 -35.71584179834777,-9.63583124308952,0 -35.71562828352256,-9.635888256546114,0 -35.71419474725719,-9.636506280333384,0 -35.713671390868,-9.636884388654257,0 -35.71283902735679,-9.636723416269275,0 -35.71137023917148,-9.63543685664224,0 -35.70982059342186,-9.635283412814427,0 -35.7089482855523,-9.63519986688369,0 -35.70793962367298,-9.634642618890947,0 -35.70740909495314,-9.63442276502633,0 -35.70670147490991,-9.634476028329841,0 -35.70365592002904,-9.63493993832187,0 -35.70264463474494,-9.635483517144808,0 -35.70170681222003,-9.63413172294405,0 -35.7007343685388,-9.632499334144521,0 -35.69944790696626,-9.630334198422174,0 -35.69815630553395,-9.62801500292377,0 -35.69767173597555,-9.627308891014495,0 -35.69779182409141,-9.627204531903285,0 -35.69813929909226,-9.62820592245077,0 -35.69904768010534,-9.629774030779346,0 -35.69944779456751,-9.630470852873861,0 -35.6972489912186,-9.630543953144842,0 -35.6971915989969,-9.630106097600656,0</coordinates></LineString></Placemark><Placemark><name>0614 - Trapiche / Mangabeiras</name><styleUrl>#style_ida</styleUrl><LineString><tessellate>1</tessellate><coordinates>-35.76103138499176,-9.674678338110951,0 -35.76212132816125,-9.673609035881066,0 -35.76504372393016,-9.673643747322249,0 -35.76524365931002,-9.673431494011602,0 -35.76475701980677,-9.67047189707282,0 -35.76401346390698,-9.665699695735272,0 -35.76415245392909,-9.663980115789073,0 -35.76512903023706,-9.661842416610284,0 -35.76602868040234,-9.658931527332383,0 -35.7654610247515,-9.655772967533226,0 -35.76396706347708,-9.65629555811852,0 -35.76043400216626,-9.657788251922858,0 -35.76162568951825,-9.660455800014049,0 -35.76169051217327,-9.663238312818107,0 -35.7588724235907,-9.663376518329716,0 -35.75847985312122,-9.663376516259355,0 -35.75805928178848,-9.659382118999684,0 -35.75385555803959,-9.661384327418652,0 -35.75176449534933,-9.660836004731069,0 -35.74901847761845,-9.662213540247047,0 -35.74987371313543,-9.664051813826344,0 -35.74327006544453,-9.664411135481418,0 -35.74348035414523,-9.665793281398274,0 -35.74339619474745,-9.66760390006919,0 -35.74185391313116,-9.667078674595164,0 -35.73942843458375,-9.66651197889552,0 -35.73914802620952,-9.666594906544494,0 -35.73847504760312,-9.666249370094716,0 -35.73658226764437,-9.66753474956894,0 -35.73569892260137,-9.669704728451473,0 -35.73321720072186,-9.669525045868474,0 -35.73316112514705,-9.669276252907352,0 -35.73422677755683,-9.667728234399332,0 -35.73314727327158,-9.667120095904039,0 -35.73331552003896,-9.666539599465377,0 -35.73052542940773,-9.667037144264402,0 -35.72183263893716,-9.667451723253471,0 -35.72116258615827,-9.667733392835222,0 -35.72029377987919,-9.668620088778797,0 -35.71988492666392,-9.67010126732252,0 -35.71980928157276,-9.670124398760093,0 -35.71961678697321,-9.670048494618294,0 -35.71959753788219,-9.669915662522843,0 -35.71997290349864,-9.669284712580716,0 -35.72057881531891,-9.66797414309832,0 -35.72156921626862,-9.667342830991421,0 -35.72261174281825,-9.667196011691821,0 -35.72273088763406,-9.665757202654602,0 -35.72149475958529,-9.664597339534925,0 -35.71959589165515,-9.663356722658344,0 -35.71937993658837,-9.66400271907881,0 -35.71740014360408,-9.666975567221131,0 -35.71630127557064,-9.668623479112371,0 -35.71736614520174,-9.66968790593712,0 -35.71667360424106,-9.67058349385375,0 -35.71548958799628,-9.669012541613997,0 -35.71531831801136,-9.668557406833154,0 -35.7125927196487,-9.665793281199758,0 -35.71080936245293,-9.664032671530704,0 -35.70777160886109,-9.662625683784333,0 -35.70583371765427,-9.662096455443447,0 -35.70286144421484,-9.662018995493066,0 -35.69589552061542,-9.663697021940903,0 -35.69565982966952,-9.663606664230265,0 -35.69789888732345,-9.65964391666654,0 -35.69889333040429,-9.65317537258003,0 -35.70013900635849,-9.649081997493406,0 -35.69996106409675,-9.647269203808106,0 -35.69936235303008,-9.644417238487629,0 -35.69944088939357,-9.643519099849078,0 -35.70041361779313,-9.643245737310197,0 -35.70950792772258,-9.642672778448508,0 -35.71028403015585,-9.64261238111096,0 -35.71128659085505,-9.643553696572326,0 -35.71190106495048,-9.644170952309285,0</coordinates></LineString></Placemark><Placemark><name>0004 - Rio Largo (Mata do Rolo)</name><styleUrl>#style_ida</styleUrl><LineString><tessellate>1</tessellate><coordinates>-35.78313606443606,-9.542260769280471,0 -35.78353658176424,-9.541532884933204,0 -35.78315323036362,-9.541290256707697,0 -35.78536586801253,-9.537204214717779,0 -35.79124730247641,-9.540498523981181,0 -35.80646532505388,-9.511973861013278,0 -35.81769697168883,-9.483915822697169,0 -35.82196390837559,-9.47392434202752,0 -35.82405349964655,-9.468828263907085,0 -35.82424385764909,-9.468891342208991,0 -35.82353606360958,-9.470525730543084,0 -35.82200846362152,-9.474247071502688,0 -35.8225283490864,-9.474500737381867,0 -35.82551531512511,-9.474849218252663,0 -35.82705173779745,-9.475320397552586,0 -35.83420705758026,-9.478198919421205,0 -35.83542838076647,-9.47792768328407,0 -35.83648197294526,-9.47781198615087,0 -35.83837350178573,-9.478520249081681,0 -35.84006811988021,-9.48015322041465,0 -35.8418419457515,-9.481745636812008,0 -35.84494060637215,-9.483390676691922,0 -35.84749500638176,-9.484903056910277,0 -35.84800010149361,-9.48502135174918,0 -35.84860442614567,-9.486692529027112,0 -35.85315219765427,-9.487023377972534,0 -35.85389013607861,-9.48739949412769,0 -35.85644445443701,-9.485713601888575,0 -35.85751174844562,-9.485065457455669,0</coordinates></LineString></Placemark><Placemark><name>0700 - Gruta / Ponta Verde / Term. Rotary</name><styleUrl>#style_ida</styleUrl><LineString><tessellate>1</tessellate><coordinates>-35.73167826301742,-9.621680716285042,0 -35.73136921855193,-9.622235698116599,0 -35.73434377896312,-9.62294846682395,0 -35.73519029424568,-9.620036081941887,0 -35.73536296906051,-9.61988063855838,0 -35.7359710761131,-9.61851866746278,0 -35.73335095657862,-9.616290662923609,0 -35.73181481387593,-9.614732906453513,0 -35.73096944505791,-9.614356203368999,0 -35.72990697705585,-9.614194972008642,0 -35.72724853330823,-9.61181938565465,0 -35.72378581788951,-9.608533539897353,0 -35.72294839463987,-9.606712256532658,0 -35.72265075211222,-9.605768469190409,0 -35.722483821797,-9.605710263166168,0 -35.72222494093619,-9.60674407006349,0 -35.72115040172337,-9.609090111071978,0 -35.71912350999111,-9.611180514373194,0 -35.71801391483175,-9.613098603541985,0 -35.71756168795334,-9.6154158380641,0 -35.71786337478611,-9.615515037510352,0 -35.71892524283981,-9.615538523733028,0 -35.72097465273922,-9.618268477488442,0 -35.72424117182236,-9.622502040017682,0 -35.72414646044646,-9.622971571972712,0 -35.7230653052589,-9.622946619076878,0 -35.7167440459093,-9.62340065737555,0 -35.71702640316948,-9.62610921612389,0 -35.71692699200936,-9.628370799799923,0 -35.71526113604525,-9.631867265314694,0 -35.71592357778258,-9.634646847028542,0 -35.71812289608658,-9.634470729962413,0 -35.71803832595327,-9.636294867596886,0 -35.71835493524152,-9.637692486859716,0 -35.71766076381733,-9.63952377077353,0 -35.71801225237586,-9.641921129318765,0 -35.7191308515217,-9.643959511118261,0 -35.71977944461578,-9.646329754658343,0 -35.72012297017991,-9.649512142439427,0 -35.72162293541152,-9.651171745984023,0 -35.7260876857403,-9.658335280548851,0 -35.7257456841894,-9.659073638503173,0 -35.72737717967273,-9.66071509227355,0 -35.7279335212238,-9.661160585488554,0 -35.72800141212387,-9.661262757163183,0 -35.72794921413016,-9.661332520877309,0 -35.72677989138105,-9.660600386490984,0 -35.72650984446961,-9.661256338389972,0 -35.727498959528,-9.66197076882355,0 -35.72822821088423,-9.662336956848717,0 -35.72804836471825,-9.663252496036657,0 -35.72749777169065,-9.666420059953582,0 -35.72766675919269,-9.670264891886601,0 -35.72878733504627,-9.670055826314004,0 -35.72896681208478,-9.670432308258283,0 -35.72792226305191,-9.670941350395823,0 -35.72560330876399,-9.672608833722158,0 -35.72398143301779,-9.672485612103895,0 -35.72210527968322,-9.673196284309224,0 -35.72106500689555,-9.673732820024997,0 -35.72016802622164,-9.67426288235565,0 -35.71940418028953,-9.674744215357904,0 -35.71810713964648,-9.674665280640625,0 -35.71797558770407,-9.674312050919376,0 -35.7179687666496,-9.674144818755225,0 -35.71873027204233,-9.674075192257552,0 -35.71888779806932,-9.673714506636887,0 -35.71807095968856,-9.672456016237282,0 -35.71570981331852,-9.669205137892373,0 -35.71336618929858,-9.666466470108347,0 -35.71099718972841,-9.664222321053478,0 -35.70930091311087,-9.663205070242435,0 -35.70643819446218,-9.662190615122586,0 -35.70402729411627,-9.66200745451494,0 -35.70023305096492,-9.662568349493279,0 -35.69593908023798,-9.663587719028751,0 -35.69572730560819,-9.66341485603107,0 -35.69761174440873,-9.659991493660673,0 -35.69842596356131,-9.658344243688997,0 -35.69852795240669,-9.656598239043843,0 -35.69939986513736,-9.656669734486949,0 -35.70001862632281,-9.65669973984027,0</coordinates></LineString></Placemark><Placemark><name>0039 - Dubeaux Leao / Centro</name><styleUrl>#style_ida</styleUrl><LineString><tessellate>1</tessellate><coordinates>-35.75469352245661,-9.570745842806236,0 -35.75603928259348,-9.571683966538233,0 -35.75679262122524,-9.570645241453878,0 -35.75725111528583,-9.569947787791563,0 -35.75952766002624,-9.571715628285162,0 -35.76760184513928,-9.577543952910148,0 -35.76935588319562,-9.575295439977472,0 -35.77080534466728,-9.576380825878886,0 -35.75951539031654,-9.590463015338619,0 -35.75034073596341,-9.598386071975238,0 -35.74773560937005,-9.60198469860598,0 -35.7433850602815,-9.604552296422353,0 -35.74017276823259,-9.610256959938324,0 -35.73880498180464,-9.623871546507006,0 -35.73676314675255,-9.633698261730737,0 -35.73411094515484,-9.64731574888915,0 -35.73349353235376,-9.650317305735404,0 -35.73376292523905,-9.651266215914548,0 -35.73395131134742,-9.653867203657438,0 -35.73494268539498,-9.655693946147045,0 -35.73612806311007,-9.658481496737744,0 -35.73667401150051,-9.65913176483338,0 -35.73888466391454,-9.660436560154084,0 -35.73803740945561,-9.662513303971306,0</coordinates></LineString></Placemark><Placemark><name>0613 - vergel / Guaxuma</name><styleUrl>#style_ida</styleUrl><LineString><tessellate>1</tessellate><coordinates>-35.7607884689465,-9.652444637261233,0 -35.76065385359681,-9.652416199480244,0 -35.76135577342767,-9.651487236609979,0 -35.76174038623532,-9.651638903559622,0 -35.76022115834015,-9.653572667479898,0 -35.75957692091128,-9.654302572136203,0 -35.75834614441494,-9.654236216646156,0 -35.75515595519566,-9.657904484311649,0 -35.74863629136672,-9.661657101336242,0 -35.74991516604804,-9.66400796696794,0 -35.74330914946412,-9.664415583644894,0 -35.74351105789189,-9.666159782412707,0 -35.74338770354899,-9.667530801435586,0 -35.7394740670793,-9.66651651379002,0 -35.73931059670248,-9.6665639085281,0 -35.73864710083614,-9.666355356374948,0 -35.73848363310486,-9.666232126204742,0 -35.73661817219677,-9.66755922895836,0 -35.73571003557748,-9.669642555972933,0 -35.73345833623907,-9.669586715582511,0 -35.73316094216998,-9.669377308524725,0 -35.73413809167648,-9.667716019923112,0 -35.73311846360708,-9.667087801944227,0 -35.73320343478994,-9.66675275252911,0 -35.72964886460147,-9.667073811263961,0 -35.72752457872443,-9.66715757588061,0 -35.72755289528144,-9.668707180719277,0 -35.72644828952286,-9.668581532790432,0 -35.72674569440216,-9.667185492096337,0 -35.72675986098217,-9.665817368010758,0 -35.72716400100886,-9.66452152131367,0 -35.72756755343562,-9.662292437426004,0 -35.72819043944583,-9.662292439328137,0 -35.72832081304622,-9.661564147770946,0 -35.72692527652839,-9.660392073642786,0 -35.72629280611224,-9.661806900686976,0 -35.72439509436484,-9.664591555539587,0 -35.72278215335326,-9.657329318558654,0 -35.72244898365863,-9.657272195437947,0 -35.72224618006236,-9.657729163254004,0 -35.72165227278481,-9.6569580208419,0 -35.72033405760472,-9.656900881941612,0 -35.71028094044979,-9.657015102651185,0 -35.71025197701093,-9.656600969856669,0 -35.70157572010613,-9.656701715361264,0 -35.6985339189643,-9.656681877782653,0 -35.69896076426167,-9.652287423547943,0 -35.70041005368221,-9.6485566729239,0 -35.6992810349745,-9.644066524902087,0 -35.6995628343242,-9.643411647955814,0 -35.70040824661555,-9.643173511643745,0 -35.70024718001974,-9.63983964056093,0 -35.69960306278759,-9.63946260144977,0 -35.69841548033917,-9.63962135913885,0 -35.69807329508389,-9.636307353014407,0 -35.69596835966927,-9.630623492631154,0 -35.69725655657057,-9.630504420201516,0 -35.69727667705754,-9.629809866014076,0 -35.69661245109075,-9.629849559486095,0 -35.69671309756217,-9.630544111730009,0 -35.69934989998133,-9.630425026257404,0 -35.69644906763915,-9.624975694876953,0 -35.69284339843298,-9.619311250143564,0 -35.6880068769658,-9.612144090085371,0 -35.68318714538191,-9.60716434626012,0 -35.67957534346076,-9.600802816720782,0 -35.67444984027035,-9.594149840361093,0 -35.67468671237461,-9.593953229153426,0 -35.6765727925556,-9.596670206788625,0 -35.67728241802373,-9.595946380822856,0 -35.67738845354339,-9.595672935495699,0 -35.67793494828219,-9.595222551413649,0 -35.67825305870381,-9.595101910565235,0 -35.67866905376847,-9.595319059191056,0 -35.67907372004286,-9.595162825949412,0</coordinates></LineString></Placemark><Placemark><name>0719 - Chã nova / Ponta Verde</name><styleUrl>#style_ida</styleUrl><LineString><tessellate>1</tessellate><coordinates>-35.74530236249366,-9.609244723860566,0 -35.74555106740555,-9.608209366651282,0 -35.74503292966256,-9.607746178542588,0 -35.74532308387635,-9.606738066800517,0 -35.74582049008237,-9.605934301988343,0 -35.74736798249232,-9.60500110415356,0 -35.74888979711109,-9.603750642062415,0 -35.75046989464092,-9.60162614824358,0 -35.75104447052708,-9.601201250998733,0 -35.75293237934817,-9.600978674875352,0 -35.75410209967448,-9.60201056553468,0 -35.7526040856149,-9.60393274484981,0 -35.7511163203073,-9.605308615296654,0 -35.75029548838224,-9.606300042095306,0 -35.75077773246132,-9.60665412318267,0 -35.75034679443023,-9.607220655557535,0 -35.74983376856694,-9.606785639723272,0 -35.74887953989939,-9.608009754551338,0 -35.74727889489487,-9.60945642832392,0 -35.74717629032079,-9.609355261818427,0 -35.74871537207918,-9.608080570710001,0 -35.74938974428699,-9.607296621044068,0 -35.75152213420891,-9.604827481369728,0 -35.75246561671899,-9.604032051825756,0 -35.7536046343859,-9.602711028732507,0 -35.75474747071203,-9.60122248544135,0 -35.75500120253561,-9.600678605115402,0 -35.75649168844154,-9.598905962907912,0 -35.75819737927957,-9.600481609005012,0 -35.75819735217506,-9.600951296761323,0 -35.75790539809847,-9.601330068406819,0 -35.75927300960177,-9.602587552255343,0 -35.75948263534801,-9.6027793823728,0 -35.75966896993363,-9.602595658002777,0 -35.76045666153118,-9.60326374213743,0 -35.76005260467604,-9.603735347878496,0 -35.76215913789965,-9.605351523386185,0 -35.76159166485144,-9.606328618872055,0 -35.76150694521599,-9.60650396778991,0 -35.76102415853352,-9.606186629282327,0 -35.76081241229792,-9.606662643550186,0 -35.75921160771855,-9.605551950952233,0 -35.75843237844824,-9.60741424329951,0 -35.75791415836641,-9.609954963602608,0 -35.75755615541703,-9.61128038914006,0 -35.75752784213214,-9.611200578065878,0 -35.7580923676111,-9.608453488599526,0 -35.75884568976349,-9.606061888392636,0 -35.76008494648726,-9.603894885184788,0 -35.75935189825459,-9.603246102462476,0 -35.75928721649922,-9.60287385079444,0 -35.75922253605291,-9.602746221862803,0 -35.75781063963175,-9.601429273516173,0 -35.75809091679876,-9.600674135699888,0 -35.75185130648786,-9.595317601101119,0 -35.74751299892925,-9.602746289872735,0 -35.74284783399325,-9.604650823244958,0 -35.74035415404658,-9.607745802450728,0 -35.73890802028541,-9.622760652952064,0 -35.73460470524304,-9.644287926411957,0 -35.73330747752303,-9.650678102570861,0 -35.73410379541458,-9.654007543707294,0 -35.73599985479095,-9.658272240686284,0 -35.73478630906604,-9.658459286628391,0 -35.73429324893237,-9.660367208692609,0 -35.7328900906046,-9.659618997777356,0 -35.73204637082219,-9.660725463843507,0 -35.73105330419531,-9.660598472083793,0 -35.73046482799005,-9.659818407803028,0 -35.72956370377278,-9.659673269944877,0 -35.72915910627689,-9.660054225691646,0 -35.72879196097466,-9.661684755006323,0 -35.73465721441851,-9.665763896988825,0 -35.73311323121614,-9.668409536244578,0 -35.73254312941,-9.668082997827467,0 -35.73326036173044,-9.666794994266018,0 -35.72761669277092,-9.667084935603011,0 -35.72758174369254,-9.668647438961075,0 -35.72623221969677,-9.668641516646757,0 -35.72590392315701,-9.66818131620516,0 -35.72529885359679,-9.668438554125785,0 -35.72270469247918,-9.657337175689428,0 -35.71698368068628,-9.651998738170262,0 -35.71148567653189,-9.646263788991483,0 -35.71056706897058,-9.644987942885196,0 -35.69969358227262,-9.64530527076434,0 -35.69991552890426,-9.646327139921775,0</coordinates></LineString></Placemark><Placemark><name>0056 - João Sampaio / Centro</name><styleUrl>#style_ida</styleUrl><LineString><tessellate>1</tessellate><coordinates>-35.76085992098584,-9.606611873424436,0 -35.76166274225827,-9.60499519209452,0 -35.76052997678738,-9.604289360035771,0 -35.75920751820485,-9.602991497995468,0 -35.75933434910151,-9.602832338013162,0 -35.75780084705352,-9.601252107733606,0 -35.75816238961695,-9.600598831539914,0 -35.75645436603872,-9.5991364348432,0 -35.75361877441784,-9.602673714659561,0 -35.75190405153345,-9.604456600530424,0 -35.74982115545297,-9.606838015552425,0 -35.75039727870796,-9.607242201808736,0 -35.75077397374938,-9.606608613631945,0 -35.7503529609542,-9.606280896496344,0 -35.75255772709124,-9.603943169058848,0 -35.75523234626004,-9.600395784218325,0 -35.75637571382612,-9.599120033668624,0 -35.75674162630701,-9.599249936482545,0 -35.75900173818327,-9.595907201468224,0 -35.76148720861429,-9.592252871087505,0 -35.76418353635309,-9.58844334237956,0 -35.76471462763569,-9.587706916351102,0 -35.76297195246902,-9.586610480144893,0 -35.76069821093817,-9.589768911072238,0 -35.75466423165579,-9.593437073904036,0 -35.75209308582252,-9.595139782555949,0 -35.74991884823328,-9.598920103604373,0 -35.74757166385411,-9.60268473426524,0 -35.74180648128373,-9.605484477934612,0 -35.73786067558285,-9.628133249384927,0 -35.7334610003701,-9.65023871995906,0 -35.73403629144794,-9.65389273402791,0 -35.73640426756034,-9.65904594375762,0 -35.73902049482732,-9.660492562035653,0 -35.73805857373531,-9.66257873446135,0</coordinates></LineString></Placemark><Placemark><name>0058 Fernão Velho / Centro via Farol</name><styleUrl>#style_ida</styleUrl><LineString><tessellate>1</tessellate><coordinates>-35.77951715424099,-9.594330960689863,0 -35.77988025686199,-9.593986199748821,0 -35.78151195670576,-9.593548620148898,0 -35.78341742193357,-9.592142851897254,0 -35.78591902854646,-9.590257310850147,0 -35.78583752829755,-9.589904930560065,0 -35.78552404855865,-9.589731834873383,0 -35.78459614589416,-9.589948203469419,0 -35.78441432922331,-9.589459825571533,0 -35.7838291665421,-9.58952169108196,0 -35.78318966303986,-9.589738063786484,0 -35.78234953429488,-9.589595879927826,0 -35.78175392269386,-9.589750429885374,0 -35.78134012654778,-9.591209384087147,0 -35.78044817743071,-9.59189136935013,0 -35.77941068582849,-9.592110576295521,0 -35.77691573345009,-9.591452927362534,0 -35.77591530005012,-9.591538175274811,0 -35.77423554291975,-9.592134913182358,0 -35.77269529691277,-9.593263553663366,0 -35.7720406869673,-9.594457034412459,0 -35.77121313505009,-9.597988791261617,0 -35.77093520297337,-9.599420344820716,0 -35.76907015590961,-9.598202504494832,0 -35.76734163820218,-9.59717089452286,0 -35.76768747321248,-9.59525888805638,0 -35.76796880960398,-9.594124979541862,0 -35.76686956981627,-9.59106818478998,0 -35.7678222962084,-9.588357221724607,0 -35.76790875840099,-9.587200267233039,0 -35.77231803760017,-9.586384302408721,0 -35.77435541456744,-9.58139727209166,0 -35.77363662253575,-9.580688529256928,0 -35.77183090076089,-9.57852773054342,0 -35.77000768416674,-9.577455966970195,0 -35.76814938888273,-9.579720497578093,0 -35.76201033748446,-9.58805947851311,0 -35.76029101812888,-9.59019510587807,0 -35.7526822041193,-9.594793342419802,0 -35.75141983775217,-9.59602070350065,0 -35.74836266272784,-9.601373257113067,0 -35.74731054423617,-9.60274604797632,0 -35.74322550719241,-9.604733999521093,0 -35.74147705338309,-9.606190526627968,0 -35.7404498350931,-9.608710193927015,0 -35.73934730802282,-9.618986599942813,0 -35.7384577205659,-9.625218341152358,0 -35.7369609400881,-9.633375657784276,0 -35.73361545756728,-9.649631988894992,0 -35.73353831569855,-9.650580398931627,0 -35.73381041245715,-9.651336372564504,0 -35.73378565990616,-9.653579884727339,0 -35.73497298633441,-9.6559941056817,0 -35.73628401125548,-9.658725342410426,0 -35.73891504882409,-9.660452092806967,0 -35.73790192063154,-9.662834787831319,0</coordinates></LineString></Placemark><Placemark><name>0720 - Denisson Menezes / Ponta Verde</name><styleUrl>#style_ida</styleUrl><LineString><tessellate>1</tessellate><coordinates>-35.76913914508253,-9.544178933117957,0 -35.76930907676441,-9.543890698372406,0 -35.76968292413767,-9.544098496572381,0 -35.77100244713777,-9.541539235924724,0 -35.76948310214571,-9.540796591276251,0 -35.76682218920041,-9.545895615772501,0 -35.76279115979524,-9.543863833852502,0 -35.76092981230291,-9.547353541214632,0 -35.76106956294189,-9.547156378994453,0 -35.76129512291933,-9.547275010848105,0 -35.76149436788616,-9.547338033627922,0 -35.76147933043369,-9.547200864855023,0 -35.76113347155209,-9.547041453554089,0 -35.76088535590108,-9.54744554566089,0 -35.7601410057576,-9.548861719228222,0 -35.7592306897172,-9.550770985471594,0 -35.76739920582677,-9.55500592215105,0 -35.76755505457101,-9.55446799790455,0 -35.77967304188542,-9.560750143887809,0 -35.78140212863452,-9.557564838868851,0 -35.78149320035331,-9.557587071477771,0 -35.78159253586058,-9.557657212250499,0 -35.78092730582154,-9.558930177788971,0 -35.77954097467171,-9.561677249699393,0 -35.77790069541303,-9.565673848522726,0 -35.77788559075438,-9.566359002115766,0 -35.77740224258591,-9.566642001260512,0 -35.77490634654232,-9.571035797388712,0 -35.77095167564888,-9.576120760120391,0 -35.76236822184181,-9.587395678573111,0 -35.75997428570854,-9.590692200528862,0 -35.75211032336762,-9.594720265516669,0 -35.74771835363258,-9.602424111772327,0 -35.74214851435583,-9.605232056082187,0 -35.73994453168796,-9.609926063191574,0 -35.73777392455886,-9.628861659666972,0 -35.73319148897124,-9.650581144238204,0 -35.73391291615202,-9.65180963896645,0 -35.73385489094898,-9.653586886122563,0 -35.73591323361713,-9.658109848533126,0 -35.73477243359592,-9.658439916364415,0 -35.73423922521079,-9.660420232631495,0 -35.73299922819954,-9.659430067842289,0 -35.73217742572493,-9.660490901580388,0 -35.73134662618637,-9.660772057519013,0 -35.73032982905801,-9.659891915567348,0 -35.72941222770115,-9.659671875188534,0 -35.72887901259483,-9.660796497699353,0 -35.72862396946752,-9.661481806593924,0 -35.72846870138947,-9.662167545087197,0 -35.72846870165135,-9.66240632946195,0 -35.72823269195929,-9.662387961431618,0 -35.72819543164181,-9.662308379884077,0 -35.72831653868296,-9.661593889108355,0 -35.72679905057675,-9.660575352673545,0 -35.72618178022645,-9.662143824307288,0 -35.72451993644994,-9.664407087730977,0 -35.72441321258952,-9.664526669093798,0 -35.72382176674866,-9.661724246320915,0 -35.72281091836845,-9.657359029140313,0 -35.71314228187942,-9.648104509604526,0 -35.71132744694663,-9.64610371276751,0 -35.7109325912093,-9.64526683688395,0 -35.71031254889904,-9.644859570856793,0 -35.70838407883016,-9.64506852130928,0 -35.69961178145122,-9.645241181792622,0</coordinates></LineString></Placemark><Placemark><name>0116 - José Tenório X Trapiche</name><styleUrl>#style_ida</styleUrl><LineString><tessellate>1</tessellate><coordinates>-35.70934244781795,-9.609797705890674,0 -35.70978771997851,-9.610050988396399,0 -35.71024155518019,-9.610118530177612,0 -35.71113209898153,-9.609611962381255,0 -35.71407786433087,-9.607545506419443,0 -35.71646257697945,-9.603622859416133,0 -35.71779398938403,-9.602219060745728,0 -35.71963421860497,-9.601496794111089,0 -35.72070620784141,-9.60133823775983,0 -35.72151022886193,-9.602536122983382,0 -35.72235003620798,-9.604720533369509,0 -35.72295950428551,-9.60652327207724,0 -35.72326325167911,-9.607685926942132,0 -35.72394220968005,-9.608707656279076,0 -35.72749778883131,-9.612089983820502,0 -35.72985625937324,-9.614151058164655,0 -35.73119631733825,-9.614327218531239,0 -35.73221479113963,-9.614873326722165,0 -35.73282231035735,-9.615137575654764,0 -35.73260791226235,-9.615560375095601,0 -35.73180382905716,-9.614767627787472,0 -35.7306781615088,-9.614327219412493,0 -35.72821248428487,-9.61427437375903,0 -35.71995785406268,-9.614309600147902,0 -35.7191002525245,-9.61429200231931,0 -35.71913597886101,-9.615613215488382,0 -35.72427942811989,-9.622535246198998,0 -35.72422582841821,-9.622905189021711,0 -35.72342179136733,-9.623028503216293,0 -35.71731102682026,-9.623169447197487,0 -35.7165962799192,-9.62350416836817,0 -35.71643560161383,-9.623928638825056,0 -35.71706094561936,-9.626130650478974,0 -35.71682863306766,-9.628720266781814,0 -35.71528592421217,-9.631666958338398,0 -35.71592917889912,-9.635313489578628,0 -35.71600065714453,-9.636335242690976,0 -35.71523232192599,-9.63642332500149,0 -35.7144103819067,-9.636335242654866,0 -35.71365994881993,-9.636986996532206,0 -35.71235557238469,-9.636440899714966,0 -35.71137283011243,-9.635472019564997,0 -35.70880536934803,-9.635157462839485,0 -35.70728659083542,-9.634382357583567,0 -35.70419539802342,-9.634769895467734,0 -35.70276590023089,-9.635456916872004,0 -35.70461139654339,-9.638582477951825,0 -35.70954305730292,-9.64194717388777,0 -35.71453360398274,-9.646525569728519,0 -35.71660636847467,-9.64821670265128,0 -35.71946543412164,-9.651458045644977,0 -35.72437081196794,-9.657724277763878,0 -35.729088502984,-9.661952153593806,0 -35.73655801758021,-9.666814221401722,0 -35.74114565777755,-9.66849528663828,0 -35.74178897116445,-9.668600980395727,0 -35.742342936921,-9.668865217390096,0 -35.74323642941506,-9.667878707062256,0 -35.74311644650145,-9.664503933547483,0 -35.74642232291915,-9.662636607487315,0 -35.74713721015833,-9.662460382286323,0 -35.75101487179955,-9.660293612708077,0 -35.75437435487248,-9.658479096424736,0 -35.75697471536427,-9.661772659033009,0 -35.75754655037137,-9.663181936944284,0 -35.75779676488557,-9.666141468381001,0 -35.75770741997803,-9.66769167511962,0 -35.75684417619915,-9.671348358819225,0 -35.76149224257692,-9.672716142079315,0 -35.76097297625491,-9.674560164083255,0 -35.76107128079473,-9.674615833668822,0 -35.76125743139217,-9.674351918279255,0</coordinates></LineString></Placemark><Placemark><name>0037 - Salvador Lyra / Centro</name><styleUrl>#style_ida</styleUrl><LineString><tessellate>1</tessellate><coordinates>-35.74657111307602,-9.56287899811583,0 -35.74650273350269,-9.561900979319937,0 -35.75401070456572,-9.560598901068376,0 -35.75551363189381,-9.558745120092604,0 -35.75848053293684,-9.560949627142058,0 -35.75570010451955,-9.564434720119738,0 -35.74739976320033,-9.565820708876245,0 -35.75040570538308,-9.571493266463353,0 -35.75136616308045,-9.571779897655333,0 -35.75043620917728,-9.575250718534953,0 -35.75069905431364,-9.575878239153607,0 -35.7573122914681,-9.579363324747916,0 -35.76468710429344,-9.584204720289678,0 -35.76236822184181,-9.587395678573111,0 -35.75997428570854,-9.590692200528862,0 -35.75211032336762,-9.594720265516669,0 -35.74771835363258,-9.602424111772327,0 -35.74214851435583,-9.605232056082187,0 -35.73994453168796,-9.609926063191574,0 -35.73777392455886,-9.628861659666972,0 -35.73319148897124,-9.650581144238204,0 -35.73391291615202,-9.65180963896645,0 -35.73385489094898,-9.653586886122563,0 -35.73591323361713,-9.658109848533126,0 -35.73667072824588,-9.659105156343319,0 -35.73779206928475,-9.659886823581838,0 -35.73903021078161,-9.66042115843483,0 -35.73825639380864,-9.662024198430947,0</coordinates></LineString></Placemark><Placemark><name>0607 - T.I. Eustáquio Gomes / Maceió Shopping</name><styleUrl>#style_ida</styleUrl><LineString><tessellate>1</tessellate><coordinates>-35.78323427511212,-9.542110413290532,0 -35.78356918076071,-9.541525356803563,0 -35.78101432412178,-9.540242003431368,0 -35.78323463360311,-9.535999582512025,0 -35.7913890375052,-9.540643621153366,0 -35.77776633952082,-9.56503010272275,0 -35.77801973038235,-9.56587953220119,0 -35.77766504122376,-9.56662905147196,0 -35.77680361017769,-9.567228684747112,0 -35.76940568425111,-9.577921744284994,0 -35.7605583078128,-9.589864031376758,0 -35.75153823250002,-9.59551028464033,0 -35.74728128860036,-9.602955449334774,0 -35.74251736197565,-9.605254102974152,0 -35.74088272864104,-9.607203090156386,0 -35.73885575966592,-9.62304248050924,0 -35.73408944525178,-9.646826874620224,0 -35.73342881012015,-9.6504535824741,0 -35.73385802508378,-9.653541443256032,0 -35.73514543460795,-9.656164078308025,0 -35.73599781787933,-9.658133859584293,0 -35.73463850578798,-9.658439493752146,0 -35.73416157236218,-9.660320256469726,0 -35.7330645770858,-9.659756029875025,0 -35.73160987521362,-9.660837470371188,0 -35.73015517650543,-9.6598030467682,0 -35.72905818217929,-9.659850062790213,0 -35.72877197710563,-9.661871896189092,0 -35.733827762126,-9.665210348075465,0 -35.7345645356291,-9.665672344485124,0 -35.73407002570065,-9.666904634440321,0 -35.7275313219262,-9.667094210940164,0 -35.72758625279418,-9.668678605327905,0 -35.72636368017717,-9.668597349614576,0 -35.72595156857528,-9.668218182468882,0 -35.72523725767827,-9.668489017464886,0 -35.72435809213343,-9.663762996953624,0 -35.72293332142188,-9.657601317519045,0 -35.7104549985375,-9.64507848663902,0 -35.69973006144578,-9.645362663870625,0 -35.69932334408563,-9.644493673585648,0</coordinates></LineString></Placemark><Placemark><name>0601 - T.I. Benedito Bentes / Jatiúca (Via Rota do Mar)</name><styleUrl>#style_ida</styleUrl><LineString><tessellate>1</tessellate><coordinates>-35.72621636448299,-9.549605489049055,0 -35.72590249319609,-9.54990828086648,0 -35.7262095405845,-9.55013032898348,0 -35.72771065961538,-9.548589449295132,0 -35.73011930422045,-9.550823381243202,0 -35.72994190056981,-9.551805776181933,0 -35.72997545439853,-9.554569798469975,0 -35.72657707625935,-9.55792104282133,0 -35.72479753059707,-9.560559006741991,0 -35.72520701941777,-9.560915300041158,0 -35.72508658388366,-9.561414111221879,0 -35.72301503664169,-9.565737188943737,0 -35.72159891279853,-9.567468657568208,0 -35.71947916966124,-9.567967474350858,0 -35.7153841817185,-9.568632544174974,0 -35.71097565751975,-9.572219481002588,0 -35.70757917908283,-9.572979616977939,0 -35.70731420736348,-9.573383418365891,0 -35.70671199754717,-9.573217148462895,0 -35.70408635501094,-9.57397723130877,0 -35.70330272356184,-9.574691533965412,0 -35.70189259720159,-9.577224208642344,0 -35.70142674973443,-9.577882206504729,0 -35.69991586545912,-9.578502969081137,0 -35.69778805481433,-9.57834158261713,0 -35.69564506713132,-9.57757950677817,0 -35.69450939647177,-9.577836523267276,0 -35.69341096448733,-9.578534131308203,0 -35.69277796611171,-9.579910992328859,0 -35.69164227581314,-9.58148981353381,0 -35.68857155127468,-9.585374001231886,0 -35.68657547276658,-9.590799504382733,0 -35.68495569801983,-9.594966783251667,0 -35.68285179361564,-9.595407405462261,0 -35.68018934536945,-9.597169778131114,0 -35.6780481927355,-9.598326320029015,0 -35.6794259663414,-9.600033625183315,0 -35.68199625947523,-9.605255683096164,0 -35.68644322995206,-9.610210931705765,0 -35.69030635565919,-9.615389114087138,0 -35.69671766087865,-9.625685585086169,0 -35.70323615730784,-9.636473533875805,0 -35.7059106672462,-9.639418485662368,0 -35.71063463151371,-9.64291134148468,0 -35.71917293815781,-9.651416342550599,0 -35.71846284387615,-9.652300611987998,0 -35.71733229808587,-9.651333442689431,0 -35.71580932173478,-9.651305804242638,0 -35.69935871234635,-9.651375409746885,0 -35.70035652547393,-9.648817993568294,0 -35.69965814216612,-9.645539218298259,0 -35.69935882755141,-9.644162116869275,0</coordinates></LineString></Placemark><Placemark><name>0051 - Santos Durmont Via Bomba do Gonzaga / Farol / Centro</name><styleUrl>#style_ida</styleUrl><LineString><tessellate>1</tessellate><coordinates>-35.79608664114921,-9.541671069275598,0 -35.79391274272491,-9.544318720467189,0 -35.78915286931066,-9.549873468817669,0 -35.78643779284489,-9.553144009360684,0 -35.78482439689136,-9.555889276117568,0 -35.78979847126906,-9.558654163883451,0 -35.79109547809982,-9.553163644303217,0 -35.79084239774179,-9.552586516433708,0 -35.78949790679354,-9.551385471320875,0 -35.78802689551096,-9.554099534798883,0 -35.78419247380258,-9.560996958588978,0 -35.77981088918135,-9.561496093848826,0 -35.77776177119132,-9.565381361735941,0 -35.77803067621686,-9.56603647610132,0 -35.7778408615803,-9.566488816968674,0 -35.77684432868242,-9.567315510736426,0 -35.77534158270475,-9.569920403473603,0 -35.76281632059979,-9.586966997104645,0 -35.7602995189454,-9.590523958175375,0 -35.75232931960709,-9.59482555375535,0 -35.74805047049942,-9.601939837501032,0 -35.74150676175668,-9.605579444097012,0 -35.74033214331038,-9.60872280878664,0 -35.73622307477756,-9.637730920108433,0 -35.73342629581965,-9.650445909505812,0 -35.73397377183082,-9.653515369668508,0 -35.73599248363563,-9.658237843983073,0 -35.73469223880772,-9.658575167547244,0 -35.73428159127597,-9.660464204374604,0 -35.73294712793565,-9.659823279236488,0 -35.73198899509396,-9.660835277841777,0 -35.73089403378931,-9.660464215477733,0 -35.72973064687642,-9.659688351863892,0 -35.72890935957199,-9.660430491765428,0 -35.72897773412612,-9.66191483520304,0 -35.73722418076264,-9.667177010727706,0 -35.74095412413362,-9.668492603669373,0 -35.74218607285663,-9.668829943593202,0 -35.74265089703929,-9.668778334604305,0 -35.74335513693086,-9.66762083537862,0 -35.74510564783155,-9.668012518081035,0</coordinates></LineString></Placemark><Placemark><name>0802 - Colina / Benedito Bentes</name><styleUrl>#style_ida</styleUrl><LineString><tessellate>1</tessellate><coordinates>-35.77493227801153,-9.585422221079043,0 -35.77486371527353,-9.585625037321071,0 -35.77458260784761,-9.58582109314941,0 -35.7760978576926,-9.58763969139747,0 -35.77686602745153,-9.588676649264936,0 -35.77455187476893,-9.591871511319841,0 -35.77288206609092,-9.593150896812789,0 -35.77144463840432,-9.597026471248286,0 -35.77095726135214,-9.599480839887173,0 -35.76738881539068,-9.597009312951803,0 -35.76792843680873,-9.594366156366894,0 -35.76737821222412,-9.592070834122813,0 -35.766890824944,-9.590938054758396,0 -35.7677426741753,-9.588342080453419,0 -35.76789932778666,-9.58732943937934,0 -35.76436580966087,-9.587638377043316,0 -35.76389583675286,-9.587157799501671,0 -35.76279922553704,-9.586419764071103,0 -35.77642264275914,-9.567669106122043,0 -35.77669833278542,-9.56583404029129,0 -35.76815182405903,-9.561416030082134,0 -35.75348629259938,-9.554189927862629,0 -35.75107405582854,-9.554665661680872,0 -35.7481793295111,-9.55677252582763,0 -35.74562900449514,-9.563025281078287,0 -35.74473306471802,-9.56098629187374,0 -35.72977674540898,-9.546916596547423,0 -35.72814919012592,-9.549039300982804,0 -35.72842124003284,-9.54934572690437,0 -35.7268854911588,-9.550915037758633,0 -35.72590618748574,-9.549927349654697,0 -35.72637359865204,-9.549411562529496,0</coordinates></LineString></Placemark><Placemark><name>0102 - João Sampaio X Trapiche Via Rotary - Jacintinho</name><styleUrl>#style_ida</styleUrl><LineString><tessellate>1</tessellate><coordinates>-35.76107822899694,-9.606812320303757,0 -35.76077062733455,-9.6066101290459,0 -35.76164215391438,-9.605043145279806,0 -35.76045277010091,-9.604284933509556,0 -35.75919817302986,-9.603086705565827,0 -35.75416173883394,-9.609792252355826,0 -35.75126765679489,-9.610617524966155,0 -35.74911125586686,-9.611358902964332,0 -35.75067179143422,-9.612715682695443,0 -35.75135899125701,-9.615092008302037,0 -35.75035173508489,-9.616602663420792,0 -35.75060711355519,-9.61745589986486,0 -35.75172918623974,-9.618301844679628,0 -35.75263717961595,-9.620623752984137,0 -35.75181433721439,-9.621518955734937,0 -35.75167249400815,-9.623309366528153,0 -35.75223144747991,-9.624642628874142,0 -35.75120998425844,-9.627300238573442,0 -35.75067087273562,-9.62855911503414,0 -35.74579045167924,-9.626055337323887,0 -35.7442865504345,-9.62545386031633,0 -35.74366231694948,-9.625845509934443,0 -35.74169028055283,-9.628489164699134,0 -35.73690916257118,-9.626419014427324,0 -35.73619978556016,-9.627957628956084,0 -35.72750604163583,-9.624120104581792,0 -35.72405739415804,-9.622917323439967,0 -35.71647957967424,-9.623472496061106,0 -35.71694877199997,-9.62560045673762,0 -35.71711166467021,-9.628168210914259,0 -35.715258286745,-9.631475802289328,0 -35.71605596575446,-9.635454203744887,0 -35.7163844195999,-9.635107245409152,0 -35.71814400503399,-9.63496846278574,0 -35.71824113292286,-9.63779118059007,0 -35.71764444649946,-9.639537584877367,0 -35.71793099913423,-9.641641629917864,0 -35.71906691274189,-9.643778775322067,0 -35.71980591026202,-9.646984168248794,0 -35.72011464542535,-9.649486102602316,0 -35.72158623885427,-9.65124682347996,0 -35.72591274222655,-9.658139739925527,0 -35.72597347464692,-9.659028489918885,0 -35.72675950245855,-9.660288310406816,0 -35.73230908989368,-9.664337892408726,0 -35.7374940593829,-9.667320957824694,0 -35.74240204835617,-9.668876038294314,0 -35.74336332879618,-9.667795682699477,0 -35.75402656826679,-9.670572288433316,0 -35.76133784935577,-9.672762791500942,0 -35.76096545745074,-9.67470572004626,0 -35.76140269367018,-9.673807292787162,0</coordinates></LineString></Placemark><Placemark><name>0217 - T.I. Benedito Bentes / Mercado</name><styleUrl>#style_ida</styleUrl><LineString><tessellate>1</tessellate><coordinates>-35.72642281751541,-9.549407921350193,0 -35.72591961589089,-9.549941159185991,0 -35.72620809074041,-9.55020350054284,0 -35.72774028752336,-9.54860569655748,0 -35.7281222480083,-9.548891746281383,0 -35.73028667966913,-9.546850198694113,0 -35.74523876890603,-9.561519451375279,0 -35.7455372014873,-9.562619702010664,0 -35.74282945214411,-9.569321531433987,0 -35.73981846005892,-9.572762384950435,0 -35.73455962245266,-9.584638764228766,0 -35.72499547612082,-9.592968866397001,0 -35.72274050193347,-9.604268239032374,0 -35.72181942125485,-9.607799817055328,0 -35.71765191655441,-9.614284997862196,0 -35.71749050399909,-9.615587902642417,0 -35.71883817092827,-9.615585285256943,0 -35.72442805877399,-9.622570364209347,0 -35.72409682374703,-9.623055699902803,0 -35.71688761250985,-9.6234134103275,0 -35.71713248247052,-9.627223092554258,0 -35.72038257986264,-9.626612171165615,0 -35.72240903267863,-9.626818476259356,0 -35.72449084281583,-9.62824000082057,0 -35.72523761805309,-9.6311160025183,0 -35.7267618118628,-9.637140154735697,0 -35.7288236904068,-9.641773970879232,0 -35.72848585912134,-9.645422622363261,0 -35.72672855625239,-9.64573655654754,0 -35.72660337552912,-9.645741740586827,0 -35.72643645657486,-9.64564119154909,0 -35.72616540609057,-9.645344040319655,0 -35.72626634418868,-9.645152842237966,0 -35.7267059458288,-9.645613045161062,0 -35.72680974811122,-9.647041652589934,0 -35.72856513172636,-9.647840914436616,0 -35.73489375413587,-9.650249571815301,0 -35.73714026691662,-9.652576567362209,0 -35.7383055145193,-9.653480269329778,0 -35.74037997890556,-9.653800800532384,0 -35.74127126757201,-9.654290116607882,0 -35.73976933167418,-9.65745977051818,0 -35.73999065817611,-9.658621826944609,0 -35.74252730114531,-9.660444032767698,0</coordinates></LineString></Placemark><Placemark><name>0709 - Chã da Jaqueira / Ponta Verde</name><styleUrl>#style_ida</styleUrl><LineString><tessellate>1</tessellate><coordinates>-35.74840941303679,-9.61580733474113,0 -35.74877132967502,-9.615298195824666,0 -35.74969466153804,-9.613729553993817,0 -35.75083911203489,-9.61310474166368,0 -35.75065470080679,-9.612585184988145,0 -35.74912246957511,-9.611363557927149,0 -35.75232880804543,-9.610272455992888,0 -35.75427317184762,-9.609660567973997,0 -35.75673419580896,-9.605700369880074,0 -35.7595909303765,-9.602552216590604,0 -35.76037516914973,-9.603021667445875,0 -35.7599830797037,-9.603877744728184,0 -35.76205855684385,-9.605328930692385,0 -35.76133713584273,-9.606960111695471,0 -35.76082713087777,-9.606616700677959,0 -35.76169782086472,-9.604960998531377,0 -35.75916030955096,-9.602961928480035,0 -35.75928469378406,-9.602606265154634,0 -35.757866705306,-9.601318521952264,0 -35.75823985863282,-9.600594928490471,0 -35.7566299840927,-9.599328550851064,0 -35.76458786393569,-9.587879715484815,0 -35.76470936772402,-9.587668970723927,0 -35.76402690601917,-9.587414350175834,0 -35.76280954442642,-9.586486797866844,0 -35.75948937741467,-9.590615314405532,0 -35.75245971250346,-9.594696317240595,0 -35.7475815173181,-9.60258900897498,0 -35.741121493131,-9.605945702833223,0 -35.73368451179888,-9.651158694372215,0 -35.7343543316519,-9.655000740820983,0 -35.73581580928277,-9.657762251808562,0 -35.73599284615055,-9.658197675590124,0 -35.73469065514498,-9.658696907875607,0 -35.73420834764418,-9.660384803386794,0 -35.73285792210779,-9.659552738368749,0 -35.73194152338525,-9.660907821554895,0 -35.73013290845137,-9.659671602284767,0 -35.72926474086788,-9.659861789167822,0 -35.72887885760223,-9.661906289662923,0 -35.73464261449879,-9.665831206099549,0 -35.73391384262506,-9.666857501728654,0 -35.72749380037547,-9.667131174757085,0 -35.72763258506475,-9.668756159979125,0 -35.72650472147285,-9.668567999729945,0 -35.7260188698767,-9.668448261237053,0 -35.72589741409801,-9.668140366474134,0 -35.72522067245287,-9.668482468177276,0 -35.72283913446591,-9.657344098900616,0 -35.71019609977052,-9.644875476679442,0 -35.6997226352475,-9.645541303838097,0 -35.70045445153786,-9.648205855956798,0 -35.69927153846831,-9.651203491417975,0</coordinates></LineString></Placemark><Placemark><name>0707 - Graciliano Ramos / Ponta Verde</name><styleUrl>#style_ida</styleUrl><LineString><tessellate>1</tessellate><coordinates>-35.74764017469101,-9.54753569594988,0 -35.74749271074403,-9.54768772733019,0 -35.74580357430943,-9.546782139066693,0 -35.74591752469537,-9.546656548010844,0 -35.74903438473528,-9.548203309295316,0 -35.7539957486359,-9.550722830762762,0 -35.75238666860759,-9.553771500845194,0 -35.75285547597073,-9.554046384896026,0 -35.75294417575309,-9.554383743019656,0 -35.76427058330884,-9.559550200292772,0 -35.7614463171375,-9.563205617280337,0 -35.75844550348011,-9.560873122456854,0 -35.75562111894044,-9.564528553995691,0 -35.75567406447318,-9.564998548932984,0 -35.75362897070823,-9.569057594335792,0 -35.75152833760135,-9.569405728563584,0 -35.75138706364719,-9.571703459237899,0 -35.75052559512228,-9.575130131578602,0 -35.74683616304988,-9.574207527679938,0 -35.74656349928784,-9.574569747878064,0 -35.73982018128059,-9.572863866576897,0 -35.73796661416971,-9.575840409067059,0 -35.73594145573847,-9.580878992814345,0 -35.73350108417652,-9.585265379606259,0 -35.72525329879873,-9.592503487783254,0 -35.7232319581377,-9.598157545591354,0 -35.72257349192153,-9.604599821030426,0 -35.72004780647071,-9.60979051019051,0 -35.71765046292123,-9.614100517820663,0 -35.71751869064099,-9.615349971685582,0 -35.71896872239781,-9.615606988846142,0 -35.72045136303853,-9.617598877877093,0 -35.72435735382088,-9.622477515205999,0 -35.72400638092333,-9.623039826807695,0 -35.71639455331856,-9.623407440157012,0 -35.71694293236823,-9.625397174152571,0 -35.71706537024769,-9.628186931763095,0 -35.71544204751298,-9.631517531845509,0 -35.71583686404261,-9.63463192501165,0 -35.71807443354256,-9.634415642198354,0 -35.71821512289423,-9.637617624107202,0 -35.71764475747874,-9.639628956970633,0 -35.71801767780961,-9.641899837820997,0 -35.71913648305049,-9.644040990365426,0 -35.71801766659206,-9.64397608620768,0 -35.71532530864056,-9.643958793699138,0 -35.7133833707224,-9.644378574579187,0 -35.7132571351558,-9.644862790334393,0 -35.71336681822847,-9.645468353836895,0 -35.71757887464683,-9.649404575319496,0 -35.72094612905885,-9.653633315198878,0 -35.72302901644269,-9.656575501595407,0 -35.72330881444135,-9.657249760791725,0 -35.72386841633204,-9.658414400494376,0 -35.72491554272936,-9.6598297316363,0 -35.72602772401957,-9.660977523473386,0 -35.72653166072635,-9.661337270662317,0 -35.72574968606514,-9.662913320852338,0 -35.72310533673228,-9.665987765141757,0 -35.72320959989879,-9.666296120007857,0 -35.72265351890755,-9.666878570546466,0 -35.72265351546437,-9.66734110725028,0 -35.7268241214305,-9.667015620207584,0 -35.72674993103576,-9.666025696564725,0</coordinates></LineString></Placemark><Placemark><name>0110 - Graciliano Ramos / Trapiche</name><styleUrl>#style_ida</styleUrl><LineString><tessellate>1</tessellate><coordinates>-35.7476740534544,-9.547566856493285,0 -35.74744594085723,-9.547697093277348,0 -35.74589717443007,-9.546856479563706,0 -35.74600522670588,-9.54666704570671,0 -35.74949899322012,-9.548502194394004,0 -35.75401829004497,-9.550768615785486,0 -35.75242149030262,-9.553906133363002,0 -35.7527696709494,-9.554083729899233,0 -35.75276967250547,-9.55440340567536,0 -35.75416240256489,-9.554509967151525,0 -35.75710806663984,-9.556025580262803,0 -35.76427607492171,-9.559673764697374,0 -35.76136928872651,-9.56322435622589,0 -35.75842935401815,-9.560976734124413,0 -35.7555224815826,-9.564592492404628,0 -35.75581977520754,-9.565113694177224,0 -35.75363274015393,-9.569074003945232,0 -35.75166076959192,-9.56937574202643,0 -35.74917878872697,-9.569224862408179,0 -35.74606786670167,-9.563424742089147,0 -35.74503088464169,-9.564464055750165,0 -35.74316993556104,-9.568706934844966,0 -35.74053493881323,-9.572109901598761,0 -35.73399272330494,-9.585164369488597,0 -35.72510317381099,-9.592984034398302,0 -35.72356794585587,-9.598596965667104,0 -35.7223039088411,-9.60735049290253,0 -35.71776306214276,-9.612899740613651,0 -35.71750218587994,-9.615387798172966,0 -35.71898602924927,-9.615764633909397,0 -35.72447886082189,-9.622654488265459,0 -35.71654235793161,-9.623319484624139,0 -35.71658729083774,-9.624494335385872,0 -35.71706825721316,-9.627207764646577,0 -35.72075548620332,-9.626675773190916,0 -35.7233860277774,-9.627340758579233,0 -35.72480253052404,-9.628981090433992,0 -35.72573742239501,-9.6345874224103,0 -35.72867303670699,-9.641184060380212,0 -35.72841417570834,-9.645354985502513,0 -35.72670889146552,-9.645779683583477,0 -35.72615334652977,-9.645368914106953,0 -35.72650055754153,-9.645283337489946,0 -35.72670889747537,-9.646207571203655,0 -35.72662526652022,-9.64722375777612,0 -35.72532967939429,-9.647471697996698,0 -35.72184262002643,-9.644410002534768,0 -35.72043689378297,-9.643917653689718,0 -35.71923461912111,-9.644008820973802,0 -35.71980798311449,-9.6466893867215,0 -35.72017678228717,-9.649596314029363,0 -35.72188377368703,-9.65170886386484,0 -35.72580625729971,-9.658154025953161,0 -35.72591521818676,-9.659156641655924,0 -35.73543125370415,-9.666246195070611,0 -35.74171483880087,-9.668788427467671,0 -35.74217329967119,-9.668613721648546,0 -35.74246804401675,-9.668916378489088,0 -35.74335224599817,-9.66762100044809,0 -35.74579613460886,-9.668238431604525,0 -35.74616454536454,-9.666918854715982,0 -35.74508384626219,-9.66486079371071,0 -35.75121772409948,-9.664598653997933,0 -35.7577442878126,-9.66411508234172,0 -35.75774436779539,-9.668069406044184,0 -35.75685495192732,-9.671342018378194,0 -35.76154826134492,-9.672666660015265,0 -35.76096665563627,-9.674742684557122,0 -35.76144800293751,-9.673951814145314,0</coordinates></LineString></Placemark><Placemark><name>0504 - Trapiche / São Jorge</name><styleUrl>#style_ida</styleUrl><LineString><tessellate>1</tessellate><coordinates>-35.70141016156511,-9.612641066865352,0 -35.70206728252746,-9.613612898561874,0 -35.70267737605329,-9.616976863406425,0 -35.70348744166579,-9.61697686190381,0 -35.70309860477866,-9.616321944184719,0 -35.70322820927815,-9.615523264609717,0 -35.70295278640731,-9.615091979148968,0 -35.70387625113022,-9.614421084107196,0 -35.7040382590915,-9.613654349755581,0 -35.70225088689302,-9.609844200129311,0 -35.70100340661124,-9.608230875701027,0 -35.69901070042046,-9.609205271063214,0 -35.69565710663455,-9.607975267755489,0 -35.69351181172728,-9.607780723000834,0 -35.69160012916711,-9.612077670899632,0 -35.68857482846221,-9.613087021669871,0 -35.6892714790693,-9.614492697976388,0 -35.69477235432341,-9.621675260926734,0 -35.69807152862774,-9.62813186646952,0 -35.69929624306404,-9.630327195297374,0 -35.69719534472498,-9.630539982363047,0 -35.69724548858025,-9.629921958829568,0 -35.69574104442756,-9.629884877920425,0 -35.6964556615324,-9.631998532666243,0 -35.69763243803393,-9.634545372764675,0 -35.69780220193633,-9.635910035761338,0 -35.69810309467017,-9.6362684862925,0 -35.69845412600809,-9.63950691933966,0 -35.69987085705679,-9.639593443554071,0 -35.70047125755948,-9.641489808354432,0 -35.70045871140656,-9.643343866409026,0 -35.69930525078592,-9.643615796815476,0 -35.69948075657465,-9.645111429867397,0 -35.70492640264226,-9.645257391230112,0 -35.71041376389455,-9.644903099849195,0 -35.71506427138322,-9.65017451557425,0 -35.71790460017545,-9.652863242809667,0 -35.71701202584878,-9.653361882237093,0 -35.70543809478952,-9.653361853405665,0 -35.69868363024964,-9.653449917203835,0 -35.6982994784676,-9.65926771753781,0 -35.69571098376539,-9.663784815429022,0 -35.7035660494524,-9.662054214253512,0 -35.70922250707361,-9.663122158551765,0 -35.7126145771003,-9.665820687513209,0 -35.71806019591873,-9.672055409015968,0 -35.71874452440323,-9.673580650901844,0 -35.71887096870312,-9.674003789379015,0 -35.71785559270506,-9.674203977961929,0 -35.71809073108994,-9.674520066566727,0 -35.71951226090788,-9.6747413280885,0 -35.72083758864046,-9.673592876002253,0 -35.72170333704955,-9.673613947212507,0 -35.72246219969387,-9.673044987449043,0 -35.72422863347165,-9.672496077225826,0 -35.7253968211496,-9.67271999550463,0 -35.72724640269713,-9.67137648239045,0 -35.72977745612159,-9.669936990459593,0 -35.73208138618587,-9.669841072172185,0 -35.73574812240782,-9.669969009838757,0 -35.73662416981268,-9.667505935318673,0 -35.73746783577963,-9.666930142363885,0 -35.73862359719551,-9.666293725528055,0 -35.74316467225584,-9.667494573230208,0 -35.74312929117796,-9.664475367472416,0 -35.74774687667703,-9.664161838504437,0 -35.74799427188889,-9.665427586264792,0 -35.74707989333915,-9.668630380438037,0 -35.76051198024184,-9.672396316617256,0 -35.76274035036934,-9.673165908827563,0 -35.76303314277595,-9.673502616909344,0 -35.76127648109249,-9.674224153699456,0</coordinates></LineString></Placemark><Placemark><name>0053 - Graciliano Ramos / Centro</name><styleUrl>#style_ida</styleUrl><LineString><tessellate>1</tessellate><coordinates>-35.74786510336798,-9.547899209088616,0 -35.74571442923064,-9.546819649723554,0 -35.74594693639824,-9.546609473518576,0 -35.75026767005444,-9.548902323238728,0 -35.75396294207618,-9.550907848925435,0 -35.75222253871849,-9.553678400046456,0 -35.75284411257881,-9.55429135788759,0 -35.75448507705589,-9.554610095869904,0 -35.75978108735796,-9.55713552336814,0 -35.77602477586458,-9.565438454571362,0 -35.77700552024883,-9.565438454001113,0 -35.77784242836182,-9.56570924519978,0 -35.77785551515684,-9.566495835501833,0 -35.77728014074395,-9.566663469592214,0 -35.77652169864588,-9.567759548225292,0 -35.76980091709523,-9.57773503930442,0 -35.76657324167545,-9.581773908997953,0 -35.76049236474238,-9.58979716973814,0 -35.75204893480163,-9.595221590303145,0 -35.74696906455332,-9.60334241555591,0 -35.74202253296818,-9.605275021623092,0 -35.7393162394315,-9.615397659761758,0 -35.73452585296202,-9.644403656815786,0 -35.73319282530939,-9.650370315677835,0 -35.73477983183268,-9.655247466832964,0 -35.73496616832202,-9.656288334412041,0 -35.73630153537514,-9.65843131728592,0 -35.73859965045656,-9.660237586997654,0 -35.73909654853895,-9.660513125453024,0 -35.73868464284787,-9.6609776120443,0 -35.73842840930933,-9.661657877135866,0</coordinates></LineString></Placemark><Placemark><name>0612 - E. Gomes / Jatiuca</name><styleUrl>#style_ida</styleUrl><LineString><tessellate>1</tessellate><coordinates>-35.78328552649314,-9.541941163342083,0 -35.78356474016581,-9.54152543598847,0 -35.78098064010235,-9.540181069859683,0 -35.78321805103695,-9.536138212558967,0 -35.78846446911007,-9.538912237853598,0 -35.79140718013257,-9.540532796026467,0 -35.78681657633967,-9.548395613862072,0 -35.77795501642505,-9.565499648050949,0 -35.77336384665413,-9.572900045314453,0 -35.76015175834749,-9.590332174954456,0 -35.75221525190111,-9.594939372432734,0 -35.74727066936541,-9.60321015660241,0 -35.74272327318024,-9.604777247904739,0 -35.74108966583375,-9.606387899242556,0 -35.740162310146,-9.610610551975928,0 -35.73323897873222,-9.650493545155541,0 -35.73445035116241,-9.654871521958158,0 -35.73576267341566,-9.658254632131008,0 -35.73899267915502,-9.660344288541967,0 -35.74251878406227,-9.661559296358599,0 -35.74185880630075,-9.667043949148903,0 -35.73862903013896,-9.66620731782862,0 -35.73657805325898,-9.667485519524949,0 -35.73582366393109,-9.669693349043108,0 -35.72959978940222,-9.670111706143105,0 -35.7271006278982,-9.671320284825933,0 -35.72535339206245,-9.672765600165429,0 -35.72382101759528,-9.672207849012212,0 -35.72198217863352,-9.673137441971823,0 -35.72139280150621,-9.673718439015504,0 -35.72054410220922,-9.673509278271776,0 -35.71995471127851,-9.674462118356425,0 -35.71785650227834,-9.674508596104086,0 -35.71854020462887,-9.673950833677544,0 -35.71863452085783,-9.673160672926143,0 -35.71667782273825,-9.670464823788336,0 -35.71262291148847,-9.665747107036703,0 -35.70981757780401,-9.663516086040843,0 -35.70592778510745,-9.662098391621333,0 -35.70446612502985,-9.66200538903489,0 -35.70024624071365,-9.662516720679605,0 -35.69659220669249,-9.663516016609744,0 -35.69581423931353,-9.663585731944224,0 -35.6969222852611,-9.661494151637049,0</coordinates></LineString></Placemark><Placemark><name>0108 - Clima Bom via Colina / Trapiche</name><styleUrl>#style_ida</styleUrl><LineString><tessellate>1</tessellate><coordinates>-35.79118549903426,-9.569972735815139,0 -35.7912684586871,-9.570755738275114,0 -35.79324767022349,-9.570346704581063,0 -35.79337804614061,-9.57145693567255,0 -35.79133956594079,-9.571725730326223,0 -35.79086551042271,-9.56812624935985,0 -35.79013071424113,-9.568815757703563,0 -35.77946850974418,-9.570350045817257,0 -35.77762172651861,-9.570597588004818,0 -35.77856493912236,-9.576872826495512,0 -35.77795535321685,-9.577491602665633,0 -35.77883389376453,-9.578640763904845,0 -35.77766849548235,-9.579489384368609,0 -35.77935673325393,-9.581822077586825,0 -35.77828097070804,-9.582529251096144,0 -35.77872920537559,-9.582723724553336,0 -35.77634456001459,-9.5842795291343,0 -35.77801524031943,-9.585278168689614,0 -35.77851727065137,-9.58515441787371,0 -35.77878621177153,-9.58543728635906,0 -35.77851726353207,-9.585879265025799,0 -35.77686766419187,-9.588690296149633,0 -35.77473405148137,-9.585826203503919,0 -35.77489060438121,-9.585650296696691,0 -35.77485715560277,-9.58546889170491,0 -35.77511360580012,-9.585347956183536,0 -35.77529200507266,-9.585320471552388,0 -35.77665786537068,-9.584528892580702,0 -35.77517914364933,-9.583697342750943,0 -35.77486508455223,-9.58292315399889,0 -35.77464766031518,-9.581779743239798,0 -35.7741644990363,-9.581732101148452,0 -35.77292032985319,-9.58505516652026,0 -35.77216710656334,-9.586401793185226,0 -35.76786554278853,-9.587154753511198,0 -35.7677128319506,-9.588710794841239,0 -35.76679652459965,-9.591295859356308,0 -35.76791649644295,-9.594131971200925,0 -35.76728046821492,-9.59711012499948,0 -35.77099687382887,-9.599394046858869,0 -35.76861950691243,-9.609795822004047,0 -35.76292395489561,-9.617441984192372,0 -35.75946271643073,-9.620033935208022,0 -35.75547563168735,-9.621545932636195,0 -35.75271528599837,-9.62262595978406,0 -35.75250601927173,-9.624094112725658,0 -35.75103613925699,-9.627589188507331,0 -35.75063870859114,-9.628588845437774,0 -35.7443361788908,-9.62542495671862,0 -35.74336451208136,-9.626303103786347,0 -35.7416779280321,-9.628385186189165,0 -35.73977504885288,-9.63273601037467,0 -35.73928691508678,-9.634196926385476,0 -35.73639883378785,-9.636152799573292,0 -35.73575047792914,-9.639014326499513,0 -35.73398263112247,-9.648865356266214,0 -35.73467133224018,-9.650026155422047,0 -35.73615982706433,-9.651537366340252,0 -35.73771499770409,-9.652939061517166,0 -35.73889249976646,-9.653486591449722,0 -35.74058102337441,-9.65401221254308,0 -35.74102538052634,-9.654165519897314,0 -35.73973688654691,-9.657779405413311,0 -35.74054414819537,-9.659067566301077,0 -35.74236595038523,-9.660337848988636,0 -35.74256591069825,-9.660732079472977,0 -35.74238818975056,-9.661739566491882,0 -35.74632076480962,-9.662747021431361,0 -35.75442001913859,-9.65839051245636,0 -35.75681130502958,-9.661720569784483,0 -35.75760449039381,-9.663415285725021,0 -35.75745282472403,-9.669252032031899,0 -35.76105859477892,-9.67011260348178,0 -35.76048938640189,-9.672395025059258,0 -35.76150216328092,-9.672857231023238,0 -35.76089089769916,-9.67469181244139,0 -35.76177385910191,-9.673861560626946,0</coordinates></LineString></Placemark><Placemark><name>0117 - Village II / Trapiche</name><styleUrl>#style_ida</styleUrl><LineString><tessellate>1</tessellate><coordinates>-35.76130047741493,-9.547117299069395,0 -35.76114160860056,-9.546856191688091,0 -35.7621477428568,-9.54511546001854,0 -35.7585467905459,-9.543426987185693,0 -35.7595352684793,-9.541686252013196,0 -35.75437573770779,-9.539029982847893,0 -35.75291068691152,-9.54158884740443,0 -35.7523634946624,-9.542615878133823,0 -35.75418161105296,-9.543555877946114,0 -35.75220380703124,-9.547103621503899,0 -35.7613593546793,-9.551934143592336,0 -35.76732424282125,-9.55481508590743,0 -35.76484103546857,-9.559592876111134,0 -35.76411672376615,-9.559517402426303,0 -35.76154221570168,-9.563051717446767,0 -35.75844006263289,-9.560938716680443,0 -35.75565293330572,-9.564438337846155,0 -35.7556718810539,-9.565036334666335,0 -35.7535185814577,-9.569162730453456,0 -35.75116866777067,-9.569386976007987,0 -35.75137711764099,-9.57176025933212,0 -35.75048640590494,-9.575180069176396,0 -35.7468288030209,-9.574245684778141,0 -35.7464118529054,-9.574656827173534,0 -35.74574760708892,-9.574378732049492,0 -35.73971263645441,-9.573045925443655,0 -35.73716236980668,-9.577842248401845,0 -35.73485069516909,-9.583586904475549,0 -35.72656409236692,-9.59129461149458,0 -35.72333452761367,-9.59766946171428,0 -35.71819191825411,-9.612577730804414,0 -35.71743704032984,-9.615550077264073,0 -35.71891936064291,-9.615592337614466,0 -35.72429775623716,-9.622363229268768,0 -35.71660287179783,-9.62333137583386,0 -35.71715085803216,-9.627104014536148,0 -35.71833779438297,-9.627096269920168,0 -35.72103920112831,-9.626581439408922,0 -35.72303525588733,-9.627084606887195,0 -35.72451637801164,-9.628196342010733,0 -35.72531697184203,-9.631907734939757,0 -35.72654023401201,-9.636831431614068,0 -35.72888099423897,-9.641612283421303,0 -35.72837439033219,-9.644672605120675,0 -35.72846402240474,-9.645488822417526,0 -35.72686829662079,-9.645800630577977,0 -35.7264225772261,-9.64571095948017,0 -35.7261944071795,-9.645338874152552,0 -35.72638733271493,-9.645230531431718,0 -35.72665727008803,-9.64552791159667,0 -35.72662022440912,-9.646994531345584,0 -35.7257632537674,-9.647524755051498,0 -35.72450097223689,-9.647031793001359,0 -35.72153841078803,-9.644180853572594,0 -35.71935109108446,-9.643891942093582,0 -35.71920886021442,-9.644533034898876,0 -35.71977462153125,-9.646364088955414,0 -35.72009719356373,-9.649404424067495,0 -35.72085832050772,-9.650291675818956,0 -35.72561245720605,-9.657747931859296,0 -35.72612299492027,-9.658509981749894,0 -35.72576252839667,-9.659011020772345,0 -35.72847530514998,-9.661525214548798,0 -35.73533044723092,-9.666197244882339,0 -35.73869261210896,-9.66797134731435,0 -35.7415436913417,-9.668533223732428,0 -35.74236561973667,-9.668816151813326,0 -35.74349568310039,-9.667408061749352,0 -35.74584026776404,-9.66813823389566,0 -35.74617367031278,-9.666780383418612,0 -35.74488580276786,-9.664380589847106,0 -35.75765520209643,-9.663457857438507,0 -35.7576938485392,-9.667718346253146,0 -35.75671670276751,-9.671482394901851,0 -35.76155044588119,-9.672799441509333,0 -35.76085731472641,-9.674872606432425,0 -35.76153031231226,-9.673965866322535,0</coordinates></LineString></Placemark><Placemark><name>0052 - T.I Eustáquio Gomes / Centro</name><styleUrl>#style_ida</styleUrl><LineString><tessellate>1</tessellate><coordinates>-35.74775296528607,-9.547755220299669,0 -35.74583842017584,-9.546916071240524,0 -35.74619296820854,-9.54665385237007,0 -35.75393976745661,-9.5508144828664,0 -35.75236206268358,-9.55378638086942,0 -35.75291162689803,-9.554240913225353,0 -35.75360692869732,-9.554569826926329,0 -35.7546362566695,-9.554656858989427,0 -35.7637123714348,-9.559259100460007,0 -35.77612577328336,-9.565360573682698,0 -35.77739691180877,-9.565611244097235,0 -35.77800714390334,-9.566463547743549,0 -35.7749569060986,-9.571025949872508,0 -35.76242560556248,-9.587773664235083,0 -35.75869251058638,-9.591365114680068,0 -35.75268292366609,-9.594687246623343,0 -35.74776590454842,-9.602229743081306,0 -35.74150888280687,-9.60592701897,0 -35.73996102507383,-9.610416090696484,0 -35.73795813616579,-9.625320505642637,0 -35.73795826295215,-9.629002030624617,0 -35.73379843598072,-9.64871228971269,0 -35.73345457375205,-9.650568712254405,0 -35.7338365246042,-9.651727310869559,0 -35.73436539664648,-9.654768671518829,0 -35.73501180561732,-9.656564562820641,0 -35.73638726003525,-9.658775133845332,0 -35.73889535865256,-9.660395754758788,0 -35.73862138811607,-9.66137230034425,0</coordinates></LineString></Placemark><Placemark><name>0069 - Clima Bom / Centro</name><styleUrl>#style_ida</styleUrl><LineString><tessellate>1</tessellate><coordinates>-35.73810314165895,-9.662344882304032,0 -35.73904906375255,-9.660411593552059,0 -35.73644196725806,-9.658978707338331,0 -35.73459625874131,-9.655203113018938,0 -35.73363794613014,-9.651018244234752,0 -35.73354565688901,-9.6495171121504,0 -35.73722439508692,-9.630436242433245,0 -35.74145177728942,-9.606204084695557,0 -35.74793939442489,-9.602902267568458,0 -35.75275287486647,-9.594338019630959,0 -35.76287473118622,-9.58633245167445,0 -35.7766859351195,-9.567244463833571,0 -35.7699811014443,-9.577563050374609,0 -35.77195905522802,-9.578606928647536,0 -35.77427140248232,-9.581271556588804,0 -35.77505141157383,-9.579595907783423,0 -35.77672288420236,-9.578277353308026,0 -35.77767009339291,-9.57956841380645,0 -35.77884013843271,-9.578716834194823,0 -35.77803221464507,-9.577425774104979,0 -35.77858937628177,-9.57682142818844,0 -35.77764111716473,-9.570553518978043,0 -35.79009732750262,-9.568817586508462,0 -35.79090519349671,-9.568213240681107,0 -35.79137890706802,-9.571729407035091,0 -35.79327330839276,-9.571537109723845,0 -35.79321753070243,-9.570355879730899,0 -35.7914345839615,-9.57074047563036,0 -35.79112811934961,-9.570163604394203,0</coordinates></LineString></Placemark><Placemark><name>0042 - T.I. Benedito Bentes / Centro</name><styleUrl>#style_ida</styleUrl><LineString><tessellate>1</tessellate><coordinates>-35.72603951491837,-9.549729228481695,0 -35.7258675977215,-9.549926989679028,0 -35.7261518982334,-9.550184062024314,0 -35.72774562489227,-9.548714454474972,0 -35.72811033953858,-9.548941314938519,0 -35.73005812309975,-9.546891383885665,0 -35.74059169505587,-9.556879461742723,0 -35.7416448608215,-9.557976069726084,0 -35.74570391409149,-9.561886828817046,0 -35.74599610031223,-9.562997138887074,0 -35.74775078396822,-9.566402855699744,0 -35.7502148746834,-9.571312979632374,0 -35.75144302898435,-9.571738852081255,0 -35.75049377485637,-9.575656535707427,0 -35.75161834906861,-9.57646513777881,0 -35.75695685955505,-9.579166873878213,0 -35.76460427055873,-9.584468340959189,0 -35.76063402786616,-9.589867147901266,0 -35.755381641189,-9.59295150259773,0 -35.75236556559296,-9.594829095582723,0 -35.74729518070355,-9.603026347678316,0 -35.74250155248365,-9.605308666198615,0 -35.73983644950998,-9.611738513661505,0 -35.73763006520396,-9.629366600054443,0 -35.73361387927683,-9.649846769474395,0 -35.73356506978807,-9.65225692428704,0 -35.73420937866277,-9.65397034671987,0 -35.734900249051,-9.65576985545553,0 -35.73661317826775,-9.659000296304123,0 -35.73898551922998,-9.660490566041018,0 -35.73792394329456,-9.662646545807261,0</coordinates></LineString></Placemark><Placemark><name>0214 - Henrique Equelman / Vergel</name><styleUrl>#style_ida</styleUrl><LineString><tessellate>1</tessellate><coordinates>-35.73463081028687,-9.560893808963382,0 -35.73436784971468,-9.561103929088798,0 -35.73379351727508,-9.560930990027655,0 -35.73312400310104,-9.560756307180966,0 -35.73237691766052,-9.562663800650675,0 -35.73300272317389,-9.563066342764248,0 -35.73343184163459,-9.563995862881878,0 -35.73372715700012,-9.5640779671284,0 -35.73414168004925,-9.562870953082133,0 -35.73516675193385,-9.5611471485883,0 -35.73530725227026,-9.561310695626366,0 -35.73667764281129,-9.559846429933236,0 -35.73642144419257,-9.559526956276848,0 -35.73554202964501,-9.559257951879248,0 -35.735370208372,-9.559786872669656,0 -35.73397753392424,-9.559374438798496,0 -35.73418883959278,-9.558405356287297,0 -35.73373231835395,-9.558180702841382,0 -35.73374896152742,-9.557823590067658,0 -35.73407406643842,-9.557506840236714,0 -35.73437795883139,-9.557449103806722,0 -35.73449585729063,-9.557774896358413,0 -35.7357011238155,-9.558254004236487,0 -35.73556234075037,-9.559189895579125,0 -35.73674661942311,-9.559595888580063,0 -35.73808461722689,-9.560927100557091,0 -35.73862151313025,-9.560360124279748,0 -35.74166553746296,-9.563325093852935,0 -35.74229777064031,-9.564020885663142,0 -35.74168188894031,-9.56458490865538,0 -35.74204290623321,-9.564898168049982,0 -35.74261335872085,-9.564237143367098,0 -35.74430208183771,-9.565830898724396,0 -35.74347255254763,-9.5679599574407,0 -35.74202463748646,-9.570482356511697,0 -35.73993805335402,-9.57272461750621,0 -35.73771725550348,-9.576262823718611,0 -35.73521365060021,-9.582476518296236,0 -35.73389657705358,-9.58489451941462,0 -35.72747610828215,-9.590200692742927,0 -35.72450338094872,-9.59388417686868,0 -35.72343416633919,-9.597068100093587,0 -35.7225608068988,-9.605420110127014,0 -35.72294489171924,-9.606828904289227,0 -35.72398273302072,-9.6088083628571,0 -35.72840632961935,-9.612923773556652,0 -35.73001228707111,-9.614152895166132,0 -35.73127596191816,-9.614382166958073,0 -35.73205513529026,-9.614948467912898,0 -35.73313053401484,-9.615133753958862,0 -35.73393321460357,-9.614644004797938,0 -35.73942265932784,-9.616471824347638,0 -35.73739253158556,-9.631170135111722,0 -35.73331503847822,-9.650221418323849,0 -35.73374245450173,-9.651535301449522,0 -35.73391414013187,-9.653654859061936,0 -35.73638979277274,-9.658678280568934,0 -35.73798198123345,-9.660013910779515,0 -35.74081897771106,-9.660979135885132,0 -35.74294732863231,-9.66182340519549,0 -35.74636222316008,-9.662720711476165,0 -35.75078160882499,-9.66048708109281,0 -35.75132308034991,-9.65940056478827,0 -35.75426205458173,-9.656821986812387,0 -35.75500558437139,-9.656397956158171,0 -35.7556570845707,-9.655666554298989,0 -35.7558693090249,-9.655289584345883,0 -35.75536966999821,-9.653921330706341,0 -35.75629344925294,-9.653636453973151,0 -35.75804087112402,-9.653794229082736,0 -35.75829504295841,-9.654215804317948,0 -35.7587271568788,-9.653834739729731,0 -35.76104044803117,-9.651165194381441,0 -35.76138966709814,-9.651393129715043,0 -35.76062053104697,-9.652523044625836,0 -35.76089215549196,-9.652656372418685,0 -35.7610141615054,-9.652465950045558,0</coordinates></LineString></Placemark><Placemark><name>0401 - Circular Bairros I</name><styleUrl>#style_ida</styleUrl><LineString><tessellate>1</tessellate><coordinates>-35.76124786215092,-9.674368784232659,0 -35.76196824561194,-9.673622341455733,0 -35.76332714413049,-9.673481126158327,0 -35.76296245160056,-9.673332756378384,0 -35.76228300649695,-9.673078554517195,0 -35.75683892745857,-9.67144528528127,0 -35.75713911350073,-9.67033955551871,0 -35.75781807775591,-9.666963318802397,0 -35.75756875064805,-9.663435959021065,0 -35.75690516385075,-9.661720546281016,0 -35.75441181167485,-9.658489120474554,0 -35.74858411189121,-9.661720343653313,0 -35.74978876283845,-9.663847027272137,0 -35.74146758139238,-9.664537436338227,0 -35.74157971191042,-9.662825100805659,0 -35.73846988902565,-9.6616926552073,0 -35.73785354360218,-9.661416459598504,0 -35.73877815103116,-9.659566051337825,0 -35.73928243923061,-9.659566063581478,0 -35.73919845593397,-9.657273750758788,0 -35.74048729457878,-9.653904327008243,0 -35.73883438934575,-9.653379538542216,0 -35.73833009742928,-9.653517616288248,0 -35.73650910372122,-9.65191568286866,0 -35.73511994953607,-9.650360580611167,0 -35.73145991138918,-9.649237872248477,0 -35.73143670755808,-9.649855698073718,0 -35.73136579193888,-9.650912895720678,0 -35.73315883202547,-9.650885305402024,0 -35.73554044167683,-9.639202765185715,0 -35.73932802071023,-9.617817520449227,0 -35.73922804958418,-9.61716074360623,0 -35.73479676091434,-9.615483658748879,0 -35.73417009080157,-9.616837032730725,0 -35.7314993475375,-9.614512739762707,0 -35.73134729217912,-9.614047647442227,0 -35.73113571193058,-9.6128585096669,0 -35.7303740062715,-9.611836269377646,0 -35.73020265436308,-9.611178732767964,0 -35.73026535201304,-9.610684229886635,0 -35.73004593765518,-9.609499480357286,0 -35.72966978749106,-9.604864581602786,0 -35.73199198756627,-9.601451420459442,0 -35.72941186218338,-9.600136975888365,0 -35.72928284404534,-9.600794174204266,0 -35.72936883502354,-9.60164217631031,0 -35.73089541266778,-9.60261740066517,0 -35.7319059629687,-9.603211011035002,0 -35.74011967199287,-9.61005877823019,0 -35.73946324043333,-9.616407252854785,0 -35.73875175358098,-9.62328379434629,0 -35.7364125156796,-9.634856455266494,0 -35.73359870382411,-9.649630303977505,0 -35.73357887825951,-9.651118866483383,0 -35.73377472298352,-9.653322336887584,0 -35.73408579216563,-9.654049268563076,0 -35.73440183564861,-9.654856548769281,0 -35.73497248003346,-9.655998086937691,0 -35.73496580598452,-9.656894685041674,0 -35.73334632166979,-9.656789637100323,0 -35.73306933076044,-9.65342849666922,0 -35.73310910728116,-9.652948944631358,0 -35.73164498660054,-9.65283790321403,0 -35.73014620357194,-9.652726856890371,0 -35.72978233837826,-9.65247916831748,0 -35.72962640561072,-9.651778818213131,0 -35.72975771523107,-9.64872153300299,0 -35.72753478025972,-9.64745717498971,0 -35.72666758438521,-9.647264499645,0 -35.72658335965044,-9.647016543655575,0 -35.7267007830476,-9.646357928692897,0 -35.72668054208805,-9.645958767271669,0 -35.72642951467124,-9.64570729266565,0 -35.72630805002395,-9.645531659680175,0</coordinates></LineString></Placemark><Placemark><name>0048 - T.I Benedito Bentes / Centro (Via Josefa de Melo)</name><styleUrl>#style_ida</styleUrl><LineString><tessellate>1</tessellate><coordinates>-35.72637630932527,-9.549395955969471,0 -35.72587234644458,-9.549945235379761,0 -35.72611990093412,-9.550145770731532,0 -35.72768482898977,-9.548698464070995,0 -35.72820646396693,-9.548916437212043,0 -35.73017809352526,-9.546876225899359,0 -35.73830848402575,-9.555002327501654,0 -35.74533074954321,-9.561530739456103,0 -35.74553825457945,-9.562612255283964,0 -35.74423402043915,-9.566149119454659,0 -35.74105767108924,-9.571725494680459,0 -35.73764873114178,-9.575993111025388,0 -35.734636110504,-9.58410805280468,0 -35.72849824288758,-9.589656094049499,0 -35.72503139131875,-9.592732683792308,0 -35.72335573707984,-9.597290607204899,0 -35.72260456526364,-9.60583706817048,0 -35.72125873088347,-9.608584923685816,0 -35.71836944430696,-9.61200332680133,0 -35.71756035983258,-9.615250885899487,0 -35.71900498950029,-9.61576368001759,0 -35.72420575844063,-9.622544007936595,0 -35.71715555336127,-9.623284695458702,0 -35.70559739263803,-9.623569620611498,0 -35.70380552154462,-9.62550703696649,0 -35.69681195881888,-9.625849090088089,0 -35.70292244521291,-9.636087803025127,0 -35.70679459777633,-9.640247116572647,0 -35.71136053334396,-9.643494975095079,0 -35.7134355660858,-9.645658680856574,0 -35.7147473700571,-9.646576496379577,0 -35.71651772452116,-9.648121867874035,0 -35.71867586234116,-9.650854392437138,0 -35.72045321032689,-9.652898599223711,0 -35.72278926810891,-9.656319080746586,0 -35.72755657748558,-9.660893583955849,0 -35.73368489846902,-9.665147379588994,0 -35.73657950194158,-9.666904189781855,0 -35.7394312730226,-9.668046237874773,0 -35.74234253230818,-9.668836871718513,0 -35.74286336605093,-9.668427172095813,0 -35.74330542750771,-9.667446178169138,0 -35.74367541128457,-9.667540962181002,0 -35.74564005247029,-9.668192555712398,0 -35.74620446323791,-9.666786883309676,0 -35.74507551734289,-9.664854145912084,0 -35.74339766047559,-9.665276717395825,0 -35.74335923978722,-9.665749679058715,0</coordinates></LineString></Placemark><Placemark><name>0046 - Village II / Centro</name><styleUrl>#style_ida</styleUrl><LineString><tessellate>1</tessellate><coordinates>-35.76106967096067,-9.547478029335243,0 -35.76092834735615,-9.5473654644822,0 -35.76133057605075,-9.546609672839317,0 -35.76210751627949,-9.545202682114056,0 -35.75852312729562,-9.543606795903683,0 -35.75956229434265,-9.541611152151049,0 -35.7543178490432,-9.538965832440708,0 -35.75240600850283,-9.542641217449717,0 -35.75425986377092,-9.543650553352558,0 -35.75267953448105,-9.546215284405971,0 -35.75218314107343,-9.547183399102416,0 -35.76456166135695,-9.553531002565817,0 -35.76726304477916,-9.55486289083805,0 -35.7675822789474,-9.554523860554815,0 -35.76905537203596,-9.555201832496184,0 -35.77077429677514,-9.551884330802242,0 -35.78161020859615,-9.557635545934286,0 -35.77782226636506,-9.565407042992987,0 -35.77802525563206,-9.56614084974154,0 -35.77768703509093,-9.566674529296622,0 -35.77704437233952,-9.566807945247426,0 -35.77348218826846,-9.572596461079812,0 -35.76107024068874,-9.589338414488546,0 -35.7527093877825,-9.59453859590221,0 -35.74663192995856,-9.603772655026024,0 -35.7418220311292,-9.605428111436828,0 -35.74007086139077,-9.608305984014207,0 -35.73816290509186,-9.62594824868732,0 -35.734526246277,-9.643994295640628,0 -35.73351890826133,-9.651568282165744,0 -35.73387109234712,-9.653781536965932,0 -35.73639874521234,-9.6589132552158,0 -35.73853524318738,-9.660307447765662,0 -35.73901671304066,-9.660515095645387,0 -35.73821230999575,-9.662177651654241,0</coordinates></LineString></Placemark><Placemark><name>0706 - T.I Eustáquio Gomes / Ponta Verde (Via Jacintinho)</name><styleUrl>#style_ida</styleUrl><LineString><tessellate>1</tessellate><coordinates>-35.78318030908333,-9.542185265480127,0 -35.78358770856637,-9.5414710200946,0 -35.78101505431151,-9.540168993367239,0 -35.78330012435325,-9.536023399281753,0 -35.79151204136036,-9.540555639488558,0 -35.78853724968937,-9.545614953111315,0 -35.78253751021299,-9.555896316221391,0 -35.77789275233112,-9.565669994598377,0 -35.7781544409089,-9.5663151483056,0 -35.77763105861877,-9.56679901705031,0 -35.77674785919181,-9.566411922803079,0 -35.77560298485091,-9.5652506495613,0 -35.76402322248065,-9.559573415386751,0 -35.76137341254389,-9.563186194728653,0 -35.75840612158349,-9.560893289754363,0 -35.75592821612961,-9.564314045606961,0 -35.75499211654517,-9.564513146272738,0 -35.74741185695225,-9.56585244960436,0 -35.74614830395432,-9.563351335197668,0 -35.74485701905908,-9.564751949356546,0 -35.74399294798988,-9.566686700180185,0 -35.74252528083925,-9.569786847071104,0 -35.74068058911256,-9.571915060808688,0 -35.73840822002629,-9.57464074091223,0 -35.73657235487078,-9.579132033150268,0 -35.7342715940741,-9.5844712171211,0 -35.72894946035903,-9.589166203062318,0 -35.72468117620215,-9.593100432852488,0 -35.72384606938148,-9.594472827660383,0 -35.72273257878785,-9.601151869245513,0 -35.72208299615444,-9.607922600462306,0 -35.71832180036947,-9.61241456740669,0 -35.71758005555449,-9.615444148566992,0 -35.71912371709278,-9.615564384192488,0 -35.71989304028681,-9.616813748523256,0 -35.72425434596779,-9.622161394953205,0 -35.72434483119927,-9.622845367799945,0 -35.72389241404202,-9.623113010752613,0 -35.72123822652451,-9.62302380043428,0 -35.71644250607476,-9.623380691269194,0 -35.71668372787288,-9.624837892641754,0 -35.71696298374862,-9.627924770505041,0 -35.71541869138291,-9.631850552929501,0 -35.71578420843934,-9.634654763941922,0 -35.71806629613723,-9.63436655134255,0 -35.71816366991369,-9.636576271073698,0 -35.71828542679238,-9.637681139762462,0 -35.71774942310566,-9.639242325055152,0 -35.71791989936537,-9.641307919402715,0 -35.71921104184466,-9.644238243477774,0 -35.71982880926785,-9.64632306229132,0 -35.71999928577006,-9.648989094320928,0 -35.72016981091291,-9.649613576487289,0 -35.72158284239124,-9.651222867100882,0 -35.72474996603929,-9.656314822629568,0 -35.72596809864837,-9.658332427551763,0 -35.72574879682817,-9.659149096279366,0 -35.72808232576426,-9.661266646542586,0 -35.72797579342127,-9.66133666085621,0 -35.72682613805891,-9.660610263032577,0 -35.72661750869521,-9.66098221334671,0 -35.72639111867439,-9.661590465157621,0 -35.72478139476113,-9.6640891428094,0 -35.72303614800041,-9.666077832898067,0 -35.72316974848098,-9.666263770918679,0 -35.72263532398329,-9.666837083393162,0 -35.72263531718788,-9.667170226030684,0 -35.72491443349294,-9.667131482879318,0 -35.7267782648704,-9.667005754818984,0 -35.7267546960844,-9.665696449825473,0 -35.72698260434814,-9.665665460868782,0 -35.72750129026963,-9.665835902733551,0 -35.72755630047421,-9.667090976078496,0 -35.7276112318742,-9.67007396846865,0 -35.72824982188531,-9.670052986115197,0 -35.7295057090528,-9.669969053126831,0 -35.72937798781497,-9.670283810764772,0 -35.72795179151203,-9.671039232315556,0 -35.72543990602145,-9.672613058633257,0 -35.72405624075993,-9.672445189121955,0 -35.72196998613737,-9.673305583213827,0 -35.72141868925568,-9.673665123335326,0 -35.72075879238081,-9.673749058287758,0 -35.71999242868502,-9.674462520488625,0 -35.71850229646766,-9.674693351296703,0 -35.7175869461289,-9.674252676508813,0 -35.71826816163512,-9.674126770495322,0 -35.71882164075276,-9.674084802434534,0 -35.71863008972501,-9.673308383853938,0 -35.7172464957676,-9.671084049622493,0 -35.71556068746737,-9.668985647637857,0 -35.7136024063675,-9.666719352689563,0 -35.71132482938012,-9.664348146774932,0 -35.71004764732586,-9.663592704539953,0 -35.7074463252871,-9.662468194174453,0 -35.7056370417482,-9.662048508682728,0 -35.70293369867357,-9.66202749686096,0 -35.69971951678323,-9.66259408030478,0 -35.69593051202312,-9.663622263056444,0 -35.69590924728511,-9.663160612342507,0 -35.69733552928027,-9.660495676042416,0 -35.69818700444186,-9.65881699337707,0 -35.70180555734469,-9.658691149376255,0</coordinates></LineString></Placemark><Placemark><name>0057 - Rio Novo / Centro Via Farol</name><styleUrl>#style_ida</styleUrl><LineString><tessellate>1</tessellate><coordinates>-35.81213304987138,-9.57383243376055,0 -35.80943881165938,-9.576139340580315,0 -35.80936210542094,-9.576404070246365,0 -35.80893063819671,-9.576517526563524,0 -35.80745409330279,-9.57401206660706,0 -35.80721440633073,-9.572149529768788,0 -35.80710661416246,-9.571716459817326,0 -35.80946624326688,-9.570595640864301,0 -35.80890511330983,-9.57197184896521,0 -35.80732243200989,-9.572723786950506,0 -35.8075310521685,-9.573872987814491,0 -35.80831519433932,-9.575362699802774,0 -35.8089475241684,-9.576750850112623,0 -35.80871730676039,-9.577892954442133,0 -35.80803386391251,-9.577729794374134,0 -35.80763818082418,-9.577978078371682,0 -35.80482543845655,-9.581587369106492,0 -35.80364518022663,-9.582571034190998,0 -35.80183265643628,-9.582072272557932,0 -35.80041351956642,-9.58203072755012,0 -35.79982337661011,-9.583069803677171,0 -35.79788063506926,-9.586038081421032,0 -35.79684922525693,-9.586735980681706,0 -35.79591885653277,-9.58874997088921,0 -35.79496829069371,-9.58934819239943,0 -35.79209627285255,-9.589507954580906,0 -35.7888567223384,-9.589209423045846,0 -35.78681404088675,-9.590704973591043,0 -35.78640956259083,-9.591024045281205,0 -35.78570563443589,-9.589931057731166,0 -35.78456896465839,-9.590164403613993,0 -35.78436706781373,-9.589428806002239,0 -35.78367947611326,-9.589508563256516,0 -35.78291097930142,-9.589767784257303,0 -35.78194025247024,-9.589608253078334,0 -35.78163687530207,-9.590186529898538,0 -35.78130430696892,-9.591322370568856,0 -35.78063691366285,-9.591980397462326,0 -35.77893812146554,-9.591980383169306,0 -35.77762357157125,-9.59156161568966,0 -35.77649099361042,-9.591402112764982,0 -35.77469112818203,-9.591900618109712,0 -35.77345748026853,-9.592598536978812,0 -35.77176660551234,-9.591495245377132,0 -35.77150920610374,-9.591159570535213,0 -35.7714676920094,-9.590873020064414,0 -35.77164206313558,-9.590643781759828,0 -35.77166697067227,-9.590963080579774,0 -35.77176660662304,-9.591380625492265,0 -35.77292905588482,-9.592264840828966,0 -35.77368464790632,-9.592494081600798,0 -35.77458969723981,-9.591789990579876,0 -35.7755362561414,-9.590570112048784,0 -35.776932088669,-9.588571224419583,0 -35.77463440080543,-9.58582175744065,0 -35.77477651596588,-9.585676549630332,0 -35.77530259888677,-9.5854143889304,0 -35.77515964021945,-9.58529390149784,0 -35.77491816903373,-9.58545847913171,0 -35.77485443883977,-9.585561378092045,0 -35.77491365310956,-9.585611449690452,0 -35.77644806311341,-9.584686401999853,0 -35.77668875672071,-9.584492506064935,0 -35.77492554959099,-9.583455377841219,0 -35.77459801817962,-9.58175981983446,0 -35.77400414753512,-9.580844101505782,0 -35.77304600730871,-9.577377847474716,0 -35.77048648447953,-9.576219704006455,0 -35.76937030481696,-9.575365330636314,0 -35.7684657903154,-9.57652346305827,0 -35.76967819701395,-9.577548713211966,0 -35.7653385253573,-9.583304643707844,0 -35.76003900770759,-9.590002136637814,0 -35.75203660022748,-9.594864937480963,0 -35.74704753356524,-9.602905636809611,0 -35.7423116312671,-9.604998757505586,0 -35.74020520287797,-9.608572299451819,0 -35.73883936322241,-9.622979524372928,0 -35.73610778240426,-9.636437668873354,0 -35.7338591806367,-9.648492635387411,0 -35.73340727248888,-9.650220420964171,0 -35.73299930232827,-9.651389270716336,0 -35.73312156043743,-9.652961306023597,0 -35.73343258463421,-9.658365490132924,0 -35.73312171153539,-9.659419386951306,0 -35.73381750108734,-9.660132944928298,0 -35.73744489335587,-9.662508790447646,0 -35.73697730378668,-9.663319381372201,0 -35.73765744954066,-9.663417211897897,0 -35.73799751041886,-9.662592643858083,0</coordinates></LineString></Placemark><Placemark><name>0612 - Eustáquio Gomes / Jatiúca</name><styleUrl>#style_ida</styleUrl><LineString><tessellate>1</tessellate><coordinates>-35.7831444103095,-9.542201126526013,0 -35.78354312848526,-9.541434391137319,0 -35.7809315306413,-9.540182683668142,0 -35.78327901767675,-9.536153294880009,0 -35.79121195822831,-9.540472433847942,0 -35.78762788469155,-9.547097149236476,0 -35.78408077836994,-9.553539685325202,0 -35.78123923488513,-9.55866103295253,0 -35.77591299838744,-9.569261139916234,0 -35.76827001026185,-9.57979305434441,0 -35.76047959449846,-9.590035438898282,0 -35.75207779829341,-9.595308416733234,0 -35.74747204387418,-9.602989893828276,0 -35.74198413276086,-9.605115599836983,0 -35.74051401792153,-9.607386312583548,0 -35.73365546849151,-9.649017829213289,0 -35.73364421795023,-9.65176196793245,0 -35.73480372057931,-9.655563786396193,0 -35.73650170876036,-9.659138627019708,0 -35.74067483195621,-9.660954431992415,0 -35.7426031490402,-9.661550248159525,0 -35.74185507319906,-9.667253291615227,0 -35.73955691017721,-9.666564733334377,0 -35.73942409771593,-9.666679295904302,0 -35.73844459689438,-9.666253781289429,0 -35.7381457685728,-9.666515637678883,0 -35.73661841316655,-9.667530333797078,0 -35.73568868925055,-9.669625224734277,0 -35.73115626755376,-9.669690715986095,0 -35.72962878330334,-9.670099903663875,0 -35.72722165766434,-9.671278137988187,0 -35.72546172112822,-9.672571106190222,0 -35.72363538073214,-9.672472921885602,0 -35.72163932565568,-9.673516367173942,0 -35.72077601774578,-9.673565461174356,0 -35.71994589729987,-9.674383758109949,0 -35.71901615495007,-9.674776540814209,0 -35.71782078103879,-9.674465577398816,0 -35.71758835124025,-9.67422008290583,0 -35.71843508854439,-9.67399096317632,0 -35.71881694589175,-9.67394186764466,0 -35.7182358958208,-9.672337987689637,0 -35.71534351587574,-9.668757799059366,0 -35.71182395111874,-9.664862643382543,0 -35.70996075966421,-9.663641671195784,0 -35.70640804223102,-9.662168716699606,0 -35.70367491571012,-9.661989796265479,0 -35.69841220707735,-9.662873556170728,0 -35.69565620858601,-9.663691871779896,0 -35.69627055847663,-9.662251629518563,0</coordinates></LineString></Placemark><Placemark><name>0712 - Santos Durmont X Ponta Verde / Farol</name><styleUrl>#style_ida</styleUrl><LineString><tessellate>1</tessellate><coordinates>-35.79605778176094,-9.541698183058678,0 -35.79513811120437,-9.54282171732775,0 -35.79423902033014,-9.543843733569215,0 -35.79034989004718,-9.548562190751452,0 -35.78908265574687,-9.549990359439137,0 -35.78625074413837,-9.553280381690755,0 -35.78482505797762,-9.555913572458007,0 -35.78968426842898,-9.55863018888828,0 -35.7910646496203,-9.553218785559801,0 -35.79091860815128,-9.552703071703906,0 -35.78958351086251,-9.55143111690933,0 -35.7869020795855,-9.55614164718713,0 -35.78412251227295,-9.561084689939902,0 -35.77965309409244,-9.561586741995512,0 -35.77858755611522,-9.56421112026495,0 -35.77789732909484,-9.56555004564193,0 -35.77793126514186,-9.565985201414348,0 -35.77790862844402,-9.566342253830905,0 -35.77695492379051,-9.567286235769373,0 -35.77632128273093,-9.56824578148513,0 -35.7754718962643,-9.569986349790662,0 -35.77214948344889,-9.574452772825163,0 -35.76833842183154,-9.57951852537446,0 -35.76167853177692,-9.588167546309394,0 -35.75941005025167,-9.590741222037856,0 -35.75198972725264,-9.594892307978162,0 -35.74715858945201,-9.602912609299125,0 -35.74184330538361,-9.605455007832559,0 -35.74023843752787,-9.608726997372798,0 -35.7383955800459,-9.625901100079442,0 -35.73660283316355,-9.634102023611131,0 -35.73502353719346,-9.64313000918552,0 -35.73351831348332,-9.649492689401615,0 -35.73351826517422,-9.650620863658869,0 -35.73387114612671,-9.651783381888297,0 -35.73393352062342,-9.653588406708892,0 -35.73499459093352,-9.65596778413656,0 -35.7360140595567,-9.658162590651681,0 -35.73507773800201,-9.658470283002883,0 -35.73468240391453,-9.65847028589975,0 -35.73459913774844,-9.659413873501462,0 -35.73436345482116,-9.66041834303469,0 -35.73288619799449,-9.659577361052493,0 -35.7326781175726,-9.6602747529034,0 -35.73217874766677,-9.660561912775904,0 -35.73163776292513,-9.66074651599901,0 -35.7309095256086,-9.660418323593557,0 -35.73013968520732,-9.659597846416602,0 -35.72932819467762,-9.659782442231414,0 -35.72884959040294,-9.660643934500106,0 -35.72879824883575,-9.661362543220024,0 -35.72885660307319,-9.662361767398405,0 -35.72964064779123,-9.662945407056968,0 -35.72970463604088,-9.664932908755517,0 -35.72954531016026,-9.667369762121723,0 -35.7304573663863,-9.668292535571371,0 -35.73088054749234,-9.66903527661296,0 -35.73098762577708,-9.669840199682085,0 -35.72746716207108,-9.670249260945413,0 -35.72757433116601,-9.66631699731591,0 -35.72772158844009,-9.664720346666703,0 -35.72819011104007,-9.66259590431298,0 -35.72841766320078,-9.662424366664034,0 -35.72848459285208,-9.661856965580304,0 -35.72865860375247,-9.661368737247894,0 -35.72881922440973,-9.662120876755951,0 -35.7291270832025,-9.662754256761358,0 -35.72982311531952,-9.663348051266425,0 -35.72954199576738,-9.667161527403312,0 -35.73083026573622,-9.668815925246372,0 -35.73074994992978,-9.669871551840703,0 -35.72830037917193,-9.670636877769649,0 -35.72577039393863,-9.672444664517506,0 -35.72382288172965,-9.672509910446292,0 -35.72174805249896,-9.67344678518484,0 -35.72122598986922,-9.673618327195046,0 -35.72000783603556,-9.674436471596538,0 -35.71893696598692,-9.67466079310185,0 -35.71824089685447,-9.674687181602982,0 -35.71774562487627,-9.67419894589965,0 -35.71888343127664,-9.673974627969624,0 -35.71861572985844,-9.672958579231665,0 -35.71719685023381,-9.670900074844438,0 -35.71153656418853,-9.664568051826516,0 -35.71013105821267,-9.66371030058489,0 -35.70715956092821,-9.662364630047863,0 -35.70335808885373,-9.66211388611187,0 -35.69804955508513,-9.662971827722783,0 -35.69568027310209,-9.663737169378395,0 -35.69634957501253,-9.662312066297499,0</coordinates></LineString></Placemark><Placemark><name>0615 - Eustáquio Gomes / Mangabeiras</name><styleUrl>#style_ida</styleUrl><LineString><tessellate>1</tessellate><coordinates>-35.78316773871808,-9.542203829977908,0 -35.78354592241482,-9.541521155561945,0 -35.7809802691516,-9.540237095470907,0 -35.78328672323737,-9.536111399809986,0 -35.79140458275822,-9.540537794033678,0 -35.78344984869123,-9.554093296923524,0 -35.77795313112221,-9.56503997234484,0 -35.77790099206424,-9.566016869839713,0 -35.77783147366808,-9.566376781047811,0 -35.77753601526063,-9.566599584863205,0 -35.77697985682674,-9.566651001829749,0 -35.77651060565669,-9.565982592803294,0 -35.77155738522859,-9.563257582108227,0 -35.76149368101892,-9.558078857128555,0 -35.75478535874455,-9.554723776661726,0 -35.75372117535986,-9.55449563761864,0 -35.75168534334315,-9.554564081193043,0 -35.75008903552506,-9.55518005940288,0 -35.7489091181294,-9.556115451053719,0 -35.74820973110103,-9.557049264163352,0 -35.74610435839631,-9.56156644571602,0 -35.74254767658653,-9.570142270304247,0 -35.73898330264193,-9.574004075554798,0 -35.73541840422402,-9.582292264619383,0 -35.73430843714637,-9.584785442260651,0 -35.72634344855657,-9.591467720593744,0 -35.72431913690605,-9.594288078433511,0 -35.72220638613989,-9.607175344931688,0 -35.71843961189305,-9.611876977265524,0 -35.71760332411463,-9.615521825367262,0 -35.71927568469883,-9.615782185503667,0 -35.72433672303166,-9.622724997279997,0 -35.71593052024951,-9.62350613330332,0 -35.70532297080346,-9.62367986629302,0 -35.70395809070174,-9.625762969538538,0 -35.69691458820177,-9.625763239454336,0 -35.70243306391185,-9.635662425297314,0 -35.70524986093593,-9.639090309651952,0 -35.70995938893197,-9.642344708212878,0 -35.71207221608427,-9.644427594625684,0 -35.71672813086325,-9.648343904455825,0 -35.71932110745777,-9.6513727699417,0 -35.71843006633137,-9.65228635148063,0 -35.71732514970797,-9.651302505634783,0 -35.71613114910379,-9.651267371611102,0 -35.71472330339773,-9.649721333985982,0</coordinates></LineString></Placemark><Placemark><name>0703 - T.I Benedito Bentes / Ponta Verde (Via Gruta)</name><styleUrl>#style_ida</styleUrl><LineString><tessellate>1</tessellate><coordinates>-35.72635262257808,-9.549404383568847,0 -35.72584326262574,-9.549930589307245,0 -35.72617474363889,-9.550153829631245,0 -35.72771897077857,-9.548599137522459,0 -35.7280504468518,-9.548862240159616,0 -35.7300797256328,-9.546877016984489,0 -35.74460821382317,-9.560772607416911,0 -35.74596814919069,-9.562096395598873,0 -35.74202906389248,-9.570499416225797,0 -35.73928884467596,-9.573486034689811,0 -35.73629718546763,-9.579682076772375,0 -35.73398966463898,-9.58501529773956,0 -35.72626784588119,-9.591064916355664,0 -35.72368026125944,-9.596187082152742,0 -35.72260850781975,-9.603842336860836,0 -35.72264511713562,-9.605718410754191,0 -35.72337697939798,-9.607919192903635,0 -35.72945162924394,-9.613872264496303,0 -35.73113501784867,-9.614341315917978,0 -35.73292827108467,-9.615207270569032,0 -35.73398951099345,-9.614629975600726,0 -35.73947943268392,-9.616434145527213,0 -35.73414948562554,-9.646433979788222,0 -35.73355323246464,-9.650071812588003,0 -35.73367604762077,-9.650953836390448,0 -35.73383399536895,-9.653461558095989,0 -35.73592490327573,-9.658075969193927,0 -35.73490738372499,-9.658404579890595,0 -35.7342407679828,-9.660462638627642,0 -35.73303026039921,-9.65956332871926,0 -35.73217065061842,-9.660601003081506,0 -35.73127594446237,-9.660687477462634,0 -35.73043386763861,-9.659788164407248,0 -35.7294339087512,-9.659718986260977,0 -35.72903041324518,-9.660289703586331,0 -35.72883742797001,-9.661828921097825,0 -35.72952161382525,-9.66288390054491,0 -35.72976721914361,-9.663714055567775,0 -35.72955888216868,-9.667167435283746,0 -35.72996238575917,-9.667928388255566,0 -35.73080448410949,-9.668810400619979,0 -35.73090975435154,-9.669848068024006,0 -35.72871679033044,-9.67055714564439,0 -35.72585712117331,-9.6723730821711,0 -35.7251904387726,-9.672649799870078,0 -35.72403252840568,-9.672286607895563,0 -35.72152359688822,-9.673583744850347,0 -35.7206638809637,-9.673704816641045,0 -35.71989183659367,-9.674517712330001,0 -35.71817232609594,-9.674742580789156,0 -35.71759333455511,-9.674327489442534,0 -35.71878648975827,-9.6740334479913,0 -35.71822114774342,-9.672660700658811,0 -35.71669485347071,-9.670343219394729,0 -35.71184223491434,-9.664800288377618,0 -35.70989489718336,-9.663468582179638,0 -35.70610541534219,-9.66205035813617,0 -35.70419312267099,-9.662033022035603,0 -35.699614174106,-9.662569121828682,0 -35.69573705380179,-9.663641395222728,0 -35.69605286422137,-9.662655603244666,0 -35.69703533526803,-9.661220166780744,0</coordinates></LineString></Placemark><Placemark><name>0603 - Vergel / Mirante</name><styleUrl>#style_ida</styleUrl><LineString><tessellate>1</tessellate><coordinates>-35.76123864179959,-9.652256424451306,0 -35.76171947977092,-9.651609569114964,0 -35.76137888640476,-9.651352802331704,0 -35.76057748828726,-9.652448999187273,0 -35.76089303819015,-9.652750207493835,0 -35.75958499957532,-9.654267327374894,0 -35.7584780614404,-9.65419819465516,0 -35.7565736869927,-9.656285195178258,0 -35.75548174736701,-9.65758384766752,0 -35.75508603603371,-9.658008507309221,0 -35.74862385198387,-9.661687527029247,0 -35.74987836505425,-9.664042459883191,0 -35.74326159733193,-9.664449079080534,0 -35.74351234111601,-9.66619940980538,0 -35.74337480220357,-9.667588655822962,0 -35.7396456430727,-9.66657217911615,0 -35.73947377924888,-9.666606062135337,0 -35.73913005604204,-9.666504408870614,0 -35.73858010033452,-9.666233332212604,0 -35.73758325200193,-9.666894066756797,0 -35.73691297007861,-9.666741582487715,0 -35.73569560053794,-9.669660078773925,0 -35.73316923988387,-9.669541484414195,0 -35.73320361664212,-9.669236529309922,0 -35.73409730008674,-9.667762592205424,0 -35.73311771739343,-9.66701715076859,0 -35.72847745691867,-9.667203463724665,0 -35.72745287872663,-9.667210246238124,0 -35.72762476252078,-9.66875195266387,0 -35.72624988191573,-9.668650302573493,0 -35.72590615937347,-9.668125107360671,0 -35.72527028472309,-9.668328408086921,0 -35.72408446956928,-9.662517404272936,0 -35.72293638791702,-9.657487092106543,0 -35.71829886591526,-9.653250452377394,0 -35.71078074185579,-9.645230468664723,0 -35.70911128867196,-9.644956156484316,0 -35.70809081369085,-9.645093340612856,0 -35.70810241853483,-9.642749693761465,0 -35.70988824237823,-9.642521050923945,0 -35.70987664667678,-9.64218950761549,0 -35.70561684634105,-9.639206881567022,0 -35.70253274029201,-9.63529470326083,0 -35.70127560649139,-9.633254822425496,0 -35.69729067701628,-9.626613646950945,0 -35.69470063142093,-9.62200542654341,0 -35.68973424560607,-9.614627517669566,0 -35.68459292447109,-9.608331794074441,0 -35.6796873758349,-9.601185776319907,0 -35.67645406944818,-9.596788078691564,0 -35.67244106477757,-9.591227929861144,0 -35.66800074556588,-9.587071988582732,0 -35.66371078175094,-9.585142360639448,0 -35.65821669935395,-9.579947258071781,0 -35.65610953100298,-9.575123279491532,0 -35.65174418221021,-9.567998165488847,0 -35.64922539443018,-9.566276195319727,0 -35.64646446535253,-9.56430739835693,0 -35.64543765029415,-9.565286155673826,0 -35.64526652950354,-9.564487389531786,0 -35.64595107195002,-9.563924888071957,0 -35.64752547631243,-9.564948663368973,0</coordinates></LineString></Placemark><Placemark><name>0723 - Rosane Collor / Ponta Verde via Bom Parto - Jacintinho</name><styleUrl>#style_ida</styleUrl><LineString><tessellate>1</tessellate><coordinates>-35.78857687925182,-9.577550201493054,0 -35.78850721016839,-9.577160910914333,0 -35.78803330744126,-9.575344004004227,0 -35.78614952357723,-9.575621402928345,0 -35.77897889749872,-9.576708077985588,0 -35.7779635925537,-9.577443847832452,0 -35.77889325228789,-9.578637979845684,0 -35.77764550789971,-9.579506419645588,0 -35.77940695898993,-9.581882622764036,0 -35.77831822780802,-9.582485729619192,0 -35.77787993222161,-9.583007519999885,0 -35.77805170676173,-9.583167984888709,0 -35.77721088430441,-9.58369395758224,0 -35.77626715883858,-9.584242245241493,0 -35.77793068260637,-9.58512480249304,0 -35.77823807277785,-9.58516046174769,0 -35.77848217748889,-9.58508022901506,0 -35.77876244204804,-9.585312010762811,0 -35.77869915274205,-9.585624025566204,0 -35.77844600507698,-9.585829064290836,0 -35.77805766986361,-9.587133174646915,0 -35.77698177147379,-9.588639758659333,0 -35.7754779443835,-9.586896336309742,0 -35.77459645358471,-9.58571672314057,0 -35.77531331428755,-9.585332888460671,0 -35.77517233713557,-9.585305916449245,0 -35.77492615263144,-9.585436626053333,0 -35.77485040328576,-9.585527915367015,0 -35.77486302785655,-9.58564410205441,0 -35.77580778610425,-9.585075618105442,0 -35.77663145081755,-9.584580624132139,0 -35.77661263963748,-9.584469333980936,0 -35.77556549614184,-9.58392524294901,0 -35.77491134380593,-9.583372517720122,0 -35.77467934509444,-9.581919563311857,0 -35.77437210253022,-9.581381659105816,0 -35.77424669693222,-9.58158569106143,0 -35.77361338835881,-9.583477623740293,0 -35.77224840668778,-9.586470617103815,0 -35.76784459101222,-9.587254016525298,0 -35.76780150550305,-9.588400667533188,0 -35.76689696819702,-9.59055242326592,0 -35.76685471201714,-9.591166440202317,0 -35.76784700453941,-9.593995478451395,0 -35.76730757312633,-9.597164855368268,0 -35.77099652398184,-9.599377070353011,0 -35.7688588412165,-9.607942284403958,0 -35.76842728156495,-9.610494830478158,0 -35.76488880085103,-9.614981643703468,0 -35.76225671984931,-9.618044585328992,0 -35.7604444044734,-9.619512254135584,0 -35.75876139423755,-9.620341860368423,0 -35.75619408562742,-9.62132031343263,0 -35.75297952277896,-9.622596518966064,0 -35.75259117407405,-9.62331971570157,0 -35.75259116257147,-9.624128000209117,0 -35.75118873363444,-9.627233522162898,0 -35.75060615388848,-9.628594868998238,0 -35.74577347876014,-9.626042316985439,0 -35.74437111562267,-9.625319091440636,0 -35.74393959720502,-9.625680692799786,0 -35.74244519388475,-9.627418855553307,0 -35.74110750888826,-9.629716080501918,0 -35.73989919739949,-9.632417498589229,0 -35.73942449329633,-9.63326835549108,0 -35.73923026031255,-9.634268121990837,0 -35.73620940141171,-9.63614011137245,0 -35.73520702549387,-9.641956945928998,0 -35.73499120985549,-9.64342465224533,0 -35.73477540521424,-9.644381862522122,0 -35.7401262356015,-9.64691316156979,0 -35.74129131189969,-9.647785217982289,0 -35.74303897226321,-9.648168099821431,0 -35.74183062681921,-9.650848287477968,0 -35.74068511881061,-9.653738601424326,0 -35.74088514887567,-9.65400031235844,0 -35.740859003678,-9.654140231463975,0 -35.74050417957623,-9.654022403318933,0 -35.73925550751092,-9.65343145222735,0 -35.73819514547333,-9.653504544072806,0 -35.73701546963316,-9.652411831822144,0 -35.7360518043313,-9.651708159984475,0 -35.73506092322152,-9.650315120237261,0 -35.73210216029764,-9.649425020574919,0 -35.72928398645725,-9.64843881339583,0 -35.72776081591325,-9.647576480010859,0 -35.72673529840092,-9.647323714995627,0 -35.72671676903438,-9.646684205901582,0 -35.72663336957754,-9.64588024834949,0 -35.7262441556428,-9.645469125165873,0 -35.72617928646116,-9.645204181437737,0 -35.72639242826211,-9.645185914139901,0 -35.72662410339541,-9.645414317084725,0 -35.72674457369548,-9.64577975542005,0 -35.72662409592889,-9.647122725310158,0 -35.7263182821729,-9.647305438615431,0 -35.72586419348542,-9.64744247090446,0 -35.72519696513088,-9.647451617847008,0 -35.72444635240579,-9.647104457430075,0 -35.72386254518945,-9.646190876771824,0 -35.72337018171178,-9.645598875284437,0 -35.72133149327266,-9.644064059160616,0 -35.71928352363158,-9.643899601994862,0 -35.71917231701218,-9.644191947698193,0 -35.71970976929202,-9.646238385739395,0 -35.71995100510184,-9.648787631488508,0 -35.72018266795643,-9.649728628507999,0 -35.72110936068451,-9.650678764691806,0 -35.72200826304348,-9.651848139583667,0 -35.72568726334107,-9.657695074890103,0 -35.72602088142395,-9.658416813302232,0 -35.72600234730849,-9.658846205952996,0 -35.72575213181164,-9.659074606532386,0 -35.7280508746927,-9.661145717503905,0 -35.72795862686516,-9.661339505408186,0 -35.72680084179394,-9.660580140419693,0 -35.72663804670092,-9.660940528456043,0 -35.72616502645643,-9.662185404246596,0 -35.72486367220313,-9.663939611744128,0 -35.72440252287141,-9.664601723583205,0 -35.72417924933463,-9.663494989185606,0 -35.72368589084769,-9.661341855510617,0 -35.72284378533217,-9.657480586594724,0 -35.7198682568863,-9.654796821235353,0 -35.71430926445964,-9.64916754380907,0 -35.71043665552401,-9.645158689596565,0 -35.70904266209441,-9.64504871693295,0 -35.69963796910096,-9.645341763436521,0 -35.69987019977171,-9.6461539447864,0</coordinates></LineString></Placemark><Placemark><name>0113 - T.I Eustáquio Gomes / Trapiche</name><styleUrl>#style_ida</styleUrl><LineString><tessellate>1</tessellate><coordinates>-35.7831868569607,-9.542138172753125,0 -35.78353577890066,-9.541482760752253,0 -35.78094380450857,-9.540204675566528,0 -35.78330320852014,-9.53615750132672,0 -35.79134498519701,-9.540516034956603,0 -35.78754234687774,-9.547274730417543,0 -35.77781907609684,-9.56564505113806,0 -35.77785512050831,-9.566462574041264,0 -35.77720629656811,-9.566569208576109,0 -35.77518766791471,-9.570372511202958,0 -35.76144739114319,-9.588762976014227,0 -35.76032984557485,-9.590220303968806,0 -35.75351614965427,-9.594094759345985,0 -35.75169961121673,-9.595476785321166,0 -35.74996923501554,-9.599031211974344,0 -35.74715725873254,-9.603047787402813,0 -35.7420854764568,-9.605281278372056,0 -35.74118421730385,-9.606809760865685,0 -35.74010272774765,-9.611288425031612,0 -35.7395620292366,-9.61679780349443,0 -35.73952600182439,-9.618397306836092,0 -35.73554745165141,-9.640153449971377,0 -35.73351283383578,-9.650213813053721,0 -35.73374459542487,-9.651070579417757,0 -35.73394741556641,-9.653440989322448,0 -35.73504831737547,-9.656039917016543,0 -35.73635208084811,-9.658953099296573,0 -35.73826428265818,-9.660238228286564,0 -35.74307331382422,-9.661780418027682,0 -35.74634704750856,-9.662665762251915,0 -35.75499674395907,-9.658099898584606,0 -35.75726712317364,-9.655421365643083,0 -35.75839210072788,-9.654264161569778,0 -35.75969476241791,-9.654178546825587,0 -35.76088574608686,-9.65267417827281,0 -35.76087333886328,-9.652637486623844,0 -35.76170455306878,-9.65158564791438,0 -35.76114625384602,-9.651157585846303,0 -35.76138197044764,-9.650753973548108,0 -35.76272191609529,-9.652319472588696,0 -35.76448783757231,-9.654380566130678,0 -35.76513805027752,-9.65573220959677,0 -35.76046814420977,-9.657783919358673,0 -35.76144949928995,-9.659969015494838,0 -35.76178790384885,-9.663171602199213,0 -35.75759166750074,-9.663438482339277,0 -35.75781157495417,-9.666040650045874,0 -35.75767522242828,-9.668113028308158,0 -35.75681218863491,-9.671404011452152,0 -35.76146536662252,-9.672755114460633,0 -35.76089007046038,-9.674873511562161,0 -35.76122848533399,-9.674439821348392,0</coordinates></LineString></Placemark><Placemark><name>0710 - Chã da Jaqueira/ Ponta Verde</name><styleUrl>#style_ida</styleUrl><LineString><tessellate>1</tessellate><coordinates>-35.74677978983712,-9.617958757969154,0 -35.74690290905545,-9.617912513981233,0 -35.74703775370345,-9.61763505342835,0 -35.74692049697626,-9.617478983171205,0 -35.74664494461571,-9.617652397491414,0 -35.74639284369781,-9.617282452592534,0 -35.74506543386836,-9.614782290970457,0 -35.74568820568651,-9.613324211024418,0 -35.74593345915243,-9.613096624932,0 -35.74627970023715,-9.61348067510615,0 -35.74746268741902,-9.612271616502541,0 -35.74824173010811,-9.61148927514671,0 -35.74894864381537,-9.611432366680388,0 -35.74929488857088,-9.611119441599897,0 -35.75161760452166,-9.610436634644184,0 -35.75358791254864,-9.610049289273228,0 -35.75370063871971,-9.61001869828282,0 -35.7539260271335,-9.609958867534523,0 -35.75382200186932,-9.610463150471094,0 -35.75355326994622,-9.611565729633906,0 -35.75310249083568,-9.613659771390829,0 -35.75258125938233,-9.61590803856883,0 -35.75248589925228,-9.616728560466736,0 -35.75245122328617,-9.616959332525827,0 -35.75236301425849,-9.616970910478626,0 -35.75247726770122,-9.616440952477944,0 -35.75288463792844,-9.614789317266125,0 -35.75367851123654,-9.610895975914728,0 -35.75350697112999,-9.610109141953613,0 -35.75420058857159,-9.609704689719285,0 -35.7564183724518,-9.606138739248783,0 -35.75937295686079,-9.602817557895978,0 -35.75787199233573,-9.601381778455982,0 -35.75823044258884,-9.600719121772817,0 -35.75435476446204,-9.597339411602169,0 -35.75174926576641,-9.595414416257078,0 -35.74865760484512,-9.600671505881161,0 -35.74647929385949,-9.603397748308256,0 -35.74141612010693,-9.605783227890901,0 -35.74011650836144,-9.611084587645271,0 -35.7388343911098,-9.622134740905464,0 -35.73779823273044,-9.629428440173745,0 -35.73483951430975,-9.64192648020454,0 -35.7331621358875,-9.650482723128977,0 -35.73372556439121,-9.651223363757998,0 -35.73372544936914,-9.653445245677164,0 -35.73512082645746,-9.656251618984172,0 -35.73575990933936,-9.658196279666216,0 -35.73475518043012,-9.658434721980928,0 -35.73414112170171,-9.660452370257362,0 -35.73282008262181,-9.659810381712978,0 -35.73162920683072,-9.660800878191493,0 -35.7302337234351,-9.65977368387307,0 -35.72919173669346,-9.65990210807358,0 -35.72883814760241,-9.661296142098552,0 -35.72883811942133,-9.661883109694081,0 -35.73464326882767,-9.665770970390641,0 -35.73408503767983,-9.666743118655932,0 -35.72766571352914,-9.66720170353799,0 -35.72753544648541,-9.668669097697292,0 -35.72645626614694,-9.668595730594792,0 -35.72600971610721,-9.66830225043671,0 -35.72543290290903,-9.668412305908634,0 -35.7244654490416,-9.665037308604422,0 -35.72287580849689,-9.657498120579314,0 -35.71733662785245,-9.652384834877804,0 -35.711836587374,-9.646646904198136,0 -35.710404997042,-9.645054602007345,0 -35.70532887994764,-9.645160917796431,0 -35.70031345597121,-9.645454104228463,0 -35.69963930349437,-9.64540122076747,0 -35.69978076440741,-9.64592808291568,0</coordinates></LineString></Placemark><Placemark><name>0704 - T.I Benedito Bentes / Ponta Verde (Via Santa Lúcia)</name><styleUrl>#style_ida</styleUrl><LineString><tessellate>1</tessellate><coordinates>-35.72628029760604,-9.54948538602735,0 -35.72591881760199,-9.549882981572956,0 -35.72609955613272,-9.55008178173804,0 -35.72623858645352,-9.550061217134202,0 -35.72776095986444,-9.548607933948842,0 -35.72805292037391,-9.548868429918054,0 -35.73006568847673,-9.546863568281264,0 -35.74577347104907,-9.561681743838205,0 -35.74571725252195,-9.562873828374538,0 -35.74734789312976,-9.565812422858453,0 -35.75038447117772,-9.571523381728133,0 -35.75142476888603,-9.571800619235557,0 -35.75046903467454,-9.575404791124605,0 -35.75072211598449,-9.575931570713493,0 -35.75246543038946,-9.57687426423183,0 -35.7566991024378,-9.579010418562808,0 -35.75976361542898,-9.580895571961406,0 -35.7644870748345,-9.58441642270889,0 -35.76038741104574,-9.590054818150023,0 -35.75212128259667,-9.59496185747266,0 -35.74776293364167,-9.602364040048856,0 -35.74276414474801,-9.604737834627787,0 -35.74074679654392,-9.607108833719598,0 -35.73777163940493,-9.628867877595004,0 -35.73462346580458,-9.643617778224662,0 -35.73321895134005,-9.650591793163859,0 -35.73377879622937,-9.651071098797017,0 -35.73379348606316,-9.653409489133383,0 -35.735723469021,-9.657621512718107,0 -35.73597392459796,-9.658100810530271,0 -35.73476579845912,-9.658405806889803,0 -35.7342648126096,-9.660366579516412,0 -35.73276205989301,-9.659742004615836,0 -35.73220217888224,-9.660613449135223,0 -35.73137710210516,-9.660802257578677,0 -35.73030157346228,-9.659872692838917,0 -35.72949121026558,-9.659785567061673,0 -35.72891659763538,-9.66046819756768,0 -35.72873978370699,-9.661020116613642,0 -35.72875624367481,-9.661277346419595,0 -35.7285033997605,-9.661903834655917,0 -35.72850339216498,-9.662375387257647,0 -35.72818905299448,-9.662388861363475,0 -35.72831890249986,-9.661560275658053,0 -35.72799090128086,-9.661317763081655,0 -35.72674722819197,-9.66057675011996,0 -35.72626886247518,-9.661903841798539,0 -35.72617353720023,-9.662127827204205,0 -35.72603686894364,-9.662377073802494,0 -35.72447127584473,-9.66449497244885,0 -35.72288002347923,-9.657393922806492,0 -35.72258822928681,-9.657048726462595,0 -35.7222964098395,-9.657566510082056,0 -35.72159609065704,-9.657010353724631,0 -35.72032077919486,-9.656931275413022,0 -35.71024396097091,-9.656969573390127,0 -35.7101661598907,-9.65662437189252,0 -35.70648309445566,-9.656643128095668,0 -35.70638580546435,-9.658234841199873,0 -35.70508244967125,-9.658254016908991,0 -35.70516036769156,-9.65119681406833,0 -35.71601483985268,-9.651100962315608,0 -35.71461425389037,-9.649643517212317,0 -35.71045425490144,-9.6450581667011,0 -35.70589113136469,-9.645308018716742,0 -35.69953659280706,-9.64530802260037,0 -35.69979008993842,-9.645991138730986,0</coordinates></LineString></Placemark><Placemark><name>0226 - Ipioca X Trapiche via Poço</name><styleUrl>#style_ida</styleUrl><LineString><tessellate>1</tessellate><coordinates>-35.57542455520959,-9.488237558838094,0 -35.57637319880748,-9.489564314612087,0 -35.57821227435517,-9.491422340626313,0 -35.58393799505568,-9.497611064571124,0 -35.59028011609645,-9.506761531594575,0 -35.59251183002084,-9.51035239179365,0 -35.5954336339037,-9.517121537214384,0 -35.60250059994948,-9.524676828829065,0 -35.60539577300641,-9.529315496257714,0 -35.60844337089599,-9.529628145457636,0 -35.61658182979582,-9.533007707525678,0 -35.62170356251192,-9.543578081533235,0 -35.62435463850386,-9.54550172546767,0 -35.63586974859091,-9.552905438395925,0 -35.64495514013931,-9.563343723047877,0 -35.6496061516348,-9.566333289640763,0 -35.65240635428442,-9.569240405027518,0 -35.65575203875651,-9.573612561490473,0 -35.6570750823462,-9.578877839492907,0 -35.65793429295762,-9.580011781821485,0 -35.66109790395707,-9.58256686800163,0 -35.66350132617869,-9.584983079113501,0 -35.66717344601674,-9.586508188477161,0 -35.67005683280055,-9.589282659819483,0 -35.67490751282901,-9.594307511360103,0 -35.67928404381404,-9.600478875137123,0 -35.6827392729196,-9.606528865410331,0 -35.6874576087874,-9.61155837919956,0 -35.68939061905255,-9.614534673300827,0 -35.69193377092264,-9.618178907367223,0 -35.69427366140984,-9.621124019282423,0 -35.70267275708179,-9.635588427892554,0 -35.70450300169619,-9.638371722179144,0 -35.70850440816975,-9.641410765618868,0 -35.71084465423166,-9.642903506029365,0 -35.71611344525113,-9.647805914209647,0 -35.71919110241768,-9.6513045257931,0 -35.7219758782765,-9.655359090383532,0 -35.72425970318246,-9.657617772652628,0 -35.72820184582225,-9.661389981032954,0 -35.73083094299036,-9.663103887137138,0 -35.73504470925293,-9.665917976602753,0 -35.73697507465708,-9.667122181760208,0 -35.73755187653258,-9.667480176115065,0 -35.73939456596133,-9.668016370976835,0 -35.74199883587948,-9.668659885284976,0 -35.74234052253508,-9.668879676284504,0 -35.74287903803653,-9.668474276663098,0 -35.74326288447086,-9.667447164506745,0 -35.74333051033125,-9.665903112879834,0 -35.74309800456518,-9.664458350240583,0 -35.74471533535826,-9.663424622481404,0 -35.74656892612291,-9.662506411869265,0 -35.74864498258861,-9.661653789838034,0 -35.75073896304897,-9.665703268808148,0 -35.74987234368211,-9.66935005493601,0 -35.76083285750356,-9.672613835406116,0 -35.76146047300035,-9.672858897372372,0 -35.76086298445059,-9.6747360982464,0 -35.76136091216398,-9.674217190866498,0</coordinates></LineString></Placemark><Placemark><name>0716 - Clima bom / Ponta Verde</name><styleUrl>#style_ida</styleUrl><LineString><tessellate>1</tessellate><coordinates>-35.79111955360382,-9.570274451734644,0 -35.79118836811327,-9.57074946418154,0 -35.79319265217462,-9.570350793096122,0 -35.79333029152106,-9.571478949590354,0 -35.79134320121965,-9.571724939986971,0 -35.79111095412209,-9.569621310808301,0 -35.79086149823485,-9.568247168265344,0 -35.79019053549668,-9.568739141096318,0 -35.7805310527482,-9.570184708955868,0 -35.7775935952849,-9.570546237871294,0 -35.77858773917074,-9.576979082740671,0 -35.77794255789669,-9.577428655080302,0 -35.77884578424278,-9.578641639695086,0 -35.77758119072514,-9.579506852091855,0 -35.77671236750845,-9.578268406147503,0 -35.7750004534976,-9.579557756675513,0 -35.77441546945077,-9.581203341863244,0 -35.77334877175535,-9.580329647395388,0 -35.7717882778826,-9.578542804819078,0 -35.76993022769913,-9.5773669295387,0 -35.76928502578055,-9.578138836552403,0 -35.76701422118423,-9.58122349450022,0 -35.76550875755424,-9.583310158566102,0 -35.76161717414877,-9.58822620259453,0 -35.75860139453321,-9.591112828694115,0 -35.75314218864881,-9.594151389790866,0 -35.75085036764381,-9.596844114349581,0 -35.74713334138107,-9.603098198070322,0 -35.74305259445632,-9.604651748878979,0 -35.74171921576489,-9.605488298635512,0 -35.74030480732044,-9.608754942296821,0 -35.73881344761191,-9.623927489874637,0 -35.73424736105128,-9.646663779686532,0 -35.73335825610947,-9.650886320252322,0 -35.7337655321929,-9.651107155481297,0 -35.73382657325982,-9.65355638898387,0 -35.73592400060239,-9.65813376530645,0 -35.73492612671367,-9.658394768423127,0 -35.7343654306714,-9.66045184374205,0 -35.73285847093204,-9.65966888409889,0 -35.73186057126811,-9.660813188672828,0 -35.73090342188176,-9.660652573826704,0 -35.73037395593019,-9.659789308086731,0 -35.72935569272601,-9.659769216696647,0 -35.72890762455472,-9.660552171331815,0 -35.72860209629743,-9.661475665996617,0 -35.72847985335454,-9.662439321879345,0 -35.7280318053359,-9.66235901489226,0 -35.72823551464327,-9.661395359330616,0 -35.72674882346997,-9.660652520592917,0 -35.72589342369439,-9.66264010708157,0 -35.72438632673352,-9.664567395915668,0 -35.72286574417907,-9.657426737058346,0 -35.71647862125069,-9.651599920591735,0 -35.7107967480521,-9.645352953994678,0 -35.71040913302418,-9.644962665076747,0 -35.69973198826082,-9.645420791264275,0 -35.6999032774882,-9.64645778753949,0</coordinates></LineString></Placemark><Placemark><name>0714 - Rio Novo / Ponta Verde via Jacintinho</name><styleUrl>#style_ida</styleUrl><LineString><tessellate>1</tessellate><coordinates>-35.81256215653188,-9.57337370557806,0 -35.81219950398738,-9.573927991394628,0 -35.81005077486802,-9.575492504062932,0 -35.80935265340023,-9.57623453359142,0 -35.80937078347769,-9.576511678643229,0 -35.80891745679538,-9.576618961025357,0 -35.80743057950059,-9.573945852194122,0 -35.80719487145961,-9.572229344787601,0 -35.80708608320511,-9.57164823386695,0 -35.80936174145734,-9.570638008438769,0 -35.80889028781512,-9.572005841923433,0 -35.80736712578714,-9.57272999595862,0 -35.80744870979308,-9.573516738449095,0 -35.80853661210423,-9.575786759451635,0 -35.80898992602734,-9.576975801840474,0 -35.80874028713768,-9.577895490192288,0 -35.80798777130676,-9.577689865382844,0 -35.80740751412524,-9.57813686576424,0 -35.80503144816122,-9.58139218645504,0 -35.80389730617806,-9.58233474163239,0 -35.80349225517534,-9.582558398374568,0 -35.80174243226615,-9.582174961908175,0 -35.80051106935215,-9.581967286672745,0 -35.79984677859881,-9.582941802932165,0 -35.79781533818274,-9.58617905261339,0 -35.79707004804284,-9.586530510801614,0 -35.79679461095026,-9.58692989914143,0 -35.7959682791799,-9.588767096486189,0 -35.79530397726796,-9.589214415389293,0 -35.79460726657579,-9.589517954796827,0 -35.79342447533413,-9.589597828881775,0 -35.79042712126993,-9.5893102926339,0 -35.78880691841448,-9.589294311668539,0 -35.78843426665514,-9.589565896089244,0 -35.7875431368557,-9.590109065798444,0 -35.78648996458539,-9.590891876787085,0 -35.78564746030779,-9.58982148928434,0 -35.78457807782627,-9.589997215470534,0 -35.78446467075157,-9.589581839830082,0 -35.78407580710296,-9.589422076125196,0 -35.78308742008517,-9.58974161418747,0 -35.78209908139211,-9.589661727853729,0 -35.78182363753334,-9.589821482803726,0 -35.78127271799588,-9.591211375150966,0 -35.78096485428099,-9.591642724002316,0 -35.78000998591106,-9.592011569767559,0 -35.77895683503424,-9.591979615093916,0 -35.77766064795578,-9.59167606691853,0 -35.77652826233813,-9.591375287987823,0 -35.7746606188504,-9.59176523174495,0 -35.77687894217224,-9.58867509075858,0 -35.77575805298498,-9.587195722110025,0 -35.7746328007438,-9.585841738938008,0 -35.77464491696474,-9.58573720437217,0 -35.77485391848045,-9.585620723954143,0 -35.7748539185634,-9.585477362104905,0 -35.77512349934631,-9.585319067868967,0 -35.77529009392742,-9.58532205518314,0 -35.77502657147357,-9.585552030527598,0 -35.77468732301311,-9.585784991841294,0 -35.77494175861986,-9.586158330252212,0 -35.77686982713293,-9.588592416790181,0 -35.77577018668868,-9.590145408548702,0 -35.77449611556523,-9.59190599420267,0 -35.77290952340755,-9.593044762720085,0 -35.77223286765737,-9.593976492927782,0 -35.77272452873081,-9.593272960129042,0 -35.77324684589838,-9.59279999299097,0 -35.77344937576338,-9.592663358392352,0 -35.77308162572869,-9.592426873961854,0 -35.77215425294032,-9.591733182154812,0 -35.77158929929134,-9.59131276109842,0 -35.77151468403226,-9.59110780808532,0 -35.77150402550784,-9.590839792864923,0 -35.77161594972466,-9.590771475887264,0 -35.77159995969381,-9.591065766913339,0 -35.77171188282184,-9.591312761569462,0 -35.77340672787539,-9.59258977629282,0 -35.77336409056031,-9.592799985083003,0 -35.77255195818892,-9.593618521201002,0 -35.77191239020861,-9.59470109032906,0 -35.77160326122754,-9.596119995110776,0 -35.77088937689837,-9.599311221412467,0 -35.76963106712857,-9.60529595780532,0 -35.76893840155768,-9.607937452888075,0 -35.76860312227441,-9.610135668566544,0 -35.76702732044721,-9.612284284296774,0 -35.7630164057251,-9.617287062453634,0 -35.76181222595844,-9.618484859275558,0 -35.75953235042407,-9.619939295471713,0 -35.75664890109412,-9.62112924767367,0 -35.75279981225924,-9.622545116629565,0 -35.75249806427798,-9.623685553237253,0 -35.75249806480085,-9.624379727141067,0 -35.75072108789512,-9.628313356474612,0 -35.75062050215198,-9.628627386338506,0 -35.74550745217679,-9.625817584282865,0 -35.74436746129594,-9.62543740963148,0 -35.74379744868664,-9.625834070360586,0 -35.74249536700105,-9.627487517832387,0 -35.74172421498015,-9.628396544747625,0 -35.7404668637415,-9.630991418989122,0 -35.73952799669372,-9.633140074295888,0 -35.73936031683863,-9.634131777560498,0 -35.73875675234839,-9.634809451482504,0 -35.73615803795646,-9.636131792464315,0 -35.73362967581469,-9.648498602587592,0 -35.73453496742274,-9.650415876773723,0 -35.7347696629739,-9.651176179199119,0 -35.73532293297975,-9.651093536450444,0 -35.73525588339268,-9.65064727340604,0 -35.73443438348684,-9.650085311941664,0 -35.73264045272193,-9.649589454726078,0 -35.72888508797191,-9.648201047700976,0 -35.72653797083677,-9.647126713749868,0 -35.72666386265578,-9.64587796694193,0 -35.72639637002867,-9.645653035671733,0 -35.7261996852838,-9.64527298042179,0 -35.72632556570796,-9.645172151094258,0 -35.72655372174767,-9.645304008480142,0 -35.72676614034868,-9.64562976983063,0 -35.72667171848388,-9.647134470263422,0 -35.72594003300389,-9.647405936886582,0 -35.72504536841613,-9.64741690732989,0 -35.72392711656165,-9.646353827883383,0 -35.72258254635324,-9.644752637663059,0 -35.72098944467322,-9.643892019723916,0 -35.71904582410322,-9.643892011657234,0 -35.71977925129553,-9.646435896621028,0 -35.720018895116,-9.649142977426944,0 -35.72023392102385,-9.649821986148828,0 -35.72134531631438,-9.650960648781313,0 -35.72327827096552,-9.65388607982887,0 -35.72530494661325,-9.657108696664851,0 -35.72604589230134,-9.658376275579265,0 -35.72580616356006,-9.659042298343666,0 -35.72808018753067,-9.66116614362409,0 -35.72802847877561,-9.661243428665937,0 -35.72797811302758,-9.661308029120093,0 -35.72744096638076,-9.660991505918762,0 -35.72678893486597,-9.660593243322943,0 -35.72648603282583,-9.661253032541511,0 -35.72716708294062,-9.66169917086104,0 -35.72813137026988,-9.662313868166446,0 -35.7277677148821,-9.66481820359183,0 -35.72749365314132,-9.666293264630967,0 -35.7276225172009,-9.670246087717015,0 -35.72972370922628,-9.66989644593816,0 -35.72942157694879,-9.670266885467356,0 -35.72760673062481,-9.671045300071217,0 -35.72547203922104,-9.6726545124021,0 -35.72396589096552,-9.672379177381131,0 -35.72202285229012,-9.67332673070716,0 -35.72157069684029,-9.67365464936232,0 -35.72081584587178,-9.673613768881848,0 -35.72005218002764,-9.674361302314344,0 -35.71948702824122,-9.674674238890148,0 -35.71832769686339,-9.674701538686785,0 -35.71763898909285,-9.674338123992339,0 -35.71807360636372,-9.674066312279338,0 -35.71882606668758,-9.67400202293189,0 -35.71872785978943,-9.673496344992824,0 -35.71790158208618,-9.672207532916117,0 -35.71570813282751,-9.669138165151429,0 -35.71394891518835,-9.66702048657016,0 -35.71131599346276,-9.664419403036666,0 -35.71033371398421,-9.663711522801641,0 -35.70703620551421,-9.662355759809053,0 -35.70486200274626,-9.661972178457072,0 -35.70217472652365,-9.662108928492493,0 -35.69913448198272,-9.662716494329882,0 -35.69570776764769,-9.663687335307568,0 -35.69670044127365,-9.661733592732368,0</coordinates></LineString></Placemark><Placemark><name>0602 - Salvador Lyra / Maeió Shopping</name><styleUrl>#style_ida</styleUrl><LineString><tessellate>1</tessellate><coordinates>-35.74701696989435,-9.563416737907461,0 -35.74703227191227,-9.563588827759094,0 -35.74672601939197,-9.563601253087118,0 -35.74640404605395,-9.56200001601028,0 -35.75042976151783,-9.561174820240147,0 -35.75398131823636,-9.560619195951585,0 -35.7553752532348,-9.558738596370917,0 -35.75851784556987,-9.56092897323495,0 -35.75571379019832,-9.564442787561763,0 -35.74738368554156,-9.565800547605047,0 -35.74929743095159,-9.569296821819195,0 -35.7516169512587,-9.569379730557532,0 -35.7535325447522,-9.569047013308452,0 -35.7542722698582,-9.567844992757019,0 -35.76763228878084,-9.577627191688494,0 -35.76930925911254,-9.575312095486904,0 -35.77067118634492,-9.576464971492777,0 -35.7685050554132,-9.579214806656557,0 -35.7607892296108,-9.589586191743319,0 -35.75900357663117,-9.591054013930652,0 -35.7520168485783,-9.595321404811392,0 -35.75068279647237,-9.597423714873587,0 -35.74888730073217,-9.600582494377544,0 -35.74712830670622,-9.602947950913089,0 -35.74216683467808,-9.605144645426448,0 -35.7405879944961,-9.607572425355288,0 -35.73848464917123,-9.625706965186334,0 -35.73665858548012,-9.634461778385855,0 -35.73341385118661,-9.650528691960714,0 -35.73372712664616,-9.651155549062487,0 -35.73389126494693,-9.653448415419572,0 -35.7350510606811,-9.655990341760532,0 -35.73587392009392,-9.658076637742633,0 -35.73483660026159,-9.658471044349044,0 -35.73430500550727,-9.660257374605425,0 -35.73306699356775,-9.659586049603366,0 -35.7320954682614,-9.660649688124098,0 -35.73088836577573,-9.66061704236312,0 -35.73009678424624,-9.65963603058102,0 -35.72905446634295,-9.660089222507889,0 -35.72873166209339,-9.662142840015111,0 -35.72974848109862,-9.663056235061227,0 -35.72961219183421,-9.666964275347478,0 -35.72878442048918,-9.667076829173407,0 -35.72631249294661,-9.66707625427168,0 -35.72192944968176,-9.667357190767545,0 -35.72044504989055,-9.668122542130485,0 -35.71991502578556,-9.669504126937776,0 -35.7199653337488,-9.672868740272117,0 -35.71967849496584,-9.673472884960955,0 -35.71922932555286,-9.673454710843579,0 -35.71798647842046,-9.672110782038882,0 -35.71354407611283,-9.666611505889259,0 -35.71003924212219,-9.663655335161158,0 -35.7055905551264,-9.662025045945411,0 -35.70268961135421,-9.66205864409232,0 -35.70023201710571,-9.662495365888518,0 -35.69566128172626,-9.663740661345338,0 -35.69701858437413,-9.661200112987114,0 -35.69815908533776,-9.659036272629406,0 -35.69857482724225,-9.656719954918703,0</coordinates></LineString></Placemark><Placemark><name>0104 - T.I Benedito Bentes / Trapiche</name><styleUrl>#style_ida</styleUrl><LineString><tessellate>1</tessellate><coordinates>-35.7262383847477,-9.549548871911945,0 -35.72587613305766,-9.54999984470833,0 -35.72624059133135,-9.550209478000877,0 -35.72782407275798,-9.548662482840161,0 -35.72811827302451,-9.548933741967256,0 -35.73007366532787,-9.546990870104452,0 -35.74583803034236,-9.56197601064309,0 -35.74381419687001,-9.567078023899112,0 -35.74193785607999,-9.570798705153196,0 -35.73855521197777,-9.574284819709916,0 -35.73457997288688,-9.584163229211521,0 -35.73236488951015,-9.58632918566278,0 -35.72865591022885,-9.589352692571117,0 -35.72561286892018,-9.592216425502116,0 -35.72409587193538,-9.59471477015179,0 -35.72314555383179,-9.600433199921989,0 -35.72219671176286,-9.60716755684725,0 -35.71897204653484,-9.611561060231486,0 -35.71809389981096,-9.612577328312113,0 -35.71753921299224,-9.61529688573579,0 -35.71886691198703,-9.615663483002274,0 -35.72439526289033,-9.622517008044545,0 -35.71618306630855,-9.623291270030625,0 -35.71717824110671,-9.626681434104055,0 -35.71614547779289,-9.630129092745735,0 -35.71529818862929,-9.631760371161626,0 -35.71577979010154,-9.634496174995164,0 -35.71608254492871,-9.634495562754411,0 -35.71809946324446,-9.634436042803197,0 -35.71811328666254,-9.636669420380182,0 -35.7182614762494,-9.6377333539613,0 -35.71765546497146,-9.63941931438876,0 -35.71808032121756,-9.642184506567123,0 -35.71912475063041,-9.643912713758661,0 -35.71967654680647,-9.646068775885695,0 -35.72008487753287,-9.649135766705905,0 -35.72043780004686,-9.650100761710155,0 -35.72206632034459,-9.651865781136378,0 -35.72451417869571,-9.655979489896389,0 -35.72609600030742,-9.65835164582195,0 -35.72603196551722,-9.658836357217446,0 -35.72576816056859,-9.659092478030592,0 -35.72912773239329,-9.661932791566452,0 -35.73284605894919,-9.664565215944089,0 -35.7340778819914,-9.66538065360349,0 -35.73616799803187,-9.666645088194228,0 -35.73826512520944,-9.66773812282408,0 -35.74121882195176,-9.668548902741076,0 -35.74190739854177,-9.668603306762384,0 -35.74242776492378,-9.66886503930533,0 -35.74313578564804,-9.66808451200578,0 -35.74328846804162,-9.66735807134136,0 -35.74728156879378,-9.668585118363472,0 -35.74793220625163,-9.665488856726006,0 -35.74788806704899,-9.664769484716754,0 -35.75771644195666,-9.66417893381448,0 -35.75755586459756,-9.663233879030718,0 -35.76172585414005,-9.662964388633421,0 -35.76174971020573,-9.66170999011955,0 -35.76150914475655,-9.659820656790659,0 -35.76055664564421,-9.657796378155785,0 -35.76539600772031,-9.655801493378915,0 -35.76603211660498,-9.658654965332655,0 -35.76566307913527,-9.660758917313135,0 -35.76469432138183,-9.662936616756173,0 -35.76404667023248,-9.66505308732996,0 -35.76421421416719,-9.667003481566802,0</coordinates></LineString></Placemark><Placemark><name>0727 - T.I Eustáquio Gomes / Ponta Verde (via Village II)</name><styleUrl>#style_ida</styleUrl><LineString><tessellate>1</tessellate><coordinates>-35.78319212653316,-9.542094761077536,0 -35.78350739570286,-9.541512485722167,0 -35.78100297976453,-9.540224075305273,0 -35.78313638030568,-9.536137072135162,0 -35.78237488831525,-9.535643926621983,0 -35.78201643427722,-9.535697057187114,0 -35.78163805984462,-9.535483740000958,0 -35.78151067080467,-9.535165775269887,0 -35.78084490408258,-9.534787589908658,0 -35.78051263562367,-9.534976883206737,0 -35.7800833363993,-9.534672446504135,0 -35.77999350369728,-9.534327885504823,0 -35.77921425752955,-9.533929916540767,0 -35.77900894551944,-9.534059024885376,0 -35.7786884001859,-9.534086961932125,0 -35.77847864345478,-9.53375532322877,0 -35.77852731269977,-9.533566137534956,0 -35.77760216725527,-9.533022726008198,0 -35.77742108205317,-9.533303473400144,0 -35.77692657723753,-9.533186867302584,0 -35.77684702443282,-9.532779946084144,0 -35.77599566943051,-9.532225615404492,0 -35.77565095499647,-9.53239680314661,0 -35.77519142404487,-9.532171288893888,0 -35.77515716893426,-9.531788147807044,0 -35.77452807658932,-9.531484564128336,0 -35.77354062213426,-9.531530493382043,0 -35.77190639168061,-9.531651171382485,0 -35.77013503969098,-9.532201849318662,0 -35.76842969684549,-9.532762942851969,0 -35.76724321371422,-9.533590823670064,0 -35.76647722259682,-9.535059234198378,0 -35.76585786285231,-9.538653513366556,0 -35.76522299995553,-9.540031305452885,0 -35.76445696812515,-9.540635121799482,0 -35.76105868002394,-9.54713685376843,0 -35.76150133812725,-9.547260904393738,0 -35.76131555655497,-9.547474363594839,0 -35.76087816645185,-9.547416533959527,0 -35.76201491561974,-9.545140478936217,0 -35.75861746779445,-9.543466881422843,0 -35.75949544528179,-9.54162901991054,0 -35.75430775251186,-9.53897930385103,0 -35.75238132468454,-9.542654943620322,0 -35.75418889096592,-9.543499238593967,0 -35.75219666329804,-9.547172356378471,0 -35.7550953681061,-9.54858736380572,0 -35.75235013460221,-9.553830302209171,0 -35.7527951859301,-9.55397520441074,0 -35.75280127596964,-9.554346441155559,0 -35.75073510504996,-9.554747435599005,0 -35.74920585876745,-9.555780798765332,0 -35.74741852192857,-9.558370534443673,0 -35.74646246854473,-9.560561152083293,0 -35.74271030369186,-9.569253161509435,0 -35.73958158817791,-9.573194640722097,0 -35.73626433238664,-9.579646260024115,0 -35.73391238767657,-9.584972804697436,0 -35.72625624091621,-9.59127090930718,0 -35.72357332108639,-9.595933803819564,0 -35.72231105462224,-9.605834190317474,0 -35.72123293152362,-9.608900375003518,0 -35.71824564936448,-9.612396196275121,0 -35.7174664275613,-9.615513567280589,0 -35.71884427690122,-9.615515620691594,0 -35.72431014449941,-9.622241743774978,0 -35.72305670193138,-9.623087723044755,0 -35.71640330195933,-9.623286152435076,0 -35.7170975626203,-9.626316608826661,0 -35.71690620023536,-9.628808052567503,0 -35.71544030842045,-9.631615726660678,0 -35.71585169007293,-9.63454565364636,0 -35.71807041834326,-9.634349580437442,0 -35.71827602084417,-9.637594825674809,0 -35.71761220200996,-9.639395444811907,0 -35.71800063707764,-9.641851095690045,0 -35.71905202295213,-9.643934402873843,0 -35.71538930197534,-9.643993480938331,0 -35.7132831130223,-9.644444141765995,0 -35.71335234368925,-9.64537600504045,0 -35.71466144214483,-9.646585050324763,0 -35.71701051403814,-9.648659050226751,0 -35.72128077727309,-9.654085877580483,0 -35.72299703309375,-9.65654317206534,0 -35.72307410009947,-9.657230792265205,0 -35.7237221610698,-9.657782159240488,0 -35.72395941802956,-9.659049076081423,0 -35.72553380046645,-9.660171956365591,0 -35.72598904689187,-9.66092540839926,0 -35.72653314436054,-9.661297053682787,0 -35.72443951279158,-9.664453538933516,0 -35.72306883100474,-9.666037300642103,0 -35.72317224183286,-9.666352853582595,0 -35.72265207860441,-9.666850645374334,0 -35.72264770784281,-9.66723912119496,0 -35.72677980257387,-9.666964994650936,0 -35.72676498617133,-9.665880971262267,0</coordinates></LineString></Placemark><Placemark><name>0223 - Ipioca X Vergel Via Mercado</name><styleUrl>#style_ida</styleUrl><LineString><tessellate>1</tessellate><coordinates>-35.57517889496571,-9.487884658863862,0 -35.57708299885123,-9.490626261315908,0 -35.5809122443918,-9.494302937796823,0 -35.5873349385439,-9.502683175216598,0 -35.59194338477192,-9.50917223735683,0 -35.59410220369676,-9.51429298100441,0 -35.59579470830825,-9.517675007784774,0 -35.60216461333739,-9.524419484494336,0 -35.60563477880571,-9.52926895228116,0 -35.60390205398608,-9.526725867767581,0 -35.60475186158668,-9.526370957210226,0 -35.60634226251524,-9.52712619612409,0 -35.60686449458808,-9.528308294693872,0 -35.6075978895599,-9.528447934361072,0 -35.60797568066116,-9.528361001189348,0 -35.60875667098945,-9.528406712070508,0 -35.60890276753294,-9.52853875930893,0 -35.60785355249226,-9.528494799259084,0 -35.60762301462124,-9.528356873529184,0 -35.60720913734501,-9.528387111657583,0 -35.60649953449189,-9.527372465483477,0 -35.6061683309043,-9.52701818508346,0 -35.6050126358686,-9.526421501040774,0 -35.60412620555678,-9.526502970718957,0 -35.6038197005643,-9.526640135920736,0 -35.60546910622155,-9.529145364631447,0 -35.60577203275407,-9.52939058888124,0 -35.60728597301718,-9.52972891217617,0 -35.61191190282907,-9.531008732790973,0 -35.61678561868608,-9.533100198017106,0 -35.61798881813249,-9.535359622565991,0 -35.62211435468382,-9.544090723271152,0 -35.62567097981267,-9.54609723727958,0 -35.62796204205802,-9.547513103085508,0 -35.63696657719902,-9.554124352440242,0 -35.64081695199004,-9.558074135786352,0 -35.64560551163355,-9.563653119644954,0 -35.65180641859219,-9.568230750005307,0 -35.65604606636165,-9.574862163731794,0 -35.6569239120651,-9.5780081803511,0 -35.6577338820901,-9.57992100007853,0 -35.66015051607599,-9.58156348466723,0 -35.66355682424027,-9.584919442345436,0 -35.66772424447851,-9.586570032952162,0 -35.66964856329964,-9.588710788971422,0 -35.67376778722901,-9.593026104057135,0 -35.67691294204347,-9.597615282733031,0 -35.67936368105741,-9.600398944555783,0 -35.68011107585383,-9.602161626443186,0 -35.68224851893401,-9.605709081344536,0 -35.68411570583548,-9.607922410834528,0 -35.68557438780699,-9.609204332432524,0 -35.68837579648162,-9.612432936991452,0 -35.68933410233965,-9.614542839639773,0 -35.69127277225923,-9.616892600190011,0 -35.69453492202653,-9.621255691712127,0 -35.69770782615922,-9.627684453407005,0 -35.69906364735176,-9.629794063536458,0 -35.69662647780661,-9.629917620720963,0 -35.69685040279565,-9.630239696161437,0 -35.69664524913805,-9.630283660676039,0 -35.69675311321801,-9.630589489228473,0 -35.69955715625895,-9.63041597285381,0 -35.70279881707688,-9.635828753681018,0 -35.70495394620216,-9.638881231604602,0 -35.7094420943209,-9.64200852505861,0 -35.71459482163419,-9.646715601012094,0 -35.71948170580541,-9.651304363774202,0 -35.71845259908314,-9.652251646547946,0 -35.71745912691625,-9.651414809466933,0 -35.71608927245664,-9.651204408079455,0 -35.69943864097889,-9.651186981919807,0 -35.69880117949528,-9.652827107958457,0 -35.6984735526469,-9.65765027697333,0 -35.69609733875257,-9.662956562266002,0 -35.69725147036982,-9.662788769842422,0 -35.7015613569861,-9.661523440047041,0 -35.70528993462199,-9.661345598116899,0 -35.7091798074491,-9.662361293887551,0 -35.71136036720513,-9.663653741919386,0 -35.7155054588067,-9.66777278811999,0 -35.71707707187216,-9.66941261907613,0 -35.71923429983997,-9.67045599017991,0 -35.71993705085848,-9.669472749684306,0 -35.72063177630441,-9.667902429656507,0 -35.72196746364803,-9.667222505858625,0 -35.72933997931035,-9.666849564735394,0 -35.7336315382088,-9.666656309337858,0 -35.73476110173731,-9.666903935611199,0 -35.73515627013717,-9.666022984643693,0 -35.73791144168318,-9.667580922853109,0 -35.73994618817573,-9.668237112323398,0 -35.74171212986768,-9.668504466718806,0 -35.74235440269716,-9.668874506784485,0 -35.74300837939219,-9.668316701844821,0 -35.74333718223919,-9.667303860565768,0 -35.74330330088981,-9.665969939448702,0 -35.74308680488684,-9.664460003867557,0 -35.74311549362673,-9.664469728534195,0 -35.74327732468653,-9.664449252337619,0 -35.74325488976145,-9.664242491312958,0 -35.74332411806999,-9.66419023934354,0 -35.74377320925096,-9.664013742143897,0 -35.74507266157499,-9.663338308643105,0 -35.74624060361095,-9.662712743385548,0 -35.74688276649999,-9.662511400290722,0 -35.74667412046438,-9.662119936438433,0 -35.74635125748475,-9.6606311693911,0 -35.74598994497367,-9.65886298235234,0 -35.74595358218979,-9.658796449488976,0 -35.74584744149831,-9.658826827888277,0 -35.74566514528249,-9.658755721883386,0 -35.74574795929826,-9.658832146141773,0 -35.74589375700366,-9.658896641554952,0 -35.74598475761723,-9.659349833412671,0 -35.74662488717095,-9.662587637935593,0 -35.74736859524243,-9.66232779858865,0 -35.74837699409881,-9.661849827402682,0 -35.75191918073487,-9.659815062963077,0 -35.75376093225119,-9.65883064781706,0 -35.7550180095487,-9.658025554538643,0 -35.75569297855488,-9.65728600994882,0 -35.7583356405548,-9.654239677082936,0 -35.75952656492395,-9.654297563701327,0 -35.76103264531143,-9.652502933524982,0 -35.76083437125281,-9.652390725795954,0</coordinates></LineString></Placemark></Folder><Folder><name>VOLTA</name><Placemark><name>0804 T.I. Benedito Bentes / Cidade Sorriso I</name><styleUrl>#style_volta</styleUrl><LineString><tessellate>1</tessellate><coordinates>-35.72493555460387,-9.573338036506263,0 -35.7254877923335,-9.57151846580273,0 -35.72566097989699,-9.570903342284625,0 -35.72667789596976,-9.569110334149743,0 -35.72666442725659,-9.568804858855287,0 -35.7265836139127,-9.568432975325019,0 -35.72639504914994,-9.567523184916947,0 -35.72582650396649,-9.56471574174455,0 -35.7246945209852,-9.564045658111594,0 -35.72399996887113,-9.563616131666892,0 -35.72485309245315,-9.561791245285,0 -35.72511164948848,-9.561408478468648,0 -35.72353549814294,-9.56045324214727,0 -35.72299412886095,-9.560114349999619,0 -35.7231760409435,-9.559815927193311,0 -35.72333607351874,-9.55971692029379,0 -35.72351385545932,-9.559721367567466,0 -35.72373774560052,-9.55999475229426,0 -35.72459110294765,-9.560403519905307,0 -35.72589297627096,-9.558578243661628,0 -35.72982773844574,-9.55451908714809,0 -35.72989336389842,-9.551756813054359,0 -35.7299556279274,-9.55080640317945,0 -35.72935832576596,-9.550150982741103,0 -35.72775320224618,-9.54861731394812,0 -35.72614983187393,-9.550083091339117,0 -35.72603614393741,-9.549999828772084,0 -35.72655681183635,-9.549523498944524,0 -35.72691229033838,-9.549178966817196,0 -35.72688461273426,-9.549042998979859,0 -35.72674911369783,-9.549046374316806,0 -35.72630247088517,-9.54947638806296,0</coordinates></LineString></Placemark><Placemark><name>0807 - T.I. Benedito Bentes / Aprígio</name><styleUrl>#style_volta</styleUrl><LineString><tessellate>1</tessellate><coordinates>-35.70411887748661,-9.584772200095943,0 -35.70481328360078,-9.584764494758733,0 -35.70512114371601,-9.584776695950831,0 -35.70533596191589,-9.585034668933286,0 -35.70566539406418,-9.585369209526615,0 -35.70593976969311,-9.585139981662113,0 -35.70651540985859,-9.584578879915192,0 -35.70659606473434,-9.584504825007977,0 -35.70637102092931,-9.584219459997112,0 -35.70629429658279,-9.584093825211403,0 -35.70668183829434,-9.583708542547484,0 -35.70672924324852,-9.583671263757388,0 -35.70666131810532,-9.583458950213386,0 -35.70623925137718,-9.583038349561113,0 -35.705819087864,-9.582612735052264,0 -35.70547739220626,-9.582212567836635,0 -35.70524928858946,-9.581779552624452,0 -35.70515632991876,-9.581390302563525,0 -35.70515370280044,-9.58120633546465,0 -35.70512776574901,-9.58060802596954,0 -35.70506637324592,-9.579863976296053,0 -35.70497275334498,-9.579511683486503,0 -35.70455108241239,-9.579017086128209,0 -35.70421923949046,-9.578802295416775,0 -35.703574134364,-9.578474898585487,0 -35.70288110755065,-9.578241994582221,0 -35.70216870252786,-9.577965075541647,0 -35.70157605105967,-9.577734307847217,0 -35.70137024317086,-9.577931006250806,0 -35.70123781485074,-9.577826278630395,0 -35.70118148645048,-9.57765780234521,0 -35.70129143627121,-9.577400722419089,0 -35.70161097628441,-9.57723691929643,0 -35.70190742176129,-9.576886925415069,0 -35.70292609930939,-9.574871280444135,0 -35.70359382080225,-9.574102719823884,0 -35.70466882961318,-9.573517951173597,0 -35.7064592333521,-9.573057867407357,0 -35.70669015625025,-9.572963133264118,0 -35.70679697534239,-9.572704338433416,0 -35.70614233148567,-9.571922008407899,0 -35.70564863986893,-9.571298466157842,0 -35.70476697996861,-9.57027443243004,0 -35.70422931082072,-9.569957564950595,0 -35.70344668115192,-9.56954357812083,0 -35.70107189664395,-9.568282841103736,0 -35.70005012898387,-9.567684808946316,0 -35.70010408492749,-9.56749363154085,0 -35.70022094568938,-9.567329755497823,0 -35.70035519975175,-9.567347789799198,0 -35.70059744806025,-9.567579198089389,0 -35.70123170812732,-9.568287001395127,0 -35.70218749634898,-9.568779136146626,0 -35.70339925056422,-9.56943392573255,0 -35.70475981969645,-9.570161467587665,0 -35.70553714264912,-9.571055907655944,0 -35.70646073602535,-9.572203727861888,0 -35.70656268787783,-9.572305293198355,0 -35.7067498000965,-9.572300804218411,0 -35.70670098417342,-9.571830483549142,0 -35.70619951146992,-9.569228664266346,0 -35.70585386439649,-9.56759449547117,0 -35.70561114985092,-9.567135988117121,0 -35.70556379927655,-9.566901988350406,0 -35.70558836910031,-9.566767883434402,0 -35.70569878818851,-9.566742913797231,0 -35.7057534900329,-9.566765391496473,0 -35.70639185468909,-9.569500213813086,0 -35.70699044584814,-9.572586228681836,0 -35.7070112398062,-9.572629931856497,0 -35.70719641530359,-9.572641118221748,0 -35.70740602717585,-9.572778317769306,0 -35.70743958280427,-9.572824024750323,0 -35.70765019412001,-9.572841406392106,0 -35.70851647231107,-9.572696227129127,0 -35.71074170361777,-9.57227176964755,0 -35.71138628516876,-9.571942119602006,0 -35.71353246769308,-9.570287387581464,0 -35.71293436747143,-9.569583046848852,0 -35.7129877783983,-9.569361531298897,0 -35.71305464380402,-9.569094586687662,0 -35.7133620507252,-9.568869856824277,0 -35.71387330780428,-9.568570350416614,0 -35.7141538092921,-9.568300590672145,0 -35.71457169902678,-9.56833074571334,0 -35.71522768443496,-9.568300194891426,0 -35.71529006222006,-9.568274867717921,0 -35.71511801570422,-9.567989025548837,0 -35.71646709701192,-9.567269392309063,0 -35.71652091719886,-9.566883842775102,0 -35.71645953416783,-9.566326696411137,0 -35.7156941524018,-9.565668121995326,0 -35.71608819840946,-9.565159403517063,0 -35.71639111603555,-9.565178582109802,0 -35.71657133115284,-9.565037096277495,0 -35.71677913340841,-9.564779575933883,0 -35.71691195318831,-9.564779205575048,0 -35.7169086325456,-9.564949814394119,0 -35.71687671108513,-9.5656222883645,0 -35.71668418330754,-9.566488328052854,0 -35.71670198477446,-9.567092253326459,0 -35.71698232010652,-9.56764622980828,0 -35.71727395660076,-9.56786148101973,0 -35.71733371328799,-9.568345161980563,0 -35.72085973641642,-9.567767936068014,0 -35.7215739631542,-9.567400554328783,0 -35.72198545866176,-9.56707948042067,0 -35.72265487724224,-9.566135360619151,0 -35.72300016139604,-9.565737308026556,0 -35.72431576072092,-9.562980705734551,0 -35.72513906245049,-9.5614094968988,0 -35.72351661643315,-9.560423822699846,0 -35.72374073390459,-9.559961036003061,0 -35.7245847711995,-9.560465463912664,0 -35.7263001221275,-9.558023463642728,0 -35.72848416033858,-9.555891305006378,0 -35.72979144925346,-9.55450853245691,0 -35.72986586751773,-9.553769623318974,0 -35.72986120438992,-9.55099126313868,0 -35.72999966295762,-9.550750214259823,0 -35.72774066263099,-9.548586352363056,0 -35.72617204615484,-9.550114039491138,0 -35.72602215061845,-9.550057733349865,0 -35.72604856445005,-9.549976739907382,0 -35.7269221985751,-9.549165513222917,0 -35.72686473402618,-9.54903970752364,0 -35.72675735693644,-9.54905961298574,0 -35.72618334643958,-9.54963266335487,0</coordinates></LineString></Placemark><Placemark><name>0809 - T.I. Benedito Bentes / Selma Bandeira</name><styleUrl>#style_volta</styleUrl><LineString><tessellate>1</tessellate><coordinates>-35.71505247433708,-9.58677762240676,0 -35.71543565335931,-9.586198566194312,0 -35.71572075596248,-9.585548275101184,0 -35.71567412040788,-9.585472005160524,0 -35.71554193105844,-9.585413216525454,0 -35.71541071550186,-9.585335046191412,0 -35.71528080468582,-9.58531682018555,0 -35.71517427447289,-9.585365492376475,0 -35.71503233958883,-9.585352133100741,0 -35.71493841878821,-9.585240394527702,0 -35.71489843816709,-9.585125657431565,0 -35.71494051775934,-9.58499532849387,0 -35.71501440547846,-9.58493536027769,0 -35.71511359068134,-9.584903457715686,0 -35.71521050325867,-9.584922494715034,0 -35.71532394973249,-9.584975292936834,0 -35.71557844859494,-9.584812678560832,0 -35.71587060555774,-9.584667885827967,0 -35.71640448502158,-9.58432300547661,0 -35.71685057395528,-9.583905639524863,0 -35.71770734448838,-9.583077440953994,0 -35.71915580858959,-9.581899287233854,0 -35.71988928433047,-9.581291049710996,0 -35.72031010816748,-9.580831465037898,0 -35.72071659962609,-9.58021281452388,0 -35.7208128223755,-9.579877198416366,0 -35.72062354948692,-9.579152840829359,0 -35.72054743409076,-9.577872504304217,0 -35.7204083399845,-9.577280517024999,0 -35.72006797458668,-9.57640617880649,0 -35.72025259227004,-9.575505042086053,0 -35.72068307395822,-9.571586005089616,0 -35.72212353046945,-9.568132331332121,0 -35.72137489673877,-9.567754744261544,0 -35.7213314510669,-9.567542401774501,0 -35.7218323623128,-9.567189304007105,0 -35.72300610481064,-9.565711307863099,0 -35.72510626148806,-9.56140422912035,0 -35.72299174465719,-9.560073871404928,0 -35.72316567117444,-9.559763834866752,0 -35.72347588907926,-9.559752863046993,0 -35.72399399942298,-9.560086591156885,0 -35.7246197233145,-9.560457308649648,0 -35.72563995849269,-9.558922700773778,0 -35.72687620063154,-9.557462419645576,0 -35.72987718740202,-9.554508352479019,0 -35.72990063596158,-9.55119023794975,0 -35.72999751683541,-9.550797076142677,0 -35.72770632134185,-9.548606164840802,0 -35.72617709616174,-9.550078282385313,0 -35.72601231782982,-9.55002853305268,0 -35.72693746989322,-9.54914359145443,0 -35.72682243016799,-9.549013558796993,0 -35.72627726389613,-9.549517451906654,0</coordinates></LineString></Placemark><Placemark><name>0001 Terminal X Cruzeiro</name><styleUrl>#style_volta</styleUrl><LineString><tessellate>1</tessellate><coordinates>-35.81042229243869,-9.552385734065593,0 -35.81038106291549,-9.552279688025488,0 -35.81040074367177,-9.552227066414353,0 -35.81037508847403,-9.552013133021953,0 -35.81050823874644,-9.551055203748144,0 -35.81062191080602,-9.550112860469438,0 -35.81082523040482,-9.549707861974476,0 -35.81115445631639,-9.549263084957742,0 -35.81177802919012,-9.548517811892072,0 -35.8121196885827,-9.548084397499279,0 -35.81223796790169,-9.547801236404899,0 -35.81236199980553,-9.54734462645948,0 -35.81251005112711,-9.54669689591416,0 -35.81284306948831,-9.545457133708323,0 -35.81313206676716,-9.544308310340016,0 -35.81328432856064,-9.543861636325902,0 -35.81323953933365,-9.543397997187295,0 -35.81305100623598,-9.543132288446452,0 -35.81286491022248,-9.542447501816508,0 -35.81297640263031,-9.541812657357788,0 -35.81324029372562,-9.541378064141044,0 -35.8137063574495,-9.540980976250449,0 -35.81383311666456,-9.540954833391147,0 -35.81400000867517,-9.54079278739001,0 -35.81416589370799,-9.540570322526358,0 -35.81462675530384,-9.538955575778875,0 -35.81472089982283,-9.53855489771402,0 -35.81505034493307,-9.537375702210435,0 -35.81505443179846,-9.537274534285912,0 -35.81289048686256,-9.53707010273074,0 -35.81068171337115,-9.536880162804652,0 -35.81049553923757,-9.538700336872102,0 -35.81037954111208,-9.538693564114912,0 -35.81056076238556,-9.536870320064354,0 -35.80985004469382,-9.536743790439731,0 -35.81014196640872,-9.534640372663267,0 -35.80395824951776,-9.533949948574058,0 -35.80370300454857,-9.536071509165033,0 -35.79834194237817,-9.535514793128964,0 -35.79692300037359,-9.535091453973546,0 -35.79553665639832,-9.534427840174663,0 -35.79531483350443,-9.534403651698868,0 -35.79519441550949,-9.534400745672132,0 -35.79458681678071,-9.534981546709318,0 -35.79403479147093,-9.535880998030562,0 -35.79154914930272,-9.540201892762552,0 -35.78902239717981,-9.544507938299345,0 -35.78476804442231,-9.542191732408627,0 -35.78455471574549,-9.542491072526445,0 -35.78333134711995,-9.541804075308468,0 -35.78313869875034,-9.542242965345391,0</coordinates></LineString></Placemark><Placemark><name>0604 Eustáquio Gomes / Cruz das Almas</name><styleUrl>#style_volta</styleUrl><LineString><tessellate>1</tessellate><coordinates>-35.6969888925602,-9.630299048392738,0 -35.69671278539472,-9.630311889076143,0 -35.6967283207619,-9.630584033198952,0 -35.69782722297455,-9.630515481178605,0 -35.69945271308096,-9.630404637052422,0 -35.69889826412023,-9.629498626489905,0 -35.69826178874837,-9.628416250451625,0 -35.69766195011512,-9.627264872359147,0 -35.69783317895943,-9.627174843594965,0 -35.69831839098446,-9.628254998800214,0 -35.69891861364803,-9.629386442756319,0 -35.70016288807376,-9.631492005920547,0 -35.70088414815865,-9.632830734454702,0 -35.70151689197863,-9.633749232543083,0 -35.70252291511751,-9.635295708510002,0 -35.70260326034688,-9.635391689555927,0 -35.70281110392135,-9.635396074313407,0 -35.70329479356137,-9.635108602426454,0 -35.70375839430049,-9.63490768620298,0 -35.70541627274342,-9.634638063753483,0 -35.70712732980098,-9.634343693438481,0 -35.70770161501734,-9.634440092730744,0 -35.70830174168857,-9.634793071537398,0 -35.70904424557837,-9.635201202694875,0 -35.70991483104727,-9.6352500828925,0 -35.71123972862819,-9.63530687421753,0 -35.7119655861187,-9.635872768426534,0 -35.7127903082441,-9.636742756458942,0 -35.71363612917465,-9.636851376761106,0 -35.71423595750317,-9.636464199037038,0 -35.71536353277381,-9.63597063701506,0 -35.71593081630226,-9.635583598513358,0 -35.71584494677084,-9.634526187602289,0 -35.71545622437851,-9.63298122157909,0 -35.71531505556468,-9.631389863646518,0 -35.71648696551311,-9.629191756765392,0 -35.7169140946842,-9.628258108900502,0 -35.71699223906698,-9.626528230576652,0 -35.71703164524921,-9.625930136678713,0 -35.71668290028025,-9.624667959584531,0 -35.71609428736826,-9.622599231610787,0 -35.7149402834151,-9.620590776341299,0 -35.71313250431089,-9.618054186163361,0 -35.71273098569732,-9.616847404044666,0 -35.71304282196928,-9.616239125570605,0 -35.71361114773016,-9.615924191609235,0 -35.71566672510325,-9.615721612943814,0 -35.71833850857364,-9.615472417870514,0 -35.71889252388316,-9.615512871681151,0 -35.71928407663163,-9.615938336497425,0 -35.72096255003779,-9.618203256806385,0 -35.72441215995459,-9.622554581394395,0 -35.7252254223892,-9.62332212115592,0 -35.72645938300652,-9.623936983291612,0 -35.72759126206226,-9.624081676190146,0 -35.72968061706133,-9.624953631707287,0 -35.73609341894336,-9.62765480847827,0 -35.73766794391611,-9.628459990256886,0 -35.73842615171791,-9.62458608703591,0 -35.73961401936059,-9.614128824520828,0 -35.74046472058585,-9.607772483872717,0 -35.74093741115625,-9.606686027780123,0 -35.74183353765474,-9.6054527436308,0 -35.74343241014419,-9.604295942558032,0 -35.74655707837766,-9.60308032735284,0 -35.74755315400304,-9.602296526651955,0 -35.74922499959623,-9.599620340838133,0 -35.7514226723966,-9.595595353111696,0 -35.75347336104406,-9.593968826777399,0 -35.75841032450631,-9.591129108926776,0 -35.75990437165919,-9.590268647724804,0 -35.76151174439061,-9.588259594373973,0 -35.76275798183146,-9.58671180476112,0 -35.7670822887559,-9.580836869920331,0 -35.77122548930856,-9.575304128174894,0 -35.77507646404475,-9.570184707036368,0 -35.77675001625949,-9.566950316975113,0 -35.77691981042248,-9.566466482966126,0 -35.77677060541683,-9.566102333551655,0 -35.77679279762084,-9.56577676802229,0 -35.77703558862179,-9.565437028781034,0 -35.77745944899895,-9.565363742358729,0 -35.77837322925986,-9.563743371407696,0 -35.77908590983155,-9.562232738959374,0 -35.78170238872533,-9.557064369944438,0 -35.7832654284003,-9.554084863118593,0 -35.78528399547228,-9.550759459598197,0 -35.78729990667239,-9.547219364614794,0 -35.78886220453571,-9.544488240965405,0 -35.7861245584612,-9.54300222777742,0 -35.78337810206128,-9.541434142187486,0 -35.7830035922425,-9.542060038343745,0 -35.78292675398784,-9.542184476231233,0 -35.78298726951595,-9.5422571010961,0</coordinates></LineString></Placemark><Placemark><name>0812 T.I. Benedito Bentes / Carminha</name><styleUrl>#style_volta</styleUrl><LineString><tessellate>1</tessellate><coordinates>-35.70847214178032,-9.56377759730287,0 -35.709965963972,-9.562953200764039,0 -35.71236573758812,-9.561573720962329,0 -35.71241257656204,-9.561401869370423,0 -35.71232474522614,-9.5612976306401,0 -35.71203644694486,-9.56089026436449,0 -35.7113777911973,-9.55981591502908,0 -35.71070676461895,-9.558627313633608,0 -35.71030428958986,-9.558800162010563,0 -35.70992762537369,-9.55885155249456,0 -35.70957424608347,-9.558935235276431,0 -35.70943048193558,-9.558986604731537,0 -35.70930474917086,-9.55905009561187,0 -35.70904768944671,-9.559161418371007,0 -35.70881843530311,-9.559308470583895,0 -35.70848295583371,-9.559589243038099,0 -35.70843672428256,-9.559574862046631,0 -35.70867900719283,-9.559384613856498,0 -35.70899067838391,-9.559155000352899,0 -35.70927048675081,-9.55900636964735,0 -35.70968773045296,-9.558864523010488,0 -35.71022831372628,-9.558779510723053,0 -35.71073898849799,-9.55862791846628,0 -35.7111577058626,-9.559357903732261,0 -35.71367523290876,-9.557908434099508,0 -35.71345538875119,-9.557568405592855,0 -35.71357147594458,-9.557501702978495,0 -35.71367499203772,-9.557390765224449,0 -35.71496049884126,-9.554850208705105,0 -35.71508025436854,-9.554683369881705,0 -35.71922450382043,-9.55467222905299,0 -35.71991195940512,-9.554679558550085,0 -35.72041625365369,-9.554731964654534,0 -35.72332365367408,-9.557618053086598,0 -35.72350682931786,-9.55786227257523,0 -35.72348513775097,-9.55818609474651,0 -35.72345008187331,-9.559464016219895,0 -35.72355982846781,-9.55975270649469,0 -35.7238041253524,-9.559940581869803,0 -35.72462690724701,-9.560475970917144,0 -35.72614562098448,-9.55821757512445,0 -35.72988717642322,-9.554464777350116,0 -35.72994831916694,-9.550705292350123,0 -35.72775578099174,-9.54855961554945,0 -35.72621062543777,-9.550085719486194,0 -35.72607421286865,-9.549992984843765,0 -35.72695568912639,-9.549131257464941,0 -35.72683382467927,-9.54899985082319,0 -35.72639053857255,-9.549421456929641,0</coordinates></LineString></Placemark><Placemark><name>1018 - Alto do Cruzeiro / AL 101 Norte (Andraújo)</name><styleUrl>#style_volta</styleUrl><LineString><tessellate>1</tessellate><coordinates>-35.66647718485451,-9.586090194200118,0 -35.66897942678028,-9.584929071565965,0 -35.66956770547388,-9.583740702296424,0 -35.66985914450066,-9.583151836365492,0 -35.66999589259569,-9.582855003643022,0 -35.67009459275431,-9.582542954983458,0 -35.67008022524467,-9.582069616570438,0 -35.66863411801886,-9.580840074485318,0 -35.66828654462243,-9.580312045514741,0 -35.66807651908039,-9.579534836357519,0 -35.66812457769451,-9.579007613782942,0 -35.66841426755297,-9.578641274818787,0 -35.67060782518136,-9.577123908245502,0 -35.67179152060604,-9.576294939461144,0 -35.67230658206421,-9.575858908002237,0 -35.67259634893389,-9.575416182429406,0 -35.67208932124029,-9.574582978966497,0 -35.6712236001334,-9.573961496108126,0 -35.67047140631473,-9.573688088467497,0 -35.66992658842815,-9.573626269930017,0 -35.66897492275309,-9.574004525902497,0 -35.66767777289586,-9.574432233364316,0 -35.66645931301163,-9.575058892580296,0 -35.66337592392701,-9.575104341483653,0 -35.6623961706796,-9.575121496023021,0 -35.66216348151599,-9.575150446447633,0 -35.66195184528362,-9.575225867545008,0 -35.66158956883393,-9.575408434419668,0 -35.66126018704698,-9.57564303227298,0 -35.66082949630825,-9.576173291244713,0</coordinates></LineString></Placemark><Placemark><name>0805 - T.I. Benedito Bentes / Guaxuma</name><styleUrl>#style_volta</styleUrl><LineString><tessellate>1</tessellate><coordinates>-35.72995516561893,-9.56473416531907,0 -35.72903036856129,-9.56449591987308,0 -35.72873528244998,-9.564060916508055,0 -35.72872353523417,-9.563907577497453,0 -35.72954087646941,-9.560799596473261,0 -35.7302007793823,-9.558275259858359,0 -35.72804520937991,-9.556267655808488,0 -35.72973919062862,-9.554527919234646,0 -35.72983626346255,-9.554279963567401,0 -35.72983232977582,-9.550972212557694,0 -35.72998871186464,-9.550702542992456,0 -35.72776699800331,-9.548555986751001,0 -35.72609577831253,-9.550142436161696,0 -35.7259998823487,-9.55003260132159,0 -35.72692833735243,-9.54915205230435,0 -35.72682513333027,-9.549012987549338,0 -35.72629778962455,-9.549507823151377,0</coordinates></LineString></Placemark><Placemark><name>4013 - T.I. Eustáquio Gomes / Forene (J. Saúde)</name><styleUrl>#style_volta</styleUrl><LineString><tessellate>1</tessellate><coordinates>-35.78296449064916,-9.542169368100941,0 -35.78338561726574,-9.541418595628183,0 -35.78904937994767,-9.54455234123765,0 -35.79488350642033,-9.534486106155923,0 -35.7955925594288,-9.534386148053475,0 -35.79637396620688,-9.534928776939003,0 -35.79741584628405,-9.535271485387934,0 -35.79838124674778,-9.535492796803302,0</coordinates></LineString></Placemark><Placemark><name>0027 - Vila Saem / Centro</name><styleUrl>#style_volta</styleUrl><LineString><tessellate>1</tessellate><coordinates>-35.73876206313713,-9.660819164382337,0 -35.73769854529395,-9.663349556490328,0 -35.73697344270442,-9.663215694280709,0 -35.73745989806286,-9.662240099199973,0 -35.73584181868648,-9.661510398831592,0 -35.73315258813965,-9.659574983150462,0 -35.73310242880475,-9.659410544506025,0 -35.73345808258295,-9.658436341896646,0 -35.7334505853951,-9.658152769440454,0 -35.73314459621642,-9.654125443975236,0 -35.73309229006112,-9.65198057106019,0 -35.73308384960082,-9.651393582226666,0 -35.7337332145539,-9.648078218155334,0 -35.73245304609812,-9.64782314710893,0 -35.73266896180978,-9.646475291471978,0 -35.7339967906171,-9.646740131573482,0 -35.73418299637602,-9.64689765525978,0 -35.73404036531626,-9.647821590383044,0 -35.7346791644744,-9.648020836001889,0 -35.73536638078917,-9.648150153294408,0 -35.73681745262666,-9.648389869964069,0 -35.73971391627766,-9.648843603203392,0 -35.73959141580911,-9.649447832888836,0 -35.73951266705186,-9.650030482254484,0 -35.73930266626216,-9.650539762103001,0 -35.73895518854748,-9.651026592731826,0 -35.73751630473625,-9.650021721433893,0 -35.73823094165395,-9.648534490442684,0 -35.73889003298744,-9.647095663232554,0 -35.73913032729131,-9.647161229350953,0 -35.73944731016356,-9.646520693863925,0 -35.73733970725518,-9.645585839929023,0 -35.736746606208,-9.646851774860895,0 -35.73409124836978,-9.646354424223878,0 -35.73490468817377,-9.64206514054814,0 -35.73324640039908,-9.64162015742742,0 -35.73192962238689,-9.641100394765362,0 -35.7320034117622,-9.639013353852087,0 -35.733395958857,-9.636064988470377,0 -35.73766524296087,-9.638009651989492,0 -35.74173939641989,-9.639689882318116,0 -35.74188455168573,-9.638907040390299,0 -35.74040361353545,-9.638247805839475,0 -35.74021736542964,-9.63569163137931,0 -35.73883214289252,-9.634651524011439,0 -35.73918282833568,-9.634258412208622,0 -35.73927346697454,-9.634118308428114,0 -35.73952757921051,-9.633244047482966,0 -35.73965639874463,-9.632852669202235,0 -35.7406289215787,-9.630698366679828,0 -35.74122465976787,-9.629398113367126,0 -35.74172707023762,-9.628436303696548,0 -35.74375321850823,-9.625793172189512,0 -35.74401052024145,-9.625514338552364,0 -35.74448550541885,-9.625385341687617,0 -35.74465933184826,-9.625240226950732,0 -35.74455472622965,-9.6247014148929,0 -35.74448188686294,-9.623862238536852,0 -35.74441737018793,-9.623770377756667,0 -35.74440282364461,-9.623667050689846,0 -35.74399565358674,-9.623548226098164,0 -35.74289529667696,-9.625303033094438,0 -35.74331081046414,-9.62556750239443,0 -35.74271077539365,-9.626401498981469,0</coordinates></LineString></Placemark><Placemark><name>1000 - Trapiche / Pontal</name><styleUrl>#style_volta</styleUrl><LineString><tessellate>1</tessellate><coordinates>-35.77368070096435,-9.691187746702095,0 -35.77458385329288,-9.690199279131658,0 -35.77549829240635,-9.690845735783661,0 -35.77592754745299,-9.691371446577461,0 -35.77616093657969,-9.691568545107982,0 -35.77677353497982,-9.691804124393878,0 -35.77735601936789,-9.692172149159024,0 -35.77774712624134,-9.692547130222042,0 -35.77828962952042,-9.693584573170092,0 -35.77860082347853,-9.694069067989693,0 -35.77899555334091,-9.694560972445093,0 -35.77890852855014,-9.694761909472147,0 -35.77863908884564,-9.694937704413316,0 -35.77875579537239,-9.69522274626341,0 -35.77871689351245,-9.695340600242456,0 -35.77860296617798,-9.69545023191085,0 -35.77767162045836,-9.696098434344304,0 -35.77673522316393,-9.696561572214152,0 -35.77277333814318,-9.69278764186972,0 -35.76871160576093,-9.688770966241648,0 -35.76533153107917,-9.685677502564385,0 -35.76225963798304,-9.682685384974487,0 -35.75998297483372,-9.680750355176626,0 -35.75689703848568,-9.678474429009533,0 -35.75513701032937,-9.67738428321711,0 -35.75342244271727,-9.676245841858893,0 -35.75392835684412,-9.674829562457113,0 -35.76026826203328,-9.67667511319709,0 -35.76072509871138,-9.675181197216196,0 -35.7612823953487,-9.674333853661391,0</coordinates></LineString></Placemark><Placemark><name>1019 - Alto de Ipioca</name><styleUrl>#style_volta</styleUrl><LineString><tessellate>1</tessellate><coordinates>-35.61236680626847,-9.526548842631675,0 -35.61111073984767,-9.526827987224571,0 -35.6098646954167,-9.527028437797536,0 -35.60683877686104,-9.526876470521405,0 -35.60661324667401,-9.527190075946988,0 -35.60646081585129,-9.527262158507668,0 -35.606404819365,-9.527157153645536,0 -35.60537929709633,-9.526572883188072,0 -35.6049624357787,-9.526403882981834,0 -35.60473748866503,-9.526403816118396,0 -35.60376549832347,-9.526650094760736,0 -35.60267158140362,-9.524989389588224,0 -35.60145417059312,-9.523377401785917,0 -35.59836204616106,-9.520082295808445,0 -35.59614069850752,-9.517945809310818,0 -35.5954917563534,-9.517338207470726,0 -35.59505273976923,-9.516706904509325,0 -35.5945779680948,-9.515595535656413,0 -35.59161265319707,-9.508747397064974,0 -35.59057115363665,-9.507465920395868,0 -35.58959982087286,-9.506111031580643,0 -35.58770670559082,-9.503365439741373,0 -35.58747597630811,-9.502732599822076,0 -35.58741048981288,-9.502497719837123,0 -35.58751226019088,-9.502224335843021,0 -35.58754809208013,-9.501954053958201,0 -35.58789504427583,-9.501679125667295,0 -35.58831575604067,-9.501560015574425,0 -35.58836343509204,-9.501181752224724,0 -35.58852084939124,-9.500813817533444,0 -35.58903980361126,-9.50049152902979,0 -35.58933876234461,-9.500361113706424,0 -35.5896223563617,-9.500343877123035,0 -35.58989571507793,-9.500315842381669,0 -35.59021416989538,-9.500010144191577,0 -35.59062877900647,-9.499846753530479,0 -35.59108330557504,-9.499758794081774,0 -35.59197681405744,-9.49950254939388,0 -35.59243208274177,-9.499393185347246,0 -35.59284799401551,-9.499235047663845,0 -35.59413427945606,-9.498753347740363,0 -35.59542090746906,-9.49828949602217,0 -35.5955406700382,-9.498314915825793,0 -35.59571056472448,-9.498446216600248,0 -35.59595309246514,-9.498503443182795,0 -35.59619218608726,-9.498539701728054,0 -35.59656217064335,-9.498731237776427,0 -35.59653757850243,-9.499535465557523,0 -35.59660647265797,-9.499819269808755,0 -35.59669745887774,-9.500119187429855,0 -35.59672790580884,-9.500313536250939,0 -35.59673502579841,-9.50054730111154,0 -35.59668218819088,-9.500802092208948,0 -35.59679085103654,-9.501195356256353,0 -35.59686558169041,-9.501607824732373,0 -35.5968720330504,-9.501652183210242,0 -35.59644239758112,-9.501785292560621,0 -35.59439789957716,-9.50246367157147,0 -35.59376735116376,-9.502699230720205,0 -35.59313506956882,-9.502888806213686,0 -35.59184753044147,-9.503225780958843,0 -35.59182724970857,-9.503182281376272,0 -35.59273237693914,-9.502969309524985,0 -35.59363119921482,-9.502708905809108,0 -35.59523921395957,-9.50215000729741,0 -35.59684374192055,-9.501621242137613,0 -35.59677286576226,-9.501223918724804,0 -35.59666411720721,-9.500843616913341,0 -35.59670129951378,-9.50062016364428,0 -35.59671230271417,-9.500414153868322,0 -35.59671384625415,-9.50032633663772,0 -35.59669943569428,-9.500236845637021,0 -35.59665880757721,-9.500060973868255,0 -35.5965505739247,-9.49970448920227,0 -35.59651724939544,-9.499560257967998,0 -35.59653441628074,-9.49873859521473,0 -35.59616398674734,-9.498560821060003,0 -35.59578637243212,-9.498503459515263,0 -35.59546466674733,-9.498337377460857,0 -35.59307429705918,-9.499201155332512,0 -35.59250068501333,-9.49939480013203,0 -35.59192860896878,-9.499543003576747,0 -35.59155134436025,-9.499633239943938,0 -35.5912011814107,-9.499781109794545,0 -35.59083135671939,-9.499822573410576,0 -35.59065669130781,-9.499867612737342,0 -35.59049883364667,-9.49992866260006,0 -35.59024519209536,-9.500039047712235,0 -35.58981130192563,-9.500371670595447,0 -35.58923735428958,-9.500372067868254,0 -35.58866752617703,-9.500686553140145,0 -35.58847335496262,-9.500985759268513,0 -35.58836633150013,-9.501303709605246,0 -35.58834950397329,-9.501518960573787,0 -35.58819589157966,-9.50163152204948,0 -35.58789563012171,-9.501713569454832,0 -35.58768343791631,-9.501865274427999,0 -35.58756764491495,-9.502013982287247,0 -35.58749633220985,-9.50218228790139,0 -35.58743831538928,-9.502552569029286,0 -35.58732352373112,-9.502538791867725,0 -35.58508030305278,-9.499031258134018,0 -35.58247886878304,-9.495769833479597,0 -35.57954210942662,-9.492990109024667,0 -35.57705932033124,-9.490470937500234,0 -35.57536887069836,-9.488174593041382,0</coordinates></LineString></Placemark><Placemark><name>4015 - T.I. Eustáquio Gomes / Jardim Amarílis. (via Flamboyantes)</name><styleUrl>#style_volta</styleUrl><LineString><tessellate>1</tessellate><coordinates>-35.7653081347603,-9.53566104814463,0 -35.76573440996678,-9.533953453267953,0 -35.76717261194059,-9.531351449825994,0 -35.7676179175257,-9.530407795023258,0 -35.76773403285808,-9.530373728545047,0 -35.76784780195378,-9.530432750252483,0 -35.76782350341698,-9.530820907433235,0 -35.76785284093515,-9.531060339881686,0 -35.76796977361906,-9.531281767171766,0 -35.76815868563042,-9.53168326857134,0 -35.76830090083729,-9.531801778821109,0 -35.76865079783614,-9.532005513420707,0 -35.76883200613747,-9.532090823006287,0 -35.76903909083062,-9.532115719303892,0 -35.7692320432391,-9.532132624948014,0 -35.76979610390764,-9.53192604566937,0 -35.77022293470549,-9.531766736621165,0 -35.77070509380385,-9.531508196575903,0 -35.77119563356933,-9.531321363140927,0 -35.77172919715778,-9.531202470114009,0 -35.77202179452115,-9.531232194178438,0 -35.77232729989168,-9.531266164268793,0 -35.77348477633165,-9.53135108851864,0 -35.77471995675169,-9.531446878151007,0 -35.77479102053218,-9.531378942053886,0 -35.77486208422001,-9.53141400595123,0 -35.77489539530899,-9.53145564426617,0 -35.77488873305929,-9.531510431484731,0 -35.77525293458316,-9.531692325077497,0 -35.77544169758653,-9.531571793044249,0 -35.77561935713153,-9.531543303455242,0 -35.77579648931733,-9.531582485542074,0 -35.77596082415224,-9.531696442971333,0 -35.77607408207657,-9.531862996086112,0 -35.77610295185436,-9.531990102479318,0 -35.77609406901711,-9.5321281664249,0 -35.77675592813636,-9.532458148280853,0 -35.77692248435599,-9.532537042068347,0 -35.7771235169084,-9.53239934309292,0 -35.77736507576821,-9.532418413256556,0 -35.77779916371451,-9.531767154705685,0 -35.77827286240094,-9.53088674184495,0 -35.7790762943783,-9.529343925859015,0 -35.77919772660014,-9.529415817100572,0 -35.77846504125097,-9.530800538079877,0 -35.77751610508093,-9.532516484557377,0 -35.77764165699433,-9.532679666881062,0 -35.77769065306059,-9.532912352955762,0 -35.77775496031979,-9.532990922341114,0 -35.77852202713031,-9.533415732024315,0 -35.7786625606511,-9.533344700171911,0 -35.77887001540878,-9.533261103384143,0 -35.77918536020913,-9.533396404592509,0 -35.77927790683203,-9.533545234252424,0 -35.77931561088338,-9.53373803577046,0 -35.77927790662392,-9.533809067744224,0 -35.7801448974031,-9.53425849772106,0 -35.78023744397679,-9.534160405923501,0 -35.78038826061016,-9.5341401109972,0 -35.78064806346721,-9.534108329907816,0 -35.78083099320691,-9.534317729902545,0 -35.78098465572925,-9.534765413650733,0 -35.78168353685803,-9.53513075773026,0 -35.78197667998928,-9.53502798770679,0 -35.78225439450908,-9.53509269472152,0 -35.78235082324525,-9.535222108916336,0 -35.78239325196715,-9.535366748307007,0 -35.78243369000546,-9.535469578678788,0 -35.78264969066553,-9.535602799729093,0 -35.78285798182386,-9.535732204378663,0 -35.7828194101691,-9.535819749195388,0 -35.78298526269555,-9.535911110284408,0 -35.78741072270816,-9.538302560292028,0 -35.78507799962383,-9.542412186447315,0 -35.78338359124064,-9.541438089223588,0 -35.78294270151933,-9.54218150796258,0 -35.78299453221149,-9.542243236485909,0 -35.78304636298125,-9.542259109536985,0</coordinates></LineString></Placemark><Placemark><name>4014 - T.I Eustáquio Gomes / Novo Jardim - J. Royal</name><styleUrl>#style_volta</styleUrl><LineString><tessellate>1</tessellate><coordinates>-35.77396826292415,-9.533274645363303,0 -35.77488631935601,-9.531480946221539,0 -35.77524680744229,-9.531687460801647,0 -35.77553848663761,-9.53153452133876,0 -35.77574860005491,-9.531565889294892,0 -35.7759837840408,-9.531726908924668,0 -35.77609114189558,-9.531933167934827,0 -35.77608696363055,-9.532140397828538,0 -35.77691084932759,-9.532513952187852,0 -35.77713014265883,-9.532441072965144,0 -35.77736279622683,-9.532414572341805,0 -35.77759653344675,-9.532589927259002,0 -35.77768404327331,-9.532858707696796,0 -35.77769250054506,-9.532974022096655,0 -35.77808015873947,-9.533176853198734,0 -35.77850469434235,-9.533398124447187,0 -35.77870506311572,-9.533313284123498,0 -35.77893722255085,-9.533290160172687,0 -35.77914620555968,-9.5333893974152,0 -35.77927417605694,-9.533570726949355,0 -35.779297163066,-9.533817395032735,0 -35.780098530381,-9.534266731820349,0 -35.78032702861216,-9.53413061238907,0 -35.78053954368244,-9.534117205584565,0 -35.78071377777131,-9.534192478482371,0 -35.7808753018172,-9.53440369632828,0 -35.78094695792648,-9.534708846735231,0 -35.78168392042473,-9.535127772777527,0 -35.78186145213798,-9.53504275203049,0 -35.78206292069137,-9.53502502001077,0 -35.78226598217994,-9.535123580123333,0 -35.78237230055203,-9.535265325893786,0 -35.78241863793377,-9.535498367478642,0 -35.7827665484427,-9.535691185333631,0 -35.78287519120317,-9.535748954505106,0 -35.78281675179132,-9.535821087913497,0 -35.78737989562202,-9.538315408562255,0 -35.78506961871626,-9.542366664379813,0 -35.78336519900166,-9.541439363039341,0 -35.78298162530637,-9.54213413582681,0 -35.7829642648928,-9.542230068454721,0 -35.78309237486756,-9.542261564534458,0</coordinates></LineString></Placemark><Placemark><name>0001 - Madrugadão Village II</name><styleUrl>#style_volta</styleUrl><LineString><tessellate>1</tessellate><coordinates>-35.76034574194811,-9.547809780695461,0 -35.76061713666883,-9.547950977210755,0 -35.76210111335717,-9.54519055154721,0 -35.75860607715323,-9.54346164171463,0 -35.75955650623288,-9.541631377123805,0 -35.75428982758828,-9.538983346535925,0 -35.75237366776523,-9.542661122706201,0 -35.75413814083824,-9.543538486292602,0 -35.75217752286684,-9.547181724569956,0 -35.75090557691689,-9.54670765436132,0 -35.74985004161113,-9.54874780989512,0 -35.75389946744528,-9.55089310556452,0 -35.75236798132821,-9.553763236157922,0 -35.75271439605748,-9.553957455591547,0 -35.75275196650087,-9.554213344064022,0 -35.75261524901249,-9.554338222240293,0 -35.75171081490073,-9.554482121389203,0 -35.75083861330374,-9.554726372979292,0 -35.75000293510208,-9.555138263992955,0 -35.74930469640037,-9.555668394985721,0 -35.74816678106058,-9.556905800901665,0 -35.74760065674408,-9.558058049674822,0 -35.74709873094373,-9.559236031824671,0 -35.7460950621089,-9.561570785577226,0 -35.74442556925318,-9.565662152232887,0 -35.742568037214,-9.569588822803516,0 -35.73896834123161,-9.573828270289155,0 -35.73747519625186,-9.576707402867038,0 -35.73636015346278,-9.579548188314211,0 -35.73478003618037,-9.58357207718535,0 -35.73354013851925,-9.585222589550366,0 -35.72808124360312,-9.589760710645212,0 -35.72604682366306,-9.591604011676251,0 -35.72480325783657,-9.593176097630504,0 -35.72391079869682,-9.595227201520103,0 -35.72347039897226,-9.596935883680926,0 -35.72326673198543,-9.59875093539008,0 -35.72286865152529,-9.602269720595649,0 -35.72232153856526,-9.606430014624754,0 -35.72171267567986,-9.607871813805893,0 -35.7209252083946,-9.609041527762923,0 -35.71852771428893,-9.612092834057046,0 -35.717994526125,-9.612594252456013,0 -35.7178291863496,-9.613854405303133,0 -35.7174911935416,-9.61542475781502,0 -35.71362141396811,-9.616000563540961,0 -35.7129136567447,-9.61636425942719,0 -35.71284546668211,-9.61697337544397,0 -35.71295307057877,-9.617550893026836,0 -35.71342611879465,-9.618463233897048,0 -35.71402975345733,-9.619257015257672,0 -35.71458657515561,-9.619896222568377,0 -35.71507311508088,-9.62094281617273,0 -35.71567052098852,-9.621912339500726,0 -35.71613370606663,-9.622658101890382,0 -35.71659763187837,-9.624311712092668,0 -35.71713338943981,-9.626249594957079,0 -35.71684711019314,-9.628516639297843,0 -35.71528946845947,-9.631471481746592,0 -35.71543270800383,-9.63274598860249,0 -35.71598730939501,-9.635063839711108,0 -35.71594865531991,-9.635686804546324,0 -35.71703395364491,-9.635614305168854,0 -35.7170545168143,-9.636375678526925,0 -35.7181438424229,-9.636265687512621,0 -35.71827850791289,-9.637594975671028,0 -35.71765743817839,-9.639376668842408,0 -35.71789679026462,-9.641648221977185,0 -35.7190847999338,-9.643782567109904,0 -35.72130010628196,-9.64394338258321,0 -35.72324669266549,-9.645400065992302,0 -35.72467460025675,-9.647105832569043,0 -35.72533437104112,-9.647428848505,0 -35.72590653544621,-9.647379722321194,0 -35.72637826671923,-9.647194695009707,0 -35.72664574749692,-9.646916009057103,0 -35.72669677168272,-9.645955146856872,0 -35.72619399528987,-9.645377358865343,0 -35.72613799548144,-9.645092073755256,0 -35.72559520130357,-9.645089386646514,0 -35.72567577134269,-9.645632079232543,0</coordinates></LineString></Placemark><Placemark><name>4006 - T.I Benedito Bentes / Mocambo</name><styleUrl>#style_volta</styleUrl><LineString><tessellate>1</tessellate><coordinates>-35.71900814126922,-9.537099651627779,0 -35.72053013448622,-9.53806371289949,0 -35.72219496510549,-9.539403177899151,0 -35.717622778467,-9.544185672569247,0 -35.71759900549211,-9.545882907202305,0 -35.72051957968405,-9.548804067224397,0 -35.72263014222526,-9.546786223793797,0 -35.72602396007643,-9.550009639515672,0 -35.72695616776925,-9.549128579631653,0 -35.72682159780408,-9.54901546326871,0 -35.72646831817069,-9.549323073332918,0</coordinates></LineString></Placemark><Placemark><name>0999 - João Sampaio / Flexais-Via Chã da Jaqueira</name><styleUrl>#style_volta</styleUrl><LineString><tessellate>1</tessellate><coordinates>-35.76088018344598,-9.621346935970553,0 -35.76084124376985,-9.62136008806419,0 -35.7609015657339,-9.621476806178602,0 -35.76094650308858,-9.6215434424982,0 -35.7610927886406,-9.621547184016304,0 -35.76117420065275,-9.621497277844165,0 -35.76120639097928,-9.621420157167133,0 -35.7609932757188,-9.621361050311512,0 -35.76078702769342,-9.621341858777168,0 -35.75841973103879,-9.622174754827629,0 -35.7551478144435,-9.624022712979194,0 -35.75353018271959,-9.62483997533552,0 -35.75189207219831,-9.625572924073936,0 -35.7525274680807,-9.624183712103541,0 -35.75252436699223,-9.623459826769203,0 -35.75257270420819,-9.623069370679055,0 -35.75288323445844,-9.622578920993183,0 -35.75370106040126,-9.622139821287758,0 -35.75309746120728,-9.622416124421747,0 -35.75263523682892,-9.622920274912449,0 -35.75252429147184,-9.623253192145544,0 -35.75254940951037,-9.624137009255698,0 -35.75227107259836,-9.624643647594679,0 -35.75202720592947,-9.62427096389329,0 -35.75169086342827,-9.623255912945607,0 -35.75163282001554,-9.622353997609313,0 -35.7517079167708,-9.621736712020423,0 -35.75211429689675,-9.621000175443221,0 -35.75259466624887,-9.620494923085914,0 -35.75194241328184,-9.618456143533471,0 -35.7508507862039,-9.61753068241635,0 -35.75046386519644,-9.61721477355167,0 -35.75036987005379,-9.616695689445875,0 -35.7505565764255,-9.616139330345893,0 -35.75119951533642,-9.615324818098685,0 -35.75136546719493,-9.6150632852849,0 -35.75130687814898,-9.614529585278449,0 -35.75064487653454,-9.612621536525308,0 -35.74967121015383,-9.611785013641216,0 -35.74908083920959,-9.611416598109631,0 -35.74930126967175,-9.611196227561013,0 -35.75404958327786,-9.60977806293588,0 -35.75637317155694,-9.606118040716607,0 -35.75959095306776,-9.60251591666621,0 -35.76045383450413,-9.603271322063296,0 -35.76002593236323,-9.603779824075314,0 -35.76163462909571,-9.605017071663172,0 -35.7610526984291,-9.60619123259179,0 -35.76131825251797,-9.606362310750852,0</coordinates></LineString></Placemark><Placemark><name>4003 - T.I Eustáquio gomes / Grand Jardim</name><styleUrl>#style_volta</styleUrl><LineString><tessellate>1</tessellate><coordinates>-35.77976206912165,-9.52254100617115,0 -35.77988827564136,-9.52232717963689,0 -35.77858951385532,-9.521624188354002,0 -35.77771182448001,-9.521156086444112,0 -35.77691031865012,-9.522628517509334,0 -35.77524165659861,-9.525736842643923,0 -35.77713614688312,-9.526683613173825,0 -35.77722432165881,-9.526814008169376,0 -35.77689351705358,-9.527448523854002,0 -35.77476182748924,-9.531413235548067,0 -35.77524146931164,-9.531681645639495,0 -35.77553162599558,-9.531579995720193,0 -35.77580522413113,-9.531561400125815,0 -35.77614961635424,-9.53194004262689,0 -35.77608170531936,-9.532136141053588,0 -35.77688568447188,-9.532543514696014,0 -35.77710915995448,-9.532437970536416,0 -35.77737980434547,-9.532449722213883,0 -35.77768124186147,-9.532739239041502,0 -35.77770088910415,-9.532993448264543,0 -35.77830144065248,-9.533300903019926,0 -35.77855890999803,-9.53343352694618,0 -35.77878707373019,-9.53327113083826,0 -35.7792278752834,-9.533397805754118,0 -35.77932385457217,-9.533800044949393,0 -35.78015821904727,-9.534264840579153,0 -35.78046790905477,-9.534097032124448,0 -35.78075516433117,-9.534192041362601,0 -35.78094661569224,-9.534523651109366,0 -35.78094217097164,-9.534715350717727,0 -35.78138249664497,-9.534957855248813,0 -35.78172222579155,-9.535154775082388,0 -35.78192621133758,-9.534994962237237,0 -35.78226814252196,-9.535070687141868,0 -35.78240295042525,-9.53532458010628,0 -35.78245233338986,-9.53548959775321,0 -35.78286766287753,-9.535738927099882,0 -35.78282912112063,-9.535821992921939,0 -35.78326916171117,-9.53605684594734,0 -35.78225996827615,-9.537785364691862,0 -35.78094933874146,-9.540184775487484,0 -35.78336860536725,-9.541367382924776,0 -35.78295686620738,-9.54214630319624,0 -35.78304754769359,-9.542235554709766,0 -35.78311906121601,-9.542220552625274,0</coordinates></LineString></Placemark><Placemark><name>0012 - Jose da Silva Peixoto / Centro</name><styleUrl>#style_volta</styleUrl><LineString><tessellate>1</tessellate><coordinates>-35.7252156373365,-9.641111774974945,0 -35.7250513383419,-9.640129058475171,0 -35.72420059621015,-9.640232353027569,0 -35.72412911775776,-9.640330834046187,0 -35.72361105921874,-9.640335290454416,0 -35.7199797022092,-9.640351900656437,0 -35.71955593730211,-9.63952154046501,0 -35.71950723435582,-9.63870547136834,0 -35.71951241845873,-9.638327309554976,0 -35.71935650948475,-9.637682261017206,0 -35.71821264449743,-9.637792414457872,0 -35.71780350245925,-9.638943037773533,0 -35.71764863092632,-9.639508163537421,0 -35.71790045174784,-9.64168655160173,0 -35.71901931760751,-9.643712690361658,0 -35.72120634620556,-9.643893081624674,0 -35.72246002883053,-9.644724345878432,0 -35.72350845688193,-9.645592849931504,0 -35.72452613461625,-9.647111692812837,0 -35.72511375278372,-9.647457539117301,0 -35.72567947127462,-9.647464156691695,0 -35.7266213733003,-9.647073123886495,0 -35.72670723955139,-9.645915710774148,0 -35.72637456363387,-9.645592610154896,0 -35.72616701272802,-9.6453419834364,0 -35.72621089488664,-9.645209312375046,0 -35.7263284239194,-9.645169375659925,0 -35.72659514813408,-9.645367066522054,0 -35.72673009428104,-9.645594169473519,0 -35.72675055868399,-9.64589502834469,0 -35.72663947360228,-9.647421505428113,0 -35.72709483008313,-9.647480409651012,0 -35.72755207137516,-9.647421868191739,0 -35.72978362483664,-9.648594205143535,0 -35.72965877369111,-9.652203302705791,0 -35.72977520580744,-9.652445561276771,0 -35.72990299627153,-9.652629525157893,0 -35.7300893307474,-9.652724285228118,0 -35.73308294769214,-9.652966695758638,0 -35.7334783292832,-9.658194949515808,0 -35.73306888670165,-9.65931653285577,0 -35.73316572546446,-9.659551671677582,0 -35.73337193813091,-9.659692050970463,0 -35.73463687868599,-9.66058576939389,0 -35.73582307213462,-9.661395581811073,0 -35.73620673988056,-9.661672982864463,0 -35.73748723543838,-9.662251188735294,0 -35.73702944785126,-9.66321713241638,0 -35.73768562124008,-9.663362254103458,0 -35.73851473998999,-9.661400537632407,0</coordinates></LineString></Placemark><Placemark><name>0004 - Rio Largo via Mata do Rolo</name><styleUrl>#style_volta</styleUrl><LineString><tessellate>1</tessellate><coordinates>-35.85758853927521,-9.485063702562668,0 -35.85760737199086,-9.4853576353413,0 -35.85738915743026,-9.485805651086624,0 -35.85646691498902,-9.486305402290894,0 -35.85465711656583,-9.487267388008673,0 -35.85447422271,-9.48738193154619,0 -35.85422762382274,-9.48749892069502,0 -35.85433999039112,-9.48762253718622,0 -35.8543996896028,-9.487697121450063,0 -35.85382602179109,-9.488260714984092,0 -35.85284231320583,-9.488902114454392,0 -35.85248768680531,-9.488386331524922,0 -35.85213680452323,-9.488609403356344,0 -35.85182223502375,-9.488142747116909,0 -35.85142843334631,-9.488299678754778,0 -35.85105690629372,-9.488404250954247,0 -35.85069002842221,-9.488063074064165,0 -35.85015595183305,-9.487159897084252,0 -35.84968495668808,-9.486971400451734,0 -35.84965256823551,-9.486783627180625,0 -35.84878858394777,-9.486826481561256,0 -35.84856016665589,-9.486691469148202,0 -35.84813813939488,-9.485374670582495,0 -35.84806322886845,-9.485029026906869,0 -35.84791688855787,-9.484978822469488,0 -35.84772126899695,-9.48504457033064,0 -35.84706939305646,-9.484641191944599,0 -35.84429295904476,-9.483111991247968,0 -35.84198869182247,-9.481809326802834,0 -35.84128513784131,-9.481396594492336,0 -35.84003722999647,-9.480070508979873,0 -35.83863250237316,-9.478709613445552,0 -35.83732414479179,-9.478021561042073,0 -35.83649982973074,-9.47773452012566,0 -35.835567621195,-9.47786515487305,0 -35.83431424152071,-9.478120262587543,0 -35.83347781141043,-9.477879651948232,0 -35.82897988526334,-9.476291206154555,0 -35.82711727511494,-9.475414285123623,0 -35.82576119890054,-9.474869386521311,0 -35.82433138098653,-9.47467672165606,0 -35.82223404211578,-9.4744331324326,0 -35.82190389512955,-9.474635077435261,0 -35.82146551980621,-9.475608496144238,0 -35.80825506580753,-9.507812066098273,0 -35.80125423089255,-9.522069554176232,0 -35.79408005269352,-9.535426903863259,0 -35.79190416798593,-9.53919343137562,0 -35.79115901985957,-9.540487714808158,0 -35.78885641140427,-9.544503846678838,0 -35.78479475436488,-9.542203248113944,0 -35.78458112985403,-9.542522422029716,0 -35.78334418308192,-9.541823443769916,0 -35.78313718855381,-9.542228775659453,0</coordinates></LineString></Placemark><Placemark><name>0900 - Cruz das Almas/UFAL (Via José Tenório)</name><styleUrl>#style_volta</styleUrl><LineString><tessellate>1</tessellate><coordinates>-35.77103637257297,-9.552026580027722,0 -35.77281010696569,-9.552909461191135,0 -35.77414846089881,-9.553653683359,0 -35.77857068458368,-9.555932841654899,0 -35.78162775675167,-9.55753128864112,0 -35.78093111104196,-9.558889903067678,0 -35.78079538703177,-9.559387454905407,0 -35.77976510663167,-9.561536115700878,0 -35.77818810402263,-9.564993841716294,0 -35.77800739773512,-9.565352281229657,0 -35.77788888163724,-9.565729111566556,0 -35.77799489867473,-9.565902258836138,0 -35.77788455969936,-9.566438646764546,0 -35.77751674827674,-9.566642902149832,0 -35.77709344537904,-9.567127526848601,0 -35.77642748973332,-9.567898954099523,0 -35.77378033296097,-9.57232413761821,0 -35.77204590921002,-9.57448907003665,0 -35.76923920335694,-9.578205525982616,0 -35.76487027326576,-9.584135891914766,0 -35.76066720386473,-9.589675852886867,0 -35.7597478320308,-9.590561772536216,0 -35.75526884236589,-9.59313497116251,0 -35.75251474306428,-9.594757425363493,0 -35.75170616695885,-9.595631501475617,0 -35.7511419238845,-9.596479333515756,0 -35.75037699357649,-9.598117843534931,0 -35.74823308314029,-9.601626194271505,0 -35.74732825433147,-9.602903124787966,0 -35.74544240682941,-9.60379856969002,0 -35.74354982719457,-9.60456166796729,0 -35.74237764352232,-9.605229108612585,0 -35.74165500011824,-9.605937576902909,0 -35.74108420154464,-9.606813372801652,0 -35.74068135875147,-9.607782434761372,0 -35.73991480057362,-9.613648998627633,0 -35.73996016313706,-9.613831380565472,0 -35.73977735198211,-9.615723683989941,0 -35.73965156386615,-9.615918911106053,0 -35.73937145553906,-9.61595342756691,0 -35.73965985908673,-9.612899297916623,0 -35.73984909865764,-9.611425477557907,0 -35.73996292183474,-9.61062586533184,0 -35.73999895995055,-9.610002745508465,0 -35.73990671957021,-9.60991757631482,0 -35.73926485073481,-9.609429899475138,0 -35.7376790573607,-9.608037595732778,0 -35.73532958871947,-9.605913709897665,0 -35.73298680209496,-9.604247003285826,0 -35.73266095677361,-9.603796841883796,0 -35.73191021517962,-9.603148918985422,0 -35.73104561908269,-9.602751441065728,0 -35.73195677945958,-9.601457607614313,0 -35.73085982488372,-9.60086010734105,0 -35.72941645994204,-9.60018557454614,0 -35.72930399601294,-9.600559865091117,0 -35.72926355584887,-9.600881924500314,0 -35.72929984903804,-9.601220280357442,0 -35.72939554970058,-9.601744338960883,0 -35.72938914877433,-9.601849315082166,0 -35.73060955096934,-9.602500462541991,0 -35.73109141172677,-9.602711667492072,0 -35.73013685474379,-9.604065171028642,0 -35.72968241977247,-9.604789678842065,0 -35.72973254169832,-9.605716980865541,0 -35.72996739092951,-9.608503949844662,0 -35.73027715947428,-9.610519997696302,0 -35.73027897791588,-9.610827569094859,0 -35.73016505428897,-9.611181224663715,0 -35.73038328745273,-9.611970939014551,0 -35.73082786323651,-9.61264113105428,0 -35.73116759062747,-9.612967233206897,0 -35.73130775751946,-9.613299774854028,0 -35.73133954118811,-9.614341892004942,0 -35.7326538425019,-9.615174744049039,0 -35.7326200965026,-9.615275522890354,0 -35.73255231427,-9.615350489908685,0 -35.73240152148718,-9.615273543720642,0 -35.73161476681676,-9.614649390740926,0 -35.73117866909431,-9.614438087031894,0 -35.73073091047925,-9.614308379202917,0 -35.72985942852461,-9.614091002131131,0 -35.72865065602922,-9.613141759490185,0 -35.72638380324022,-9.611149628142034,0 -35.7249084890282,-9.60980659920016,0 -35.72347585343511,-9.60822084646184,0 -35.72314158038107,-9.607457735737677,0 -35.72269534671806,-9.606000925882295,0 -35.72254317800601,-9.604991263804159,0 -35.71987784262492,-9.60492867024355,0 -35.71985107866402,-9.604166989655063,0 -35.72041747299149,-9.603444182454666,0 -35.72029981457403,-9.602986957948172,0 -35.71996986441351,-9.602429081703491,0 -35.71866619898059,-9.602394696586453,0 -35.71753630070662,-9.60243184468088,0 -35.71684881201458,-9.603319219103426,0 -35.71546511228496,-9.605537554996557,0 -35.71434869235111,-9.607371675682518,0 -35.71337099372865,-9.608419727506028,0 -35.7111862618594,-9.609703594487549,0 -35.71120013341824,-9.610150513373213,0 -35.7112375372309,-9.610632912547125,0 -35.71194829028706,-9.611162337937365,0 -35.71213638334857,-9.611597267712552,0 -35.71191082745108,-9.612147909151195,0 -35.711348621132,-9.61300425515931,0 -35.7110722203164,-9.613904252396976,0 -35.71115375885972,-9.614207071038393,0 -35.71106770358869,-9.614434718089328,0 -35.71069345536295,-9.614485624899597,0 -35.70947883238649,-9.614581253029547,0 -35.70800444637331,-9.614528706671113,0 -35.70644564161949,-9.614519377780573,0 -35.70535463998849,-9.614501031785336,0 -35.70482902200435,-9.61427010175635,0 -35.70431377333812,-9.613880532179682,0 -35.70415011091661,-9.613846772451506,0 -35.7040345557612,-9.614098552737651,0 -35.70377714372313,-9.61454309612778,0 -35.70306713504236,-9.614924895909612,0 -35.70288063890164,-9.615108450828357,0 -35.7029861851021,-9.615306317051804,0 -35.7031816916661,-9.615446182014526,0 -35.70319624180011,-9.615816683504217,0 -35.7030315542317,-9.616226773148128,0 -35.7031402136547,-9.616409972748349,0 -35.70356721638738,-9.616666502452718,0 -35.70359296023339,-9.616956987381261,0 -35.70277655235928,-9.616928527045529,0 -35.70260318363358,-9.616828753451895,0 -35.70240195327773,-9.615508027633355,0 -35.70220811653476,-9.614535589607573,0 -35.70214930694842,-9.613968409426116,0 -35.70207111495468,-9.61361977446861,0 -35.70169890178857,-9.613084407619613,0 -35.70129110218998,-9.612543093269458,0 -35.7013397023084,-9.612518902870935,0 -35.70183941835164,-9.613225786750782,0 -35.70211925648324,-9.613599314609113,0 -35.70221396543761,-9.613953231082746,0 -35.70223219247467,-9.61444331696374,0 -35.70235088478717,-9.615067244956007,0 -35.70247153846848,-9.615829156187532,0 -35.70265523716362,-9.616825790498135,0 -35.70296558581445,-9.616956616855015,0 -35.70349031165545,-9.616898924019845,0 -35.70417505624766,-9.617238109282997,0 -35.70635116970646,-9.618419445819523,0 -35.70661909496378,-9.618628185157823,0 -35.70696150279714,-9.619082334839645,0 -35.70718786201867,-9.619309304135374,0 -35.7077836968189,-9.619516209755018,0 -35.70821175684522,-9.619690726910868,0 -35.7086118496256,-9.619937151109761,0 -35.70953506706925,-9.62015235843221,0 -35.71013059472233,-9.620271469768493,0 -35.70968483160851,-9.620614000285856,0 -35.70945627613412,-9.62078934450947,0 -35.70965411722982,-9.621047311274486,0 -35.71136013453054,-9.623301588284237,0 -35.71324149086906,-9.62335397196098,0 -35.71512281390242,-9.623262538291533,0 -35.71596569536783,-9.623132470533683,0 -35.71614134772594,-9.623219637057598,0 -35.71619941457141,-9.62344042118136,0 -35.71155008257212,-9.623424298482375,0 -35.71148832096523,-9.625023740088771,0 -35.71066315336782,-9.625061907524607,0 -35.7103331977687,-9.625040095131517,0 -35.70999811577364,-9.624973525442135,0 -35.70978090859382,-9.62485828628518,0 -35.70956389894672,-9.62486006631439,0 -35.70925118214598,-9.624894084647162,0 -35.70870569347902,-9.624904142487889,0 -35.70815458245369,-9.625186708542369,0 -35.708233643079,-9.623501140536987,0 -35.705776158124,-9.623512552524813,0 -35.70530246310959,-9.623759619399936,0 -35.7047479866834,-9.624365467447083,0 -35.70448794892454,-9.624944846667518,0 -35.70404202879709,-9.625395352222112,0 -35.70336299972325,-9.625658502538059,0 -35.70146919427088,-9.625644845518917,0 -35.69736610185794,-9.625927301705286,0 -35.69709993051412,-9.626138253745449,0 -35.69719844031176,-9.626393071911147,0 -35.69742572760497,-9.626684393980645,0 -35.69797275788928,-9.62747217451003,0 -35.69831141340762,-9.628370440306032,0 -35.69911987093791,-9.62974541002257,0 -35.69819462510234,-9.629841153500134,0 -35.6967024664492,-9.629899352063024,0 -35.6967574405503,-9.630226903446225,0</coordinates></LineString></Placemark><Placemark><name>0024 - Gruta / Centro / Term. Rotary</name><styleUrl>#style_volta</styleUrl><LineString><tessellate>1</tessellate><coordinates>-35.7448231155069,-9.66496324157489,0 -35.7433988124174,-9.665244060350878,0 -35.74333437012125,-9.66609473202165,0 -35.74339328013401,-9.66654190524443,0 -35.74346397248039,-9.66712845694914,0 -35.74334615005478,-9.667540785771678,0 -35.74186748031703,-9.667058763766294,0 -35.73983504695295,-9.666582552298712,0 -35.73955816550315,-9.666524477173429,0 -35.73943445198312,-9.666605781075592,0 -35.73885123166258,-9.66646640009229,0 -35.73854489425234,-9.66622829224066,0 -35.73751394313552,-9.666896148402234,0 -35.73692483410677,-9.666698694251238,0 -35.73655957890695,-9.667651117155339,0 -35.73566412448099,-9.669643069917674,0 -35.73558151991917,-9.669780145214428,0 -35.73446785693505,-9.66973313387182,0 -35.73343005605144,-9.669669713040646,0 -35.73319626690069,-9.669440148813557,0 -35.73323755904152,-9.669216273628786,0 -35.73423543449699,-9.667710458086466,0 -35.73370909549286,-9.667494749373747,0 -35.73312361621544,-9.667086650170246,0 -35.73321608265924,-9.666841281690147,0 -35.73273640995217,-9.66685457384267,0 -35.72754210636397,-9.667137386863825,0 -35.72755864338119,-9.66770753536816,0 -35.72758428796556,-9.668668160425332,0 -35.72639287720052,-9.668583838018252,0 -35.72608127751445,-9.668475423280416,0 -35.72597130148375,-9.66835496269363,0 -35.72591631401428,-9.668174272037119,0 -35.72525034189366,-9.66837905302229,0 -35.72498151620286,-9.66712626144708,0 -35.72284075008217,-9.657527256984388,0 -35.71758568911767,-9.652657349875778,0 -35.71101953642104,-9.645660832535457,0 -35.71052248553172,-9.644984058900882,0 -35.70922682973772,-9.644995700432961,0 -35.70814191402072,-9.644977228216021,0 -35.7080575919789,-9.642756963668313,0 -35.70974472538298,-9.642594615667836,0 -35.70993124341425,-9.642355384770203,0 -35.70967886213842,-9.642048322700907,0 -35.70721467320644,-9.640594590943191,0 -35.70493332042434,-9.638720609551447,0 -35.7030519280339,-9.63623555233491,0 -35.70117110079158,-9.633341672287765,0 -35.69941234960805,-9.630405081251132,0 -35.6990561338489,-9.62979089581235,0 -35.69715897393359,-9.62677833842566,0 -35.69580229548459,-9.6268301449318,0 -35.69584946378905,-9.626183795877202,0 -35.69680641275411,-9.626121233775079,0 -35.69740660424799,-9.625765703892306,0 -35.69946980734134,-9.625745043315549,0 -35.7016581634598,-9.625617146635996,0 -35.70351493899231,-9.625594329654188,0 -35.70439292046224,-9.625051982514652,0 -35.705376513068,-9.623658191165974,0 -35.70655412807469,-9.623418776698564,0 -35.71257523692014,-9.623303891347728,0 -35.7157319094491,-9.623212979920163,0 -35.71619612240897,-9.622983827941752,0 -35.71577817714214,-9.622099494801915,0 -35.71411317562401,-9.61931640665575,0 -35.71303933772364,-9.617927072342447,0 -35.7128130317871,-9.617053835236533,0 -35.71292821257607,-9.61647317282004,0 -35.71355881866003,-9.61597628846203,0 -35.71701726481344,-9.615601809241353,0 -35.71750451434192,-9.615212686015672,0 -35.71801419515423,-9.61270851207146,0 -35.71838014590103,-9.611905564598576,0 -35.71985665056235,-9.610234741968709,0 -35.72145262373746,-9.60820083974604,0 -35.7220516357979,-9.607072479806721,0 -35.72240841509639,-9.605468748160272,0 -35.72241945509072,-9.605102914790622,0 -35.72226872448692,-9.604969889159722,0 -35.72211841017696,-9.604762986358107,0 -35.72209735412186,-9.60461385585261,0 -35.72222609936647,-9.604505584790035,0 -35.72251469797077,-9.604526655954512,0 -35.72261797527717,-9.604571084338058,0 -35.72260208620545,-9.60512588411548,0 -35.72257493076579,-9.60525707078439,0 -35.72265913948932,-9.605696250984282,0 -35.72280310487918,-9.606102995922251,0 -35.72324345320213,-9.607655954024192,0 -35.72389501587929,-9.608731606684989,0 -35.72450492142838,-9.609361341267855,0 -35.72625500837447,-9.611012965942047,0 -35.72975084208675,-9.614190301549662,0 -35.73116357223397,-9.614342053720552,0 -35.73206044564078,-9.614814417216966,0 -35.7329239512888,-9.61520908581812,0 -35.73345046761596,-9.615188961098411,0 -35.73382506810047,-9.614693220361783,0 -35.73411874196883,-9.614550676312513,0 -35.73778438975117,-9.615854629348854,0 -35.73729747910176,-9.617166354903338,0 -35.73872634954117,-9.617697713210845,0 -35.73785545182781,-9.623722980594806,0 -35.73201648631635,-9.622456740645582,0 -35.73192634616564,-9.62242207812442,0 -35.73205151856948,-9.621864513930056,0 -35.73191994582157,-9.621816659743516,0</coordinates></LineString></Placemark><Placemark><name>0501 - Vergel X São Jorge (Via Jacintinho)</name><styleUrl>#style_volta</styleUrl><LineString><tessellate>1</tessellate><coordinates>-35.7016583473352,-9.613028117476235,0 -35.70212888843862,-9.613631562072989,0 -35.7021991552413,-9.613907135132846,0 -35.70221478199243,-9.614194249021937,0 -35.70228045549385,-9.614674381101773,0 -35.70237377353397,-9.615382657203039,0 -35.702589253843,-9.616495776613336,0 -35.70266306670727,-9.61686425324939,0 -35.70277510955414,-9.616931601150538,0 -35.70315629784332,-9.6169240978515,0 -35.70344589900591,-9.616904449916447,0 -35.70357130140653,-9.616929107616656,0 -35.70366551995906,-9.6169781543007,0 -35.70383330462241,-9.617046271379095,0 -35.70416024768306,-9.61724290111479,0 -35.705330534491,-9.61788210904422,0 -35.706624902379,-9.61863669138637,0 -35.70702747322525,-9.61914510965741,0 -35.70718529360559,-9.619303818390852,0 -35.70801894040341,-9.619597854997629,0 -35.70857278360381,-9.619901004551574,0 -35.70906437180696,-9.62003211555896,0 -35.71010851215107,-9.620256908545734,0 -35.71143282145083,-9.619350224626386,0 -35.71304353735261,-9.61827647870185,0 -35.71304760947657,-9.618091805348453,0 -35.71298465204401,-9.61796009464156,0 -35.71300023513941,-9.617800048944765,0 -35.71283073175942,-9.616988003758836,0 -35.71284827136208,-9.616622842431404,0 -35.71306068017668,-9.61630179294113,0 -35.71342565942187,-9.616032654179513,0 -35.71395614871513,-9.615952917618875,0 -35.71808070686301,-9.615508272695143,0 -35.7185974128323,-9.615481212672215,0 -35.71890895212972,-9.615614120528841,0 -35.71921656807915,-9.615900565979594,0 -35.72030149125983,-9.617310166143175,0 -35.72154422343694,-9.618930967926522,0 -35.72424248347771,-9.622441767278707,0 -35.72437436658451,-9.62272169199104,0 -35.72422127654267,-9.62290351382756,0 -35.7237503319318,-9.62296339112333,0 -35.72043754397193,-9.623102080220425,0 -35.71795329623582,-9.623153841753691,0 -35.71740737291328,-9.623321258630357,0 -35.71678281259851,-9.623448882538934,0 -35.71652777002885,-9.623596397757499,0 -35.71654047465996,-9.623984559271669,0 -35.71696785060985,-9.625561279410174,0 -35.71710117186939,-9.626680910286053,0 -35.71695841700174,-9.628429280003813,0 -35.71642728328591,-9.629424402467714,0 -35.71575504945123,-9.630755463973424,0 -35.71537927920374,-9.631458428844718,0 -35.71544328444276,-9.632732140238133,0 -35.71587475340476,-9.634514231465827,0 -35.71810672957616,-9.634400176860487,0 -35.71815144019439,-9.63641525816605,0 -35.71825595702776,-9.636857972811825,0 -35.71833984934881,-9.637550399164105,0 -35.71813757264044,-9.638258743513875,0 -35.71772660165365,-9.639407077992763,0 -35.71780581069331,-9.640422565018065,0 -35.71808736026499,-9.642018267102072,0 -35.71900051817611,-9.643541380020082,0 -35.71950226469522,-9.645259053879862,0 -35.71979140176136,-9.646267867297656,0 -35.72003371997347,-9.648741215073464,0 -35.72025225374826,-9.649720192352751,0 -35.72178988123191,-9.651420884670157,0 -35.7230382728393,-9.653457972898295,0 -35.72608207802235,-9.658306797719451,0 -35.72611325165013,-9.658686063572093,0 -35.72574933037831,-9.659149564244192,0 -35.72592146068756,-9.659435172251879,0 -35.72752041753987,-9.660856784203363,0 -35.73413959191717,-9.665552201501852,0 -35.73815174817221,-9.667705381638955,0 -35.741858712579,-9.668584984732666,0 -35.74234495583122,-9.66881250976038,0 -35.7427426680717,-9.668550331975371,0 -35.74313695144001,-9.668000165524903,0 -35.74331579181102,-9.667003640734412,0 -35.74327873847835,-9.666278509548473,0 -35.74307193831948,-9.664429925791614,0 -35.74329563240451,-9.664206172613046,0 -35.74502915873288,-9.66333378279579,0 -35.74659812804621,-9.66258000793011,0 -35.74691577789392,-9.662514584628948,0 -35.74674956555407,-9.66226846683759,0 -35.74660670319015,-9.662001822382198,0 -35.7461297871012,-9.65944485941499,0 -35.74595577102781,-9.658837908114927,0 -35.74575079762571,-9.65883334207059,0 -35.7456271833201,-9.65869252325663,0 -35.74570541800254,-9.658516309267666,0 -35.74600774216371,-9.658175997159972,0 -35.74834695715818,-9.655768478086916,0 -35.74883583626217,-9.65576872089085,0 -35.74943748788951,-9.65591088411846,0 -35.75071819130972,-9.656386772619905,0 -35.75119409360579,-9.656334462642842,0 -35.75163253877099,-9.65589344077205,0 -35.75291656137048,-9.654528849335852,0 -35.75331064889922,-9.653754428625351,0 -35.75360127840766,-9.652186545199115,0 -35.75457049760053,-9.650799049965057,0 -35.75525690480983,-9.6500540999528,0 -35.75583638707674,-9.649820581982453,0 -35.7565287023398,-9.649661241311524,0 -35.75901793723301,-9.649275353629463,0 -35.75970303649461,-9.649438189100922,0 -35.76022735060867,-9.649723130908573,0 -35.76151634015697,-9.650821658448686,0 -35.76167838292677,-9.650950473115316,0 -35.76178042284216,-9.65079702199029,0 -35.76232021581628,-9.651403426613285,0 -35.76220484683896,-9.651567680680554,0 -35.7613567728318,-9.65085098889889,0 -35.76109105300177,-9.651093789790442,0 -35.76175159695446,-9.651643705021286,0 -35.76095831107472,-9.65257099702358,0</coordinates></LineString></Placemark><Placemark><name>0068 - Colina / Poço</name><styleUrl>#style_volta</styleUrl><LineString><tessellate>1</tessellate><coordinates>-35.74453616746067,-9.664374163740028,0 -35.74145859847648,-9.664568051601126,0 -35.74168823629401,-9.66258999729424,0 -35.73838884811168,-9.661646497207919,0 -35.73770041926616,-9.66340106129442,0 -35.7370035998653,-9.663177598375825,0 -35.73747374967505,-9.662275487762216,0 -35.73614726910699,-9.661646474081882,0 -35.73314812259654,-9.659602497354008,0 -35.73301379651494,-9.659337652959675,0 -35.73342027419102,-9.658327518207978,0 -35.73325239380276,-9.655770137569485,0 -35.7330581055657,-9.652347116398962,0 -35.73309020848028,-9.651359742824825,0 -35.7335296864721,-9.648993004078623,0 -35.73516203562795,-9.640981736646232,0 -35.73701091605358,-9.631413542916675,0 -35.73762734449634,-9.628391990455015,0 -35.73795345034131,-9.626806180495118,0 -35.73681654021537,-9.626400323581466,0 -35.7362079538081,-9.627792205099183,0 -35.73786190401586,-9.628484102984524,0 -35.7376201879497,-9.629590865841937,0 -35.74064365559729,-9.630720676600507,0 -35.74113202121669,-9.629517483484937,0 -35.7417222758043,-9.628433096514428,0 -35.74334568749334,-9.62635688857669,0 -35.74390412185951,-9.625585630584991,0 -35.74437938429239,-9.625412858269545,0 -35.74475958295579,-9.625487687667654,0 -35.74999608348152,-9.628148501043528,0 -35.75028574000883,-9.627506665209278,0 -35.75091766472698,-9.62791597470509,0 -35.75181918662157,-9.625594608944937,0 -35.75408732408718,-9.624554594524032,0 -35.75589630206725,-9.623601761337207,0 -35.75852934484401,-9.622141440251708,0 -35.76085768639675,-9.621321693854258,0 -35.76120645587381,-9.621402114077624,0 -35.76114613435876,-9.621530069702578,0 -35.76099242642322,-9.621549864587257,0 -35.760857963635,-9.621376009640265,0 -35.75605605138443,-9.623501205881261,0 -35.75561151585021,-9.622934956174301,0 -35.7544647656109,-9.623578836335305,0 -35.75251830427808,-9.624151742361462,0 -35.75247517246939,-9.62344115309114,0 -35.75265509973327,-9.62275556384396,0 -35.75394977947166,-9.622015090849539,0 -35.75797857325391,-9.620679145646648,0 -35.76037953057406,-9.619474810197913,0 -35.76236900433104,-9.617993986139403,0 -35.76456237457937,-9.615354280490662,0 -35.76849952396844,-9.610371034962787,0 -35.77100379419728,-9.599068110261879,0 -35.77173405288029,-9.59525342362259,0 -35.7722532844335,-9.593913783910816,0 -35.77323465072568,-9.592758892072927,0 -35.77440009665484,-9.592027251704335,0 -35.77561161330166,-9.590382373556409,0 -35.77693875137058,-9.58861616230403,0 -35.77558615902436,-9.587091537420061,0 -35.77455493058014,-9.585755263283197,0 -35.77522512735197,-9.585402238092291,0</coordinates></LineString></Placemark><Placemark><name>0221 - Saúde / Cruz das Almas</name><styleUrl>#style_volta</styleUrl><LineString><tessellate>1</tessellate><coordinates>-35.62325020719737,-9.528331293551185,0 -35.62019125073837,-9.530931735262751,0 -35.61807235753538,-9.531634964077513,0 -35.61585108757869,-9.532202316514535,0 -35.61552481230626,-9.532485087857685,0 -35.6166948665931,-9.533059027326377,0 -35.61732245797116,-9.533750426606765,0 -35.61798442883208,-9.535193898116539,0 -35.62177562724727,-9.54351687204976,0 -35.62230068994518,-9.544329838981648,0 -35.62365360951739,-9.545236077610255,0 -35.62605826703602,-9.546292513130958,0 -35.62978532365149,-9.548577044699128,0 -35.63159576405758,-9.549944509222401,0 -35.63445147047501,-9.552210915248317,0 -35.63685699664101,-9.554025870267251,0 -35.63921640010384,-9.556588937547088,0 -35.64144512827068,-9.558664112912448,0 -35.64376179338968,-9.56144683693325,0 -35.64537239811091,-9.56334086191213,0 -35.65071496845259,-9.567230444333818,0 -35.65365300941747,-9.570681868241165,0 -35.65550763598309,-9.573530003056764,0 -35.65639384724771,-9.575682986977899,0 -35.65690370352097,-9.578091344062427,0 -35.65775600648117,-9.579620477044461,0 -35.65859525385662,-9.580368396888595,0 -35.66048222581409,-9.581968217806656,0 -35.66241613995111,-9.584233465675176,0 -35.66407231603735,-9.585217172303713,0 -35.66673188438245,-9.586280282695489,0 -35.6677796332689,-9.586760718107247,0 -35.67040347760051,-9.589568251179324,0 -35.67326979840946,-9.5923884919168,0 -35.6744089906976,-9.593602239234425,0 -35.67527031246441,-9.594817365800944,0 -35.67676471711165,-9.59708374014347,0 -35.67864645951353,-9.599328623833362,0 -35.67999574303886,-9.601090102822171,0 -35.68046708859401,-9.602170164871822,0 -35.6815415111486,-9.604054075532021,0 -35.6822650521778,-9.605648957657953,0 -35.68299406924082,-9.606597990206536,0 -35.68450610479139,-9.608309894524965,0 -35.68558461201611,-9.60916753985508,0 -35.6866776124801,-9.610504832564425,0 -35.68760071949617,-9.61145427456324,0 -35.6884824842513,-9.612671303754032,0 -35.68923833179748,-9.614136725823883,0 -35.68988179320439,-9.614953659328643,0 -35.69051378729701,-9.615597857814585,0 -35.69215724544386,-9.618138673460246,0 -35.69441085572947,-9.621159344141212,0 -35.69531814866374,-9.622660308840093,0 -35.6963215271504,-9.624767791684857,0 -35.69726375151653,-9.626508266088988,0 -35.69800714135931,-9.627558305657105,0 -35.69848686378409,-9.628740826767105,0 -35.69912744714361,-9.629693303085332,0 -35.69834213090483,-9.629865540549304,0 -35.69671716090632,-9.629887680726,0 -35.69673127762585,-9.630196006368731,0</coordinates></LineString></Placemark><Placemark><name>4011 - Salvador Lyra / T.I. Benedito Bentes (via Recantos)</name><styleUrl>#style_volta</styleUrl><LineString><tessellate>1</tessellate><coordinates>-35.72622844298185,-9.549567087966096,0 -35.72584102726807,-9.54993497520996,0 -35.72633838239932,-9.55015565230874,0 -35.72658591663854,-9.550495647780702,0 -35.72659045519399,-9.549679245143201,0 -35.72738038227978,-9.548925056587493,0 -35.72774224568261,-9.548576649526208,0 -35.72806520735032,-9.548892436305294,0 -35.72942335862474,-9.54750776292118,0 -35.73008385128755,-9.546892906024361,0 -35.73180523084411,-9.548562507836415,0 -35.73362151694366,-9.550311222700033,0 -35.73368569710838,-9.550381887938304,0 -35.73399384948269,-9.549682680187058,0 -35.73462772971494,-9.548474358214786,0 -35.73521647062708,-9.547202734413256,0 -35.73642181906281,-9.544945826880422,0 -35.73729737357676,-9.543310570314917,0 -35.73873640500105,-9.540428448387837,0 -35.74014615240089,-9.53789986652251,0 -35.74267932595251,-9.533114494079793,0 -35.74594693439454,-9.532895373322644,0 -35.74507635770735,-9.534545861016472,0 -35.74306370306941,-9.538597685907229,0 -35.73857911022117,-9.547106594061235,0 -35.73724215014344,-9.54993409062816,0 -35.73708635445485,-9.549649411756514,0 -35.73729684144239,-9.549189637201192,0 -35.73846308729973,-9.546876967345858,0 -35.73939280125303,-9.54733442416936,0 -35.74218207954509,-9.548700199172059,0 -35.74133925787578,-9.55034350622998,0 -35.73931665793913,-9.554218511177995,0 -35.73857868559865,-9.55505919792514,0 -35.74052740068011,-9.556899619931835,0 -35.74223090176859,-9.558514165926079,0 -35.74472900727123,-9.560924239775504,0 -35.74524412742466,-9.56124927172111,0 -35.7455956937365,-9.561707498251254,0 -35.7458800654394,-9.56207123716615,0 -35.74572486358451,-9.562453538336095,0 -35.74601658540114,-9.563273221543177,0 -35.74614043987366,-9.563447041621442,0 -35.74658324977138,-9.562998406424127,0 -35.74669795127764,-9.563630350738935,0 -35.74721771836503,-9.563502432093788,0</coordinates></LineString></Placemark><Placemark><name>0502 - Vergel X São Jorge ( Via Farol)</name><styleUrl>#style_volta</styleUrl><LineString><tessellate>1</tessellate><coordinates>-35.70158644342692,-9.612903556477823,0 -35.70215707883087,-9.613715997875282,0 -35.70221956044968,-9.6144813489781,0 -35.70246605218751,-9.616086997083054,0 -35.70261343904472,-9.616851542622022,0 -35.70272858365821,-9.616950385814572,0 -35.70341373625982,-9.616941625115814,0 -35.70395033137735,-9.617095268375527,0 -35.70539689362958,-9.617932469320076,0 -35.70653143657802,-9.618572878058629,0 -35.70711423617279,-9.619265807621197,0 -35.70787775023222,-9.61958880186687,0 -35.70906283091655,-9.62008371809894,0 -35.71011863910752,-9.620302896375543,0 -35.71233045652924,-9.61877911052993,0 -35.71303923127084,-9.61828028179663,0 -35.71304593106962,-9.6180905079021,0 -35.71301142539959,-9.617788760604762,0 -35.71278407637055,-9.616828565497174,0 -35.71300668970182,-9.616284630340656,0 -35.71346254366386,-9.616013718934163,0 -35.71783341826725,-9.615396184227098,0 -35.7187782438179,-9.615482891459862,0 -35.71950204709788,-9.616235292792433,0 -35.72443993615583,-9.622675168991126,0 -35.72582607774055,-9.623676918543884,0 -35.72701619467038,-9.623944467447378,0 -35.72828854871028,-9.6243589657922,0 -35.72950251151737,-9.624893376457738,0 -35.72986390078053,-9.624164447019078,0 -35.73080726294371,-9.621966388092288,0 -35.73190551575239,-9.622400608062614,0 -35.73208961277279,-9.621976259669408,0 -35.73152950219489,-9.621857897863729,0 -35.73137722258301,-9.622241698218923,0 -35.73080873816028,-9.622027103996942,0 -35.73036538505854,-9.623133505744718,0 -35.72959167439691,-9.624912249223208,0 -35.73144868970315,-9.625726613913724,0 -35.7379142632096,-9.628522174799134,0 -35.73732755343185,-9.63120541906514,0 -35.73646171723274,-9.63547221914925,0 -35.73541519547996,-9.641052485697264,0 -35.73401517680687,-9.647677839329576,0 -35.73338263290854,-9.650583335718213,0 -35.73373298411232,-9.651249339484249,0 -35.73378014865007,-9.653366940775761,0 -35.73495440835421,-9.655834640356966,0 -35.73493259795431,-9.65788880752141,0 -35.7353018525031,-9.656488040669425,0 -35.73623353194291,-9.658426267356692,0 -35.73673504900931,-9.659127979344165,0 -35.73890252801539,-9.660447211609288,0 -35.74291270752276,-9.661690311247462,0 -35.74571775565126,-9.662552363808599,0 -35.74642022824084,-9.662637408546766,0 -35.74692617730427,-9.662531573362664,0 -35.74676543523714,-9.662225438888028,0 -35.74657292069136,-9.661832256621384,0 -35.74645938121634,-9.661140543623972,0 -35.7459727026293,-9.65883036531124,0 -35.74584550555506,-9.658833227268158,0 -35.74569057791889,-9.658742182730405,0 -35.74566987135416,-9.658615393271745,0 -35.74581461833841,-9.658449982525143,0 -35.74595911230437,-9.658268530163875,0 -35.746629306664,-9.657569465171065,0 -35.74762015983283,-9.6565457901021,0 -35.74834587702655,-9.655768394603736,0 -35.74865005603537,-9.655785783716317,0 -35.7491461532837,-9.655793334803779,0 -35.74965010028171,-9.6560095545114,0 -35.75062805998412,-9.656403407826804,0 -35.75095121543935,-9.656400753648592,0 -35.75137490754781,-9.656266665026138,0 -35.75249189714861,-9.655073124245387,0 -35.75313793092371,-9.654240197860307,0 -35.75383955243294,-9.65165957675902,0 -35.7550490508703,-9.650304368748353,0 -35.7559619070973,-9.649741629783286,0 -35.75910347360359,-9.6492544694151,0 -35.75963709196651,-9.649484158993607,0 -35.76069734320932,-9.650106484710111,0 -35.76190517023267,-9.650982378185667,0 -35.76235290499132,-9.651442762240215,0 -35.76216488500762,-9.65151172809283,0 -35.76135983853398,-9.65070803767224,0 -35.76109572829876,-9.651142541650353,0 -35.76139112838752,-9.651385322870869,0 -35.76087165473906,-9.65214139192047,0 -35.76059582614249,-9.652531237438671,0 -35.76079398420379,-9.652679700878926,0 -35.76101646098358,-9.65257952720387,0</coordinates></LineString></Placemark><Placemark><name>0105 - Salvador Lyra / Trapiche ( Via Jardim Petrópolis)</name><styleUrl>#style_volta</styleUrl><LineString><tessellate>1</tessellate><coordinates>-35.76147388438889,-9.674102907942942,0 -35.76205775337796,-9.673631575682737,0 -35.76271058861999,-9.673540929319067,0 -35.76305079361313,-9.673540936891511,0 -35.76304159891333,-9.673377784538223,0 -35.76272846557898,-9.673155793986536,0 -35.76258003028106,-9.673150529833238,0 -35.7620249713229,-9.672958347737145,0 -35.76056251214929,-9.672534543912015,0 -35.75684253497906,-9.671435805026679,0 -35.75720838753654,-9.670064533715728,0 -35.75746817460692,-9.668973246394714,0 -35.75774829185619,-9.667583954545142,0 -35.75779685484045,-9.666599497086189,0 -35.75773226393398,-9.665358312853108,0 -35.75767654304642,-9.663661940377741,0 -35.75709060308864,-9.662159787947239,0 -35.75607824987907,-9.660715439543406,0 -35.75465484646296,-9.658870062603604,0 -35.75436858830685,-9.658483065994016,0 -35.75378532850776,-9.658804996069994,0 -35.75320747749757,-9.659118609301347,0 -35.7522464521228,-9.659697259525837,0 -35.75109619331221,-9.660263920107178,0 -35.748617621419,-9.661670674820039,0 -35.74949596688156,-9.663088250006474,0 -35.74985319039317,-9.66400202148918,0 -35.74792435957027,-9.664098964943557,0 -35.74216079469351,-9.66451343846271,0 -35.74149393335755,-9.664522948188434,0 -35.74170524845277,-9.662531630422656,0 -35.7392329514515,-9.661879320251996,0 -35.73839733449157,-9.661636505424276,0 -35.73802904748927,-9.662568739845282,0 -35.7376857141005,-9.663374197029574,0 -35.73692369628071,-9.663187747958949,0 -35.7375092735899,-9.662214169872888,0 -35.73561288934473,-9.661281548420435,0 -35.73312864654194,-9.659585290401807,0 -35.73309609565149,-9.659228949329663,0 -35.73339618623856,-9.658370681210924,0 -35.73340442151854,-9.657550825114809,0 -35.73314731203102,-9.654135766348253,0 -35.73306491978968,-9.651459407892302,0 -35.73350625019756,-9.649126517901273,0 -35.73435948550156,-9.645014734792966,0 -35.73516568752328,-9.640806986123385,0 -35.73592278637872,-9.636979548250885,0 -35.73686794057881,-9.6324901636186,0 -35.73770666150521,-9.628221045533834,0 -35.73941087620314,-9.61719232558076,0 -35.74050988599799,-9.60772921360037,0 -35.74167202497078,-9.60549983341791,0 -35.74317186239747,-9.60442684289294,0 -35.74643839914887,-9.60342740192169,0 -35.74744022328353,-9.602783590429597,0 -35.74947569411984,-9.599316986264833,0 -35.75139399422895,-9.595665690923529,0 -35.75118504544235,-9.595479498845586,0 -35.75005112238676,-9.59454364918807,0 -35.74976114681031,-9.594439445237242,0 -35.7484430193094,-9.594306127586188,0 -35.74738710950567,-9.594240405374205,0 -35.74646874436608,-9.593702540185534,0 -35.74568579385588,-9.593219987859133,0 -35.74557931171243,-9.593044218028881,0 -35.74580415804392,-9.59258694572895,0 -35.74616881998503,-9.591147274787682,0 -35.74614605151709,-9.590729869052636,0 -35.7453905203385,-9.590072681772243,0 -35.74445898570042,-9.58934378144071,0 -35.74438345857784,-9.589182492406962,0 -35.74416687915959,-9.58904614629184,0 -35.74399703994987,-9.589059483343764,0 -35.74387766632247,-9.58914525603133,0 -35.74383109293296,-9.589376827260995,0 -35.7439603892384,-9.589553251010075,0 -35.74420798573551,-9.589598695039284,0 -35.74438373734921,-9.58942328812571,0 -35.74440382319494,-9.589338398336725,0 -35.744571955434,-9.589457734396518,0 -35.74526242996621,-9.590035182844227,0 -35.74612459377036,-9.5907807272933,0 -35.74620908678533,-9.591036160074115,0 -35.74609994912607,-9.591587095913352,0 -35.74588932699601,-9.592457596403252,0 -35.74556654671295,-9.592978753412808,0 -35.74561811600644,-9.593238493761596,0 -35.74636004264445,-9.593685332974216,0 -35.74730307599273,-9.594259261498298,0 -35.74814162253534,-9.594346415187637,0 -35.74910315559313,-9.59433983558641,0 -35.74951198890655,-9.594431090074663,0 -35.75003451762289,-9.594473050053129,0 -35.75010995080441,-9.594549313036351,0 -35.750788058161,-9.59518700233382,0 -35.75138105530691,-9.595566364813298,0 -35.75167137451278,-9.59521960618022,0 -35.75184991034535,-9.595121515851696,0 -35.75224949776723,-9.594790246588532,0 -35.75342360402819,-9.594025539995558,0 -35.75199543784322,-9.594912251989985,0 -35.75214971728639,-9.59471380796803,0 -35.7527726732777,-9.594241146134207,0 -35.75481982697215,-9.593051503524878,0 -35.75526938161261,-9.59277650159098,0 -35.75496991202301,-9.59229683157503,0 -35.75409555543322,-9.590806349092857,0 -35.75377073392298,-9.590345552989433,0 -35.75320921519969,-9.589454741673114,0 -35.75238836088579,-9.588180977642619,0 -35.75192804603027,-9.587682318661122,0 -35.75190336591339,-9.587598477697972,0 -35.75197677658343,-9.587416726274558,0 -35.7520967033978,-9.587375184968487,0 -35.75229621666566,-9.5878180588504,0 -35.7529735276146,-9.588863932375672,0 -35.75350077158909,-9.589714983525289,0 -35.75402991108903,-9.590603930041311,0 -35.7541394302871,-9.590786097254664,0 -35.75492231537685,-9.59227580067531,0 -35.7553759813885,-9.592863770620767,0 -35.75591553111533,-9.592596089847651,0 -35.7600159924437,-9.590175956397132,0 -35.76180180295138,-9.58785570300664,0 -35.76379382732242,-9.58529517062032,0 -35.76260603245514,-9.584312566633306,0 -35.75941985074476,-9.582091450478236,0 -35.75779422496861,-9.580852743785536,0 -35.75530898824049,-9.579494995131395,0 -35.75122216819799,-9.577361703545215,0 -35.74973911228724,-9.576629023413217,0 -35.74937624659976,-9.575698889028146,0 -35.74956588395045,-9.574802072667175,0 -35.74787889618266,-9.574396669751648,0 -35.74687978078185,-9.574184542025066,0 -35.7465659817514,-9.57453369422266,0 -35.74615978438245,-9.574416628324794,0 -35.7406485336638,-9.573093417090675,0 -35.73978195914569,-9.572948573735086,0 -35.74053433784458,-9.572135593380233,0 -35.74214769497524,-9.570145241083983,0 -35.7432990021714,-9.56820664389999,0 -35.74469103620245,-9.564889444743953,0 -35.74551138021835,-9.562835591292172,0 -35.74550952429944,-9.562253648404024,0 -35.74555167881346,-9.561981509135975,0 -35.74575281587803,-9.561890035000136,0 -35.74589399256161,-9.56202682158435,0 -35.74574095953948,-9.562457594949539,0 -35.74613055020119,-9.563401895091422,0 -35.74657384977653,-9.56294705361884,0 -35.74674349867202,-9.563447073202449,0 -35.7470251239142,-9.56330779812734,0</coordinates></LineString></Placemark><Placemark><name>0403 - Trapiche / Ouro Preto</name><styleUrl>#style_volta</styleUrl><LineString><tessellate>1</tessellate><coordinates>-35.72930977045451,-9.600471205561716,0 -35.72938503937309,-9.60182740254611,0 -35.73122813384433,-9.602811497729217,0 -35.73379760858767,-9.604803919838352,0 -35.73480371565128,-9.605542744959346,0 -35.7352475637668,-9.604966849644518,0 -35.73417040839756,-9.604060217695963,0 -35.73523561122174,-9.602854341870078,0 -35.73772091067853,-9.604947093697353,0 -35.73985091139962,-9.606693151523036,0 -35.73834638812779,-9.608569653104889,0 -35.74029566212941,-9.610163714988802,0 -35.73973834010784,-9.615083319292982,0 -35.73950638709628,-9.617441162278281,0 -35.73913237942827,-9.620320511874123,0 -35.73842567867649,-9.625475123434983,0 -35.73726758566616,-9.631575593001743,0 -35.73580791561145,-9.638755469610027,0 -35.73344199931357,-9.650301726145871,0 -35.7338007976409,-9.651200035098443,0 -35.73385156688746,-9.653411634798713,0 -35.73501883206353,-9.655990880497619,0 -35.7364851443503,-9.659027402267698,0 -35.73873614937646,-9.66040001805205,0 -35.74272067866244,-9.661622016749565,0 -35.74621028806282,-9.662679108662447,0 -35.74696240554247,-9.662540594501635,0 -35.74660304090527,-9.661943026110496,0 -35.74631396260796,-9.660238983083081,0 -35.74612715203446,-9.659438873463072,0 -35.74595735020669,-9.658621321547098,0 -35.74589874967349,-9.658440546364018,0 -35.74567388855082,-9.658583130626953,0 -35.74572063863847,-9.6588201542522,0 -35.74590901354252,-9.658956243919473,0 -35.74619267988444,-9.660408300060887,0 -35.74662294071869,-9.662574668778788,0 -35.74734233341777,-9.66237618328456,0 -35.7506033142395,-9.660548502948094,0 -35.75149363259619,-9.66080541806576,0 -35.75396478191909,-9.661441645981107,0 -35.75594105638592,-9.660462260096065,0 -35.75810308542717,-9.659323136504566,0 -35.75829781520449,-9.661239525668012,0 -35.75852753037155,-9.663189990487874,0 -35.76113525123147,-9.662985936510765,0 -35.76181483808148,-9.662994685636837,0 -35.76156383129531,-9.660196139805352,0 -35.76051496341332,-9.657776060469402,0 -35.76541529056485,-9.655754902848795,0 -35.76598435109845,-9.658150580275212,0 -35.76592870891929,-9.659859754066863,0 -35.76438364658843,-9.663878482635685,0 -35.76398947915639,-9.665594993962271,0 -35.76479111942008,-9.670176902163664,0 -35.76527468189565,-9.673504037681464,0 -35.76500814614913,-9.67380950849978,0 -35.76304598010931,-9.673444664303538,0 -35.76198760768111,-9.67290478387253,0 -35.76148585942983,-9.672795790006344,0 -35.76082439230336,-9.674743003231637,0 -35.76104523648516,-9.674754462161745,0 -35.76143637319703,-9.674105057424502,0</coordinates></LineString></Placemark><Placemark><name>0033 Jose Tenorio / Centro</name><styleUrl>#style_volta</styleUrl><LineString><tessellate>1</tessellate><coordinates>-35.73848153538162,-9.661489961555525,0 -35.73769716857407,-9.663350216844838,0 -35.73699812188893,-9.663198737503206,0 -35.73745677382968,-9.662274519231032,0 -35.73573373744775,-9.66141144134471,0 -35.73424748660003,-9.660418326653033,0 -35.73313917338992,-9.659544351970103,0 -35.7331787550925,-9.65912544345184,0 -35.73345567097442,-9.658082050905417,0 -35.73338903563263,-9.657628231714936,0 -35.73313932826787,-9.6539236551153,0 -35.73301681536009,-9.651460747935685,0 -35.73380093939581,-9.647985089562754,0 -35.73676446527807,-9.633149076334828,0 -35.73796819697504,-9.626875270413626,0 -35.73699839451799,-9.626444960463607,0 -35.73678511640086,-9.626383008319433,0 -35.73617246486586,-9.627931807951281,0 -35.7294385339932,-9.624991151706713,0 -35.7308382878516,-9.622099137227615,0 -35.73198086632361,-9.622452580534764,0 -35.73207712825207,-9.621874426032297,0 -35.73163401055948,-9.621700813623985,0 -35.73141423222955,-9.622203131367861,0 -35.73081809349971,-9.621951844077065,0 -35.72931864422725,-9.625012898059795,0 -35.72753705592029,-9.624152369780875,0 -35.7249200645039,-9.62323011726851,0 -35.72363108671589,-9.623003853850435,0 -35.71840810985892,-9.62314610488922,0 -35.7173354205311,-9.623096154241807,0 -35.71642452350863,-9.623135703190277,0 -35.71611718603526,-9.622724697621852,0 -35.71473344856517,-9.62017738179099,0 -35.71288147678538,-9.617358917106143,0 -35.71300126807843,-9.616343674822462,0 -35.71437934246958,-9.615889379326036,0 -35.71724953930941,-9.61547155811465,0 -35.71784739009512,-9.613419012182,0 -35.71858052736864,-9.611673142018432,0 -35.72138724974716,-9.608370574465242,0 -35.72221089173242,-9.606980664859174,0 -35.72245327020481,-9.605082290032623,0 -35.71989958979255,-9.60490374017882,0 -35.71987570801921,-9.604044623794096,0 -35.72024564153151,-9.603660468681165,0 -35.72041705433401,-9.603418079589357,0 -35.71982172721334,-9.602424961933842,0 -35.71928918642995,-9.602381313491819,0 -35.7190401260432,-9.602970800139648,0 -35.71883256740588,-9.603079025879529,0 -35.71712318409701,-9.602952226957328,0 -35.71423080240377,-9.607469476614035,0 -35.71253720038818,-9.609036983098878,0 -35.71100719575157,-9.609778841280257,0 -35.71003597926995,-9.610148119534777,0 -35.7094617028837,-9.609882001477988,0</coordinates></LineString></Placemark><Placemark><name>0610 - Terminal Cruz das Almas X Ouro Preto</name><styleUrl>#style_volta</styleUrl><LineString><tessellate>1</tessellate><coordinates>-35.73129572037322,-9.613837435913105,0 -35.73125678047099,-9.613138110845751,0 -35.73110608689386,-9.612874962129869,0 -35.73064751492473,-9.612416647223103,0 -35.73032253576581,-9.611776470352556,0 -35.73016032355737,-9.611209750079658,0 -35.73025240341441,-9.610825431965031,0 -35.73023998027288,-9.61044428814842,0 -35.7298946124352,-9.607500041113564,0 -35.72966604433032,-9.604829984506063,0 -35.73059521246297,-9.60335479734037,0 -35.73199695477519,-9.601402529074868,0 -35.73067400182163,-9.60078268942066,0 -35.72942889341001,-9.60016940266896,0 -35.72926784708584,-9.60068934321077,0 -35.72938893873534,-9.601836509099998,0 -35.73189570890403,-9.603152769442971,0 -35.73357510414976,-9.604638252436056,0 -35.73596414709063,-9.606587637222063,0 -35.74031136203582,-9.610257648713734,0 -35.74009423614931,-9.612038570750302,0 -35.73981846429724,-9.614365694005931,0 -35.73940513928262,-9.618382762020042,0 -35.73843659234381,-9.62552751999966,0 -35.73718334875338,-9.631706204627577,0 -35.73609866442599,-9.637410690573313,0 -35.73494103064603,-9.643096153906464,0 -35.73390545876971,-9.648236834368609,0 -35.7334685163615,-9.65049135021569,0 -35.73379899322562,-9.651383703298418,0 -35.73381256811978,-9.65324348115474,0 -35.73486223758566,-9.655765936929072,0 -35.73585319984113,-9.658053435544192,0 -35.7348360889738,-9.65849290529881,0 -35.73419845959042,-9.660368124882126,0 -35.73299251906774,-9.659643930519497,0 -35.73202446653168,-9.660790152932586,0 -35.73118405750537,-9.660771148203754,0 -35.73018558759414,-9.659743087133927,0 -35.72930642046026,-9.659850747622846,0 -35.72854650240691,-9.66125728512708,0 -35.7285264370275,-9.661711298374993,0 -35.72846926401277,-9.662413487703704,0 -35.72817087178959,-9.66266495824758,0 -35.72801771760281,-9.663306076865867,0 -35.72766726847074,-9.66505806528337,0 -35.72754535681813,-9.665858479567394,0 -35.72755291676913,-9.667210201869482,0 -35.72362434872672,-9.667346936621072,0 -35.72141259154178,-9.667605040837092,0 -35.72025629780523,-9.668732468893438,0 -35.71993880558712,-9.669917343536904,0 -35.71997766118751,-9.673150652787504,0 -35.71941794026182,-9.673507716860373,0 -35.71869311973795,-9.673429984703352,0 -35.71795882833171,-9.672230540390517,0 -35.71554472570101,-9.669024710622976,0 -35.71319959607273,-9.666390958112407,0 -35.71097999239984,-9.664135300837774,0 -35.70844167215712,-9.66288457018964,0 -35.70572656041799,-9.661966028666539,0 -35.70290506641212,-9.662106095000826,0 -35.69889951089922,-9.662694851992256,0 -35.69586559393352,-9.663633074201439,0 -35.69570567914572,-9.66353826376526,0 -35.69694235887872,-9.661239991199905,0 -35.69820518780407,-9.658843005311052,0 -35.69863765153073,-9.654807856282444,0 -35.69885521885377,-9.654061465435786,0 -35.70523531580827,-9.654062019262865,0 -35.70516518178744,-9.651108648830238,0 -35.71579421008321,-9.651067232959848,0 -35.71029476621852,-9.64498194765858,0 -35.70814234632778,-9.644977335415374,0 -35.70800914904319,-9.642725686773526,0 -35.70992014175191,-9.642528776202195,0 -35.70986095750649,-9.64217639173806,0 -35.70679489837925,-9.640268821444828,0 -35.70469144284748,-9.6384943076122,0 -35.70118064032571,-9.633317014076303,0 -35.69776139753241,-9.62736105965645,0 -35.697241606906,-9.626654871174773,0 -35.6945648190521,-9.626882602522914,0 -35.69597809282836,-9.630587237995682,0 -35.69722769753223,-9.630551062438146,0 -35.69722266623005,-9.630073027092008,0</coordinates></LineString></Placemark><Placemark><name>0404 - Trapiche / Novo Mundo</name><styleUrl>#style_volta</styleUrl><LineString><tessellate>1</tessellate><coordinates>-35.72618591098514,-9.621493942519312,0 -35.72605342349016,-9.621490992950779,0 -35.72599091026004,-9.620941411535695,0 -35.72573338023367,-9.620208552178472,0 -35.72538790398811,-9.619368621912535,0 -35.72466910862763,-9.617237780822059,0 -35.72431891812192,-9.615874011387923,0 -35.72452996030528,-9.614219218408698,0 -35.72728337150181,-9.614148400116775,0 -35.72966358893522,-9.61412859505837,0 -35.72969309836478,-9.613993190956347,0 -35.72929823012176,-9.613617914685095,0 -35.72731845523808,-9.611960404187224,0 -35.72425542483198,-9.609078886538452,0 -35.72347442609787,-9.608145693129195,0 -35.72270376765768,-9.60589535920496,0 -35.7225808403457,-9.605667560346964,0 -35.72247947311242,-9.605664779369429,0 -35.72226369987074,-9.606800549693855,0 -35.72159316629465,-9.608193650413275,0 -35.72075050143498,-9.60934672219979,0 -35.71860755032189,-9.61185903723035,0 -35.71813480999865,-9.612718770146008,0 -35.71763846091115,-9.614919437511984,0 -35.71754458324757,-9.615317349619376,0 -35.7177842890113,-9.615515500581182,0 -35.71861853387604,-9.615489839853229,0 -35.72186856333954,-9.61940873881977,0 -35.72427250704656,-9.622528951234697,0 -35.72371595173709,-9.623092951067758,0 -35.72160917090017,-9.62307410394815,0 -35.71721734280607,-9.623279356504083,0 -35.71653313957776,-9.623580451402269,0 -35.71699780475753,-9.625709113939534,0 -35.71713695380053,-9.626311109698356,0 -35.71674587434777,-9.62897175670549,0 -35.71547903147998,-9.631312629615682,0 -35.71558338793658,-9.633374259221306,0 -35.71592140159147,-9.634640969445268,0 -35.71806071743224,-9.634416657638118,0 -35.71811538017123,-9.636292999876398,0 -35.71826111634366,-9.63769627758393,0 -35.71760254521741,-9.639569528179127,0 -35.71795003442297,-9.641804754510328,0 -35.71898258860527,-9.643715946344582,0 -35.71964014659208,-9.64583060871742,0 -35.7200469657537,-9.649132948831427,0 -35.72039192254056,-9.64998550456994,0 -35.72206890701076,-9.65185058717038,0 -35.72507796594866,-9.656777449355868,0 -35.72607974453341,-9.658453209843074,0 -35.72579011374185,-9.659164764673772,0 -35.72878822375522,-9.661919931791584,0 -35.73344102901858,-9.665070918887377,0 -35.73702045093056,-9.667183479183654,0 -35.73947436943931,-9.668036855460318,0 -35.74176279060278,-9.668598221660886,0 -35.74229688694329,-9.668877736628737,0 -35.74292061100207,-9.66837568030373,0 -35.74334787295236,-9.66722691687943,0 -35.74327594381395,-9.665435348698978,0 -35.74306787708356,-9.66437792622509,0 -35.74645752122146,-9.662617625473462,0 -35.74693666798021,-9.662498153949294,0 -35.74656591268399,-9.661814475936513,0 -35.74594856307606,-9.658663842655956,0 -35.74587336323192,-9.658444012768603,0 -35.74563627211449,-9.658602240550566,0 -35.74576505423563,-9.658835476438135,0 -35.7458902356471,-9.658915681455104,0 -35.74655511944864,-9.6622435188298,0 -35.74660154490294,-9.662580620443972,0 -35.74763670954047,-9.662223953282506,0 -35.7506640908297,-9.660538383469035,0 -35.75364094715253,-9.661389551918706,0 -35.75402564497996,-9.661480845929697,0 -35.75708059140046,-9.659903661473402,0 -35.7580856398688,-9.65937751830499,0 -35.75850400927045,-9.663355607249375,0 -35.75983126567098,-9.663058343366805,0 -35.76175980391859,-9.663004497949677,0 -35.76168228029875,-9.661300565766826,0 -35.76156522702616,-9.660066713244353,0 -35.76047681885959,-9.657779991554257,0 -35.76271496638857,-9.656836405405128,0 -35.76541810090732,-9.65574474182637,0 -35.76602976285534,-9.657431844027872,0 -35.76602558282529,-9.659764705775453,0 -35.76462763935423,-9.662961586012043,0 -35.76395336221199,-9.664807061270508,0 -35.76439387247689,-9.667479688201677,0 -35.7654219909163,-9.673544106018296,0 -35.7648682940272,-9.673805248367556,0 -35.76312045909648,-9.673695689398015,0 -35.76276895456885,-9.673164239646432,0 -35.7614303095061,-9.672769618946644,0 -35.7608244277904,-9.674765227488564,0 -35.76105479406969,-9.674827540823271,0 -35.76141254545431,-9.674382652605027,0</coordinates></LineString></Placemark><Placemark><name>0903 - T.I. Benedito Bentes / T.I. Eustáquio Gomes (Via Forene)</name><styleUrl>#style_volta</styleUrl><LineString><tessellate>1</tessellate><coordinates>-35.78311858268453,-9.542255227488466,0 -35.78354503374824,-9.541486629007398,0 -35.78263322020454,-9.541039873655539,0 -35.78100395408229,-9.54017024270255,0 -35.78218006820911,-9.537996475528134,0 -35.78322358710945,-9.536091850487054,0 -35.78664892006078,-9.537966818146598,0 -35.79106208638806,-9.540347759828359,0 -35.79141606770594,-9.540578999057024,0 -35.7899356397385,-9.542955108749899,0 -35.78610144276738,-9.549682664229612,0 -35.78159653112555,-9.557555141435095,0 -35.77806636647292,-9.565117345888785,0 -35.77796352092673,-9.565803093659826,0 -35.77790174993364,-9.566352989944487,0 -35.7775877539142,-9.566616189968606,0 -35.77711930715808,-9.566655975438389,0 -35.77671969394872,-9.56616127646812,0 -35.77683490264887,-9.565612829597132,0 -35.77734402315027,-9.565226440453184,0 -35.77785736430157,-9.564696418781617,0 -35.77973865513411,-9.560895463770382,0 -35.78130030933086,-9.557534380475646,0 -35.77905085570459,-9.556325385538265,0 -35.77496086279972,-9.554250042733113,0 -35.77074892293757,-9.552026754978879,0 -35.76900177764138,-9.555250896294549,0 -35.76751658040637,-9.554531506052012,0 -35.76733411294812,-9.554896936029929,0 -35.76213566704056,-9.552188685431693,0 -35.75912542185955,-9.550726609260893,0 -35.76206291719302,-9.545138864907099,0 -35.75859768458772,-9.54342089539482,0 -35.75955403906036,-9.541602386257118,0 -35.75424429014955,-9.538941207030426,0 -35.75236554713331,-9.542641128702682,0 -35.75424298874235,-9.543498573260296,0 -35.75220804157767,-9.547279264037613,0 -35.7550619855384,-9.548556150318253,0 -35.75382621412842,-9.550788890405281,0 -35.746052039058,-9.546712393999455,0 -35.74437370612475,-9.549802098473727,0 -35.75276938579596,-9.553971715459953,0 -35.75273036800451,-9.554203637107564,0 -35.75256252443402,-9.554431938038679,0 -35.75054148729216,-9.554841371990939,0 -35.74922196816979,-9.555809060865768,0 -35.74828849817771,-9.556841579326365,0 -35.74708617922309,-9.559383550944371,0 -35.74599508100145,-9.562010281447474,0 -35.74576975937278,-9.562490707152996,0 -35.74557898371884,-9.56274957021382,0 -35.74539981360408,-9.562104898832281,0 -35.74494218452035,-9.561327149429962,0 -35.74315896400033,-9.559510336190966,0 -35.73568614986514,-9.552475985778477,0 -35.73011294426346,-9.54715076021976,0 -35.72811684244341,-9.548979440898446,0 -35.72845371498025,-9.54929744850348,0 -35.7268931571616,-9.550893845672539,0 -35.72606122733954,-9.549975593967293,0 -35.72687208516158,-9.54915549957688,0 -35.72691227625963,-9.54907536130217,0 -35.72681410076662,-9.549021636844493,0 -35.72625642771656,-9.549552120715116,0</coordinates></LineString></Placemark><Placemark><name>0901 - T.I. Benedito Bentes / T.I. Eustáquio Gomes (Via Hospital)</name><styleUrl>#style_volta</styleUrl><LineString><tessellate>1</tessellate><coordinates>-35.7831485619878,-9.542180175808825,0 -35.78356745466124,-9.541469105938583,0 -35.78097168438511,-9.540202702233616,0 -35.78324301408525,-9.53612952812292,0 -35.79144397867712,-9.540556350556466,0 -35.78814920648637,-9.546118342037632,0 -35.77910866629185,-9.562182470433163,0 -35.77909165381175,-9.56333382952009,0 -35.77794750849505,-9.5655402106755,0 -35.77796339265882,-9.566151155744823,0 -35.77770126713146,-9.566589785295921,0 -35.77729616776994,-9.566683775855076,0 -35.77704198778296,-9.566589784364199,0 -35.77677192500791,-9.566072826797033,0 -35.77701816660298,-9.565454048670341,0 -35.7781619741417,-9.564067675696908,0 -35.78146912174569,-9.55759027954369,0 -35.77806539634681,-9.555797854534836,0 -35.77074198221057,-9.551990111541627,0 -35.76916065102073,-9.55515972164645,0 -35.76759648460761,-9.554498667566342,0 -35.76477748970385,-9.55961760994296,0 -35.75507997660562,-9.554781305300867,0 -35.75329237564418,-9.554425325993975,0 -35.75195165508676,-9.554374442802049,0 -35.74973431678827,-9.555221928249225,0 -35.74760294480284,-9.558001690931041,0 -35.74576642377812,-9.562453812173313,0 -35.74553883724084,-9.562488877648473,0 -35.74433694641624,-9.560539221433945,0 -35.74088769733898,-9.557327191789472,0 -35.73660406910217,-9.553343183426438,0 -35.73004927909352,-9.547085950350718,0 -35.72817413292275,-9.54893508585694,0 -35.72769359161366,-9.548570911939736,0 -35.72610034613591,-9.55016357554525,0 -35.72599474895152,-9.550033198365513,0 -35.72693400639959,-9.549124240415791,0 -35.72681134240742,-9.548999819927172,0 -35.72626110734694,-9.5495320616772,0</coordinates></LineString></Placemark><Placemark><name>0114 - Cruz das Alamas X Trapiche</name><styleUrl>#style_volta</styleUrl><LineString><tessellate>1</tessellate><coordinates>-35.7615785765497,-9.673926837969367,0 -35.76220776882392,-9.673588406079961,0 -35.76308730792156,-9.6735159951499,0 -35.76277041266565,-9.67316080705518,0 -35.76148023848924,-9.6728141555719,0 -35.76043273524911,-9.67248024202995,0 -35.75821166310231,-9.671844473713913,0 -35.75679269966554,-9.671461494264953,0 -35.75708892306538,-9.670466631627637,0 -35.7576611823519,-9.66815171042495,0 -35.75778112904097,-9.666116111790199,0 -35.75766545874536,-9.663756247912925,0 -35.7574423106202,-9.663042534292169,0 -35.75698619205629,-9.661957857722058,0 -35.75584795981831,-9.660416933867106,0 -35.75430133459687,-9.658484846153243,0 -35.74999724340275,-9.660924067050304,0 -35.7486644160935,-9.661686856693404,0 -35.74943409042256,-9.663075628048107,0 -35.74990401256016,-9.664005651163494,0 -35.74772169834424,-9.664110020727916,0 -35.74306515493443,-9.664450426104136,0 -35.74148847109485,-9.66453247560736,0 -35.74168564866163,-9.662612148034656,0 -35.73953994911368,-9.662014276903594,0 -35.73784180113919,-9.661491126087862,0 -35.73884567628176,-9.659563151839414,0 -35.7392703532564,-9.659489909129563,0 -35.73917087686624,-9.657160294500402,0 -35.7405021903427,-9.65400905103284,0 -35.73918607083615,-9.653451423814868,0 -35.73788937247416,-9.653425474045173,0 -35.73686832863937,-9.652265369985694,0 -35.73567694348901,-9.651249830702499,0 -35.73493905366664,-9.650239815830894,0 -35.73385399082608,-9.649981492289479,0 -35.73145876039057,-9.649185518555997,0 -35.72750570303258,-9.647473007193282,0 -35.7267479377517,-9.647464063185543,0 -35.72660750978252,-9.64729179385914,0 -35.7266436841098,-9.646639209090228,0 -35.72671125010665,-9.645990123206076,0 -35.72633665772717,-9.645541807129552,0 -35.72615805516067,-9.645340673193033,0 -35.72618613655184,-9.645216607261432,0 -35.72629154969502,-9.645174761884569,0 -35.72645272434836,-9.645260626790606,0 -35.72673927735872,-9.64561304787475,0 -35.72676386801746,-9.64610185186863,0 -35.7266966345744,-9.647005294255145,0 -35.72646967034024,-9.647261393209824,0 -35.72579845300386,-9.647458202259253,0 -35.72476970840446,-9.647342231175669,0 -35.72426277791377,-9.646769520925973,0 -35.72361216595844,-9.645905287593337,0 -35.72251372640343,-9.644850561507603,0 -35.72095033016177,-9.643916458232242,0 -35.71916782261579,-9.643886757695391,0 -35.71839006720075,-9.642635399678792,0 -35.71786816127273,-9.641579840350976,0 -35.71760672142003,-9.639418271764669,0 -35.71832570488485,-9.637648903488827,0 -35.71814586887868,-9.636217887700543,0 -35.71630364417196,-9.636428989699066,0 -35.71439181286223,-9.636441560383709,0 -35.71393768691926,-9.63683428948114,0 -35.71327802975582,-9.636906018647872,0 -35.71249402386431,-9.636584910105487,0 -35.71144378461698,-9.635422617706471,0 -35.70892306812463,-9.635215460200365,0 -35.70749193800081,-9.634368869447522,0 -35.703561547666,-9.634945308795132,0 -35.70271588307698,-9.635574648578098,0 -35.70319127528803,-9.636341952787431,0 -35.70434511396928,-9.638057797163857,0 -35.70740507001189,-9.640669653761405,0 -35.70992896317269,-9.642222122969782,0 -35.7140299975504,-9.646052355042086,0 -35.7164363582797,-9.648056042989563,0 -35.71857350962884,-9.650667814490976,0 -35.71928149855522,-9.651390098562656,0 -35.71843982705153,-9.652255873382062,0 -35.71744964383093,-9.651386297296202,0 -35.71597418282474,-9.651075121566457,0 -35.71147490527004,-9.64614795922885,0 -35.71032186613905,-9.645020874791392,0 -35.70896386625918,-9.645025761771189,0 -35.69963316044589,-9.645248073869919,0 -35.69919954070587,-9.643924077207933,0 -35.69976786823034,-9.643292204571882,0 -35.70047787117242,-9.643226720659056,0 -35.70021290615266,-9.639894814209974,0 -35.69968193093828,-9.639543909575266,0 -35.69846469116876,-9.639555249167936,0 -35.69799060710785,-9.637012452946287,0 -35.69810039060106,-9.636275986005092,0 -35.69774248056034,-9.635639679814608,0 -35.69736332069485,-9.633956560767478,0 -35.6959915369946,-9.630652360296917,0 -35.69942354497327,-9.630421551642451,0 -35.69778883967791,-9.627192973389713,0 -35.69768544590886,-9.627282695411758,0 -35.69817080828084,-9.628237253333065,0 -35.6990675286964,-9.629753690866536,0 -35.69810733090124,-9.629849651563767,0 -35.69663706447815,-9.629906157395407,0 -35.69670106141251,-9.630177301609418,0</coordinates></LineString></Placemark><Placemark><name>0708 - Cruz das Almas x Ponta Verde</name><styleUrl>#style_volta</styleUrl><LineString><tessellate>1</tessellate><coordinates>-35.69941970228169,-9.656651527428899,0 -35.70582865888606,-9.656739674997132,0 -35.71031346973954,-9.656665735329316,0 -35.71030570237667,-9.657069157363024,0 -35.71535195313082,-9.656982464250028,0 -35.72148743918248,-9.656975122565932,0 -35.72216682754127,-9.657352611617815,0 -35.72234268302088,-9.657811692577294,0 -35.72215643642024,-9.658550310307708,0 -35.72312323553015,-9.658412377145392,0 -35.72283966171506,-9.657391389308676,0 -35.72307132199695,-9.657031144127622,0 -35.72326602050206,-9.657204123385837,0 -35.72360052612272,-9.657653199829905,0 -35.72380895393704,-9.658464412879308,0 -35.72409945759077,-9.659134036997516,0 -35.72499631146071,-9.659867167131512,0 -35.72602074671712,-9.658806263695736,0 -35.72612266818247,-9.658326444562029,0 -35.72516295547878,-9.656758582059418,0 -35.72187024839933,-9.65157674405282,0 -35.72019439253666,-9.649617871226361,0 -35.71919157007988,-9.644273181970846,0 -35.71937620572891,-9.643907452046477,0 -35.71962006692623,-9.643739392796228,0 -35.72093356289449,-9.643847075797613,0 -35.72224783677748,-9.64457943622087,0 -35.72367646645246,-9.645782268948125,0 -35.72496887442498,-9.647384186567596,0 -35.72603298537326,-9.647328280499229,0 -35.72659039621419,-9.646927311270233,0 -35.7266829173354,-9.645892927629637,0 -35.72651869421637,-9.645760640128824,0 -35.72616331395329,-9.645344698467504,0 -35.72622220819617,-9.645213906746463,0 -35.72634442437219,-9.645166763611684,0 -35.72660305367174,-9.64538941604926,0 -35.72674933740565,-9.645704211353141,0 -35.72707152199259,-9.645681422078697,0 -35.72820661829912,-9.645566684156671,0 -35.72840291274972,-9.645551287566281,0 -35.72842929888971,-9.645175567987852,0 -35.72842745727008,-9.64426506921703,0 -35.72882589948395,-9.642661578115897,0 -35.72889477077187,-9.641674555983277,0 -35.72841047150283,-9.640454285243619,0 -35.72646437477866,-9.636353564584692,0 -35.72567832105383,-9.634399534834804,0 -35.72541836622067,-9.632572001493434,0 -35.72461976363569,-9.62844558120327,0 -35.72442050657519,-9.628014627347437,0 -35.72407759342334,-9.627785696479007,0 -35.723806292962,-9.627824779111421,0 -35.72152288970763,-9.627880504305434,0 -35.71697745638566,-9.628076867328868,0 -35.71633761319425,-9.629729224410434,0 -35.71533466032084,-9.63134462940456,0 -35.71530613653611,-9.632395677660156,0 -35.71600859294173,-9.635211584384773,0 -35.71597902014862,-9.636137058099168,0 -35.71564854552321,-9.636468327988561,0 -35.7145930879019,-9.636411014526791,0 -35.71409403495047,-9.636560580090482,0 -35.71352503239905,-9.63689299677348,0 -35.71249260036323,-9.636616444525936,0 -35.71139086281102,-9.635423120148229,0 -35.7100538191989,-9.635322118920712,0 -35.70900398877274,-9.635194283273327,0 -35.70758018873087,-9.634377090648194,0 -35.70384382104894,-9.634883827190581,0 -35.70275437523947,-9.635598787436267,0 -35.70352313966498,-9.636681694764121,0 -35.70443641852609,-9.638138730583814,0 -35.70509259457772,-9.63875993941108,0 -35.7051444565795,-9.638797947071968,0 -35.70475330483382,-9.63882957241245,0 -35.70417486898742,-9.638803460561,0 -35.70421790914664,-9.637954255866466,0 -35.70383173348074,-9.637325658882835,0 -35.70277793562779,-9.635790207663597,0 -35.70087867580588,-9.632958607985959,0 -35.69973398225545,-9.630856047552292,0 -35.69820806958551,-9.628236255548522,0 -35.69770230757391,-9.627303332272938,0 -35.69782071332967,-9.627154940586141,0 -35.6982737864317,-9.6281531130662,0 -35.69909137844139,-9.629724495780362,0 -35.69875431945947,-9.629801376150661,0 -35.69720266011785,-9.62986680161986,0 -35.69667124128424,-9.629909036227177,0 -35.6967238740771,-9.630430314926933,0</coordinates></LineString></Placemark><Placemark><name>0004 - Rio Largo - Mata do Rolo</name><styleUrl>#style_volta</styleUrl><LineString><tessellate>1</tessellate><coordinates>-35.85758132131701,-9.485307188551758,0 -35.85747514454747,-9.485746041754927,0 -35.85643358901413,-9.486329517828013,0 -35.85511900586653,-9.486962861088875,0 -35.85422406869543,-9.487486494591153,0 -35.85436563929427,-9.487710909622606,0 -35.85379545249375,-9.488273828262818,0 -35.85282467863556,-9.488897195317112,0 -35.85246569487979,-9.488418448477564,0 -35.8520864844029,-9.48866280734626,0 -35.85194996967649,-9.488283798645158,0 -35.85179322885341,-9.488144162958145,0 -35.85139379150426,-9.488328677575867,0 -35.8510752586727,-9.488373563900675,0 -35.85063537620397,-9.48800452845295,0 -35.8500933254161,-9.487164355335006,0 -35.84965344559456,-9.486939941983808,0 -35.84967367008072,-9.48677038569694,0 -35.84858252116531,-9.48675710863472,0 -35.84802321320601,-9.48503976086422,0 -35.84773153235758,-9.484999483281312,0 -35.84748651994943,-9.484987974858122,0 -35.84651813413414,-9.484337778651371,0 -35.84109508030828,-9.48132385591259,0 -35.83946460293861,-9.479497031385648,0 -35.83833921789552,-9.478490675103966,0 -35.83659797987318,-9.477788074883483,0 -35.83541077037228,-9.477866136122392,0 -35.83419189358597,-9.478178395108392,0 -35.83113675024601,-9.477069795378755,0 -35.82617831262441,-9.474992237593357,0 -35.82527603980356,-9.474804872128209,0 -35.82253752395345,-9.474539411046184,0 -35.8218849867494,-9.474567770036506,0 -35.82148746346213,-9.47565693477705,0 -35.81480977251052,-9.492188326173459,0 -35.80535634776666,-9.514199645388974,0 -35.79216159207239,-9.539063882074746,0 -35.78923918103808,-9.544324471676832,0 -35.78900105174605,-9.544517229375854,0 -35.78824864218707,-9.54414623058918,0 -35.78643431444837,-9.543202231912911,0 -35.78475542520047,-9.542199966995051,0 -35.78454958651838,-9.54255520124496,0 -35.78339174524741,-9.541851078649376,0 -35.78308942068711,-9.542269746043882,0</coordinates></LineString></Placemark><Placemark><name>0606 - Jose Tenorio / MCZ Shopping</name><styleUrl>#style_volta</styleUrl><LineString><tessellate>1</tessellate><coordinates>-35.69882353656019,-9.656687569948405,0 -35.69995170023672,-9.656659045232685,0 -35.70194652420148,-9.656628973700965,0 -35.71018699843508,-9.6566661986109,0 -35.71022441001077,-9.65707913638642,0 -35.71516035387714,-9.656923013789909,0 -35.72152847870747,-9.656986350036467,0 -35.72206316309232,-9.657337430001034,0 -35.72234589857482,-9.657648155976975,0 -35.72219642425373,-9.658403941739582,0 -35.7230730545884,-9.658397345102852,0 -35.72290390876367,-9.65732694726464,0 -35.72297871720816,-9.657101409096283,0 -35.72315217813036,-9.657033704537485,0 -35.72342539671894,-9.65729477040783,0 -35.72374675792073,-9.657761671228595,0 -35.72385479020802,-9.658665172632745,0 -35.72430551388472,-9.659314804465794,0 -35.72535061398739,-9.66007038063231,0 -35.72592173704606,-9.660706576737958,0 -35.72619940925912,-9.661104802999732,0 -35.7268820876921,-9.661452396314974,0 -35.72775589534658,-9.662125103521696,0 -35.72818932923204,-9.6623272214595,0 -35.72831332494672,-9.661617939782035,0 -35.7288538336432,-9.66096120592463,0 -35.72907864671625,-9.660169034955246,0 -35.72926875986981,-9.659829133549945,0 -35.72954455881575,-9.659696581118261,0 -35.73004587694295,-9.659668164252036,0 -35.73061057547402,-9.660060464928176,0 -35.73093092139745,-9.660495699859018,0 -35.73131755329857,-9.660775483015769,0 -35.73195833489078,-9.660700163057587,0 -35.73269672711687,-9.659900429008806,0 -35.73311452577568,-9.65915456432817,0 -35.73348302946803,-9.657785751653337,0 -35.73319515392186,-9.654899129472598,0 -35.73310026958122,-9.651559900476002,0 -35.7334698813634,-9.649241228236763,0 -35.73582064973105,-9.63778983833565,0 -35.73692097067241,-9.632276642467344,0 -35.7379828994521,-9.627012852996737,0 -35.73729574609628,-9.626584736385169,0 -35.73682171767285,-9.626439420457565,0 -35.73629856136573,-9.627824571852027,0 -35.73122810971581,-9.625790423479032,0 -35.72955328039579,-9.625024918146964,0 -35.73077834841832,-9.622101956256396,0 -35.73200816677639,-9.622439552603936,0 -35.73205162935163,-9.621838967824534,0 -35.73164775222541,-9.621712221702909,0 -35.73142275884107,-9.622242534358556,0 -35.73076858242851,-9.62198118697436,0 -35.72949856403592,-9.62497505776266,0 -35.72746022226998,-9.62410080376943,0 -35.72418608626882,-9.622950821985489,0 -35.72281209555934,-9.62309025482277,0 -35.71666936978959,-9.62321682938932,0 -35.71616137604223,-9.623026422298391,0 -35.71562470769633,-9.621873414231882,0 -35.71466156903406,-9.61999406653866,0 -35.71287678736581,-9.61741619456938,0 -35.71288892106478,-9.61647474154417,0 -35.71437406430184,-9.615856272051728,0 -35.71761415357654,-9.615471287794843,0 -35.71856367114648,-9.614375762109708,0 -35.71914847020632,-9.614237242081805,0 -35.72717480949432,-9.614221658246977,0 -35.72988751272131,-9.614165909270643,0 -35.72683929750038,-9.61143769309258,0 -35.72324773482926,-9.607793353581195,0 -35.72241644240469,-9.605141664242097,0 -35.7199987590338,-9.604876842011903,0 -35.71987037495668,-9.6041656598962,0 -35.72035092082599,-9.60356923051277,0 -35.71984957345072,-9.602363176589577,0 -35.71931624119095,-9.602520996488305,0 -35.71894822924686,-9.602968885471876,0 -35.71710229911668,-9.602899949513532,0 -35.71521406879427,-9.605898637131691,0 -35.71404049609114,-9.607811470251638,0 -35.71123474351458,-9.609675681958489,0 -35.71027002813172,-9.610094579032719,0 -35.70960545693451,-9.609943119040803,0 -35.70899583771878,-9.609623579926895,0</coordinates></LineString></Placemark><Placemark><name>0101 - Chã da Jaquiera / Trapiche via João Sampaio - Bom Parto</name><styleUrl>#style_volta</styleUrl><LineString><tessellate>1</tessellate><coordinates>-35.76149724602553,-9.674220850906593,0 -35.76290889807685,-9.673534908636494,0 -35.7631041895678,-9.673557773286111,0 -35.76284509600831,-9.673240678518018,0 -35.76264904986382,-9.673153817328748,0 -35.76215934070939,-9.673037056410843,0 -35.76063431820886,-9.672576577748217,0 -35.75680383991935,-9.671458711514287,0 -35.75715853115396,-9.670310110302992,0 -35.75768367368406,-9.668005510792943,0 -35.75772973237859,-9.664629833645604,0 -35.75747537155861,-9.663106071198303,0 -35.75698081295703,-9.661893260090698,0 -35.75429164791208,-9.65845074680576,0 -35.74866796211935,-9.661598450616994,0 -35.74983174698608,-9.663963190722722,0 -35.74610149037822,-9.664241474831044,0 -35.74150395227832,-9.66451091979408,0 -35.74165647763849,-9.662584648446327,0 -35.73784416758375,-9.661469570020145,0 -35.73883816809969,-9.65954696895812,0 -35.73934484536883,-9.659450754278392,0 -35.73918830971723,-9.657949237281668,0 -35.73918083834386,-9.657081312371615,0 -35.74054724013212,-9.65410131975072,0 -35.74300894458314,-9.648115406745175,0 -35.74138352041445,-9.647843992516119,0 -35.74068171160061,-9.647350017216258,0 -35.74023031564659,-9.646890085371792,0 -35.73812301534909,-9.645892244660237,0 -35.73726257143656,-9.645564703324128,0 -35.7367064137912,-9.64695212119294,0 -35.73405171516863,-9.646375742397858,0 -35.73477289330889,-9.642630895047114,0 -35.73716437819436,-9.630743767571829,0 -35.73650377028829,-9.63037757568348,0 -35.73698872259003,-9.628195062350507,0 -35.73773591965783,-9.628406768383586,0 -35.7376130927439,-9.629558554232677,0 -35.74041800623815,-9.630639647186609,0 -35.7406463519297,-9.630737324422594,0 -35.74174803244613,-9.628402744417235,0 -35.74346621905614,-9.626171465874155,0 -35.74437038711034,-9.625391410316858,0 -35.74558152883969,-9.625864406311354,0 -35.74916571174409,-9.627699598956147,0 -35.74993151985105,-9.628165951847269,0 -35.7503458899813,-9.627474002630919,0 -35.75090913214354,-9.627810459577905,0 -35.75226801973162,-9.6245993914619,0 -35.7518429898032,-9.623829768935233,0 -35.75162093649266,-9.62233049151935,0 -35.75213066571271,-9.620926884718711,0 -35.75330481783908,-9.620130109907796,0 -35.75386492698775,-9.61962403814063,0 -35.75514859279473,-9.616826650333174,0 -35.75598970930938,-9.615280748450061,0 -35.75679170986731,-9.614807333864922,0 -35.75710940139032,-9.613023472879666,0 -35.75690073747291,-9.612868291158364,0 -35.7565078625856,-9.612883245706325,0 -35.75655182270805,-9.612640067212798,0 -35.7569967915635,-9.61214937597704,0 -35.75771590710302,-9.610518144605916,0 -35.75844753815066,-9.607034720912427,0 -35.75954540580217,-9.60464540558076,0 -35.76011569394161,-9.603905075752527,0 -35.76166732946773,-9.605037980555066,0 -35.76079608242764,-9.606636982498404,0 -35.75914040906266,-9.605506723305526,0 -35.76002930920272,-9.603807934084163,0 -35.75919531849033,-9.603015923926545,0 -35.75726027694998,-9.60533068305897,0 -35.75624315014661,-9.60653496032492,0 -35.75401927216581,-9.60990831928797,0 -35.7534258060081,-9.61204785085036,0 -35.75253308749591,-9.616194265509263,0 -35.75247360130057,-9.616869929558556,0 -35.75246064675798,-9.616935937364575,0 -35.75241669760729,-9.61696320305644,0 -35.75246692133851,-9.616658315377604,0 -35.75256117961996,-9.61586178063569,0 -35.75285463818292,-9.614882579453647,0 -35.7530343964022,-9.614017507082666,0 -35.75336516378628,-9.612376425368568,0 -35.7536975173103,-9.610790138756371,0 -35.75350574765901,-9.61003283552234,0 -35.75234634628557,-9.610315717302802,0 -35.75084886110702,-9.610808454651709,0 -35.74941927069948,-9.611287343339152,0 -35.74927382135151,-9.611494289230055,0 -35.74903974256857,-9.611413522365071,0 -35.74844052864285,-9.61146568727449,0 -35.74812776180905,-9.61165433116156,0 -35.7474514431967,-9.612294626211815,0 -35.74625291584422,-9.613430502338426,0 -35.74590679614674,-9.613129784770445,0 -35.74572671048308,-9.613325623583703,0 -35.74519132771265,-9.61437906488571,0 -35.74505575170925,-9.614766055868108,0 -35.74670115856667,-9.617830804984271,0</coordinates></LineString></Placemark><Placemark><name>0115 - Chã da Jaqueira Trapiche (via centro - prado)</name><styleUrl>#style_volta</styleUrl><LineString><tessellate>1</tessellate><coordinates>-35.76145341572237,-9.67422705313931,0 -35.76203147103287,-9.673684917306971,0 -35.76308722964767,-9.673550367860198,0 -35.76298687143016,-9.673372294184377,0 -35.76267655967305,-9.673131588898059,0 -35.76256014496195,-9.673163247248855,0 -35.76095844942191,-9.672664644567725,0 -35.7571208136489,-9.671521008886774,0 -35.74715099472627,-9.668420183448056,0 -35.74772213513224,-9.666517540536502,0 -35.74795584822132,-9.665463089217969,0 -35.74770244446023,-9.664080987772937,0 -35.74143964795626,-9.664527512786094,0 -35.74167598319268,-9.662653982973854,0 -35.73839689483241,-9.661624971648573,0 -35.73770757046766,-9.663391718098579,0 -35.73694665988457,-9.663167242960126,0 -35.73749809497404,-9.662167384730104,0 -35.73492800915303,-9.66083744840527,0 -35.73301645670656,-9.659433886219654,0 -35.73343987852534,-9.658317540367507,0 -35.73338079886889,-9.657007037022021,0 -35.733122802583,-9.653457807201768,0 -35.73313387928455,-9.651022542798687,0 -35.73409886289658,-9.646605684606449,0 -35.73489453539578,-9.642191082992758,0 -35.73619737001132,-9.635768178765344,0 -35.73714717892349,-9.630683251215922,0 -35.73650718146306,-9.63040173607432,0 -35.73683210379831,-9.62900386591304,0 -35.73695835048071,-9.628174658136567,0 -35.7378444958597,-9.62852412503724,0 -35.73761803325634,-9.629562816880346,0 -35.7404931273237,-9.630718013064895,0 -35.74190106784379,-9.628339687719839,0 -35.74391950412278,-9.625621605604579,0 -35.74455950357126,-9.62544686058662,0 -35.74571151678926,-9.625922505327557,0 -35.74992712720749,-9.628130429395945,0 -35.75035051153753,-9.627450902217719,0 -35.75082523544737,-9.627728403315107,0 -35.75107138794827,-9.627427469841281,0 -35.7521760856941,-9.62454892470769,0 -35.75168378327858,-9.623422871972394,0 -35.75164439833815,-9.622083247356706,0 -35.75211002951965,-9.621014741330365,0 -35.752637166627,-9.620366846290192,0 -35.75193606780443,-9.618553814020482,0 -35.75126999451211,-9.617947164912055,0 -35.75036408214833,-9.61700144285321,0 -35.75051672421903,-9.616176333565662,0 -35.75098707850638,-9.61555362949668,0 -35.751354511267,-9.61489242786883,0 -35.75091051118702,-9.61336590548163,0 -35.75030388397043,-9.612249368365717,0 -35.74906840284762,-9.611494738607949,0 -35.7484139582693,-9.611482111950593,0 -35.74760474805099,-9.612177716967201,0 -35.74624383944928,-9.613474885660544,0 -35.74584466042507,-9.61315377472548,0 -35.74516742883139,-9.614363088324895,0 -35.74499334515352,-9.614745689765641,0 -35.74628978764512,-9.61705539291505,0 -35.74677009255605,-9.61790441611265,0</coordinates></LineString></Placemark><Placemark><name>0041 - Feitosa X Centro / Farol</name><styleUrl>#style_volta</styleUrl><LineString><tessellate>1</tessellate><coordinates>-35.73842955050772,-9.661713762790525,0 -35.73770448082789,-9.663377334543855,0 -35.7369515090999,-9.66321291731334,0 -35.73748967188629,-9.66221863792419,0 -35.73559266814979,-9.661331772597887,0 -35.73318225982825,-9.659526157005468,0 -35.73310324579646,-9.659086650097203,0 -35.73345692818266,-9.658209818029324,0 -35.73314227810591,-9.653806149242008,0 -35.73311226060208,-9.652942953458437,0 -35.73289980111208,-9.652949962791846,0 -35.7310154666545,-9.652835553418905,0 -35.72989535922404,-9.652701858823093,0 -35.7296535360684,-9.651663611362554,0 -35.72976845011652,-9.648614683144116,0 -35.72745265034611,-9.647474717658234,0 -35.72699125796517,-9.647470842002328,0 -35.72663668675367,-9.647377341319844,0 -35.72667830180412,-9.645955078849994,0 -35.72617685453964,-9.645345007180065,0 -35.72621530553217,-9.645223717095678,0 -35.72633398744864,-9.645193619020146,0 -35.72658502279364,-9.645378964154819,0 -35.72672510535885,-9.645640509443934,0 -35.72681270138159,-9.645732836314927,0 -35.72841395623841,-9.645514513415181,0 -35.72849524647918,-9.64395696910433,0 -35.72886887665108,-9.642009414597265,0 -35.72578726370145,-9.63451851094344,0 -35.72477609794652,-9.628972874892451,0 -35.72420123433188,-9.62777554009238,0 -35.7169697783112,-9.628085948289176,0 -35.71527484876628,-9.631769519322251,0 -35.71570266292667,-9.633778320026645,0 -35.72239760338042,-9.633922661378483,0 -35.72240671113559,-9.634165613628204,0 -35.7220459206937,-9.634403061128705,0 -35.71876005690123,-9.634379402689184,0 -35.71870766935858,-9.63625563407473,0 -35.71435112116771,-9.636476411713462,0 -35.71367848524645,-9.636929361838877,0 -35.71267608929622,-9.636701938606139,0 -35.71147525887182,-9.635488580110193,0 -35.70903256359251,-9.635236658605686,0 -35.70746511922604,-9.634362002341888,0 -35.70403435250214,-9.634837918677828,0 -35.70270865431561,-9.635467197783257,0 -35.70502019293986,-9.638824526954824,0 -35.70416559586419,-9.638796580346503,0 -35.7042069133412,-9.637995627352483,0 -35.69806061047191,-9.628174196072838,0 -35.69766150331196,-9.627278821633615,0 -35.69786691204398,-9.627201311698435,0 -35.6991478099064,-9.629784396107382,0 -35.69669355867694,-9.629892005531428,0 -35.69670279752405,-9.6302564534762,0</coordinates></LineString></Placemark><Placemark><name>0614 - Trapiche / Mangabeiras</name><styleUrl>#style_volta</styleUrl><LineString><tessellate>1</tessellate><coordinates>-35.71210844076801,-9.644434285388256,0 -35.71626320540859,-9.647752577349438,0 -35.71920649092412,-9.651310042914146,0 -35.71840564776831,-9.652307322861265,0 -35.71732380120168,-9.65126849213409,0 -35.71628410756567,-9.651199234739494,0 -35.71061660138404,-9.645253641886978,0 -35.70967030816174,-9.644955891691854,0 -35.69961716810148,-9.645294488203051,0 -35.70034195180649,-9.648053578006389,0 -35.69894812730058,-9.652168056224244,0 -35.6983037228463,-9.658877132074192,0 -35.69704297721046,-9.661074724993732,0 -35.69607650004282,-9.662940552590879,0 -35.70038536911127,-9.661769429970972,0 -35.70378821927436,-9.661392276152954,0 -35.70592250644501,-9.661273184296839,0 -35.70952667191021,-9.66244426319569,0 -35.71089588559818,-9.663198521856385,0 -35.71470153781179,-9.666830919331787,0 -35.71735939337818,-9.664151211971785,0 -35.71826549672858,-9.663238106541655,0 -35.71848698826123,-9.662622760178582,0 -35.71870848231414,-9.662285305044545,0 -35.71961461175005,-9.662324969544452,0 -35.71961462083347,-9.663238060005389,0 -35.72277597788543,-9.665858119461529,0 -35.7232592621987,-9.666155848258096,0 -35.7227426325272,-9.666654959059382,0 -35.72267109254317,-9.667171980863325,0 -35.72560336219139,-9.667066172936497,0 -35.73018571921867,-9.666771459761009,0 -35.7340324789285,-9.666762023007562,0 -35.73465229076205,-9.666997025448408,0 -35.73526018342376,-9.66602175328184,0 -35.73758452043498,-9.667455262579544,0 -35.74079085700793,-9.668418800498713,0 -35.74204242263406,-9.6686302915069,0 -35.74248345631979,-9.668830040472255,0 -35.74311520327026,-9.668007505755016,0 -35.74328208173674,-9.667243725262843,0 -35.74315091487976,-9.664447202817389,0 -35.74458124722509,-9.663577672314515,0 -35.74685788331862,-9.662531850276507,0 -35.74899144770962,-9.661415560178227,0 -35.75072003709606,-9.660481948184724,0 -35.75390248137013,-9.661492463931143,0 -35.75814576096724,-9.659424387271946,0 -35.75850486834469,-9.663204157093086,0 -35.76020318467049,-9.663049525223409,0 -35.76179096960798,-9.663010998363978,0 -35.76162974596068,-9.66098819818084,0 -35.76050276593028,-9.657774509226769,0 -35.76536247284738,-9.65576487714383,0 -35.76603115921893,-9.658181919163377,0 -35.76538604119744,-9.661346003312513,0 -35.7644944696324,-9.66360512116756,0 -35.76393755983304,-9.665248008742756,0 -35.76455289150545,-9.668664400744355,0 -35.7654006783187,-9.673430802500672,0 -35.76507493435081,-9.673792058141546,0 -35.76370062444538,-9.673543484198618,0 -35.76306049825071,-9.673536230766281,0 -35.76284712288363,-9.67326786374433,0 -35.76239829981782,-9.673151812371824,0 -35.76142707410386,-9.672839921301719,0 -35.76089729604617,-9.674573428607841,0 -35.76107388388205,-9.674667720400128,0 -35.76125783363558,-9.674341327144278,0</coordinates></LineString></Placemark><Placemark><name>0004 - Rio Largo (Mata do Rolo)</name><styleUrl>#style_volta</styleUrl><LineString><tessellate>1</tessellate><coordinates>-35.85757761322913,-9.48513828405772,0 -35.85740830394092,-9.485853292265706,0 -35.8563325640144,-9.48633163529361,0 -35.85428703687023,-9.487509157989505,0 -35.8544098839858,-9.48766652769118,0 -35.85321817960003,-9.488679016888462,0 -35.85285960312834,-9.488919679003352,0 -35.85251501061347,-9.488384076898381,0 -35.85207784979531,-9.488655816891113,0 -35.85176267001037,-9.488130898508917,0 -35.85117716909949,-9.488368651675708,0 -35.85059302493425,-9.487868362013394,0 -35.85011688184795,-9.487198454591047,0 -35.84966607509629,-9.486928753662179,0 -35.84950773848936,-9.486884548197411,0 -35.84867639529724,-9.486788341095084,0 -35.8482362396573,-9.485693386788908,0 -35.8480445628503,-9.485001474697308,0 -35.84766279552712,-9.485088156209272,0 -35.84661597909221,-9.484343818336074,0 -35.84170145581069,-9.481616533974563,0 -35.8405819670961,-9.48070313347966,0 -35.83771934230585,-9.47814145902437,0 -35.83644559504945,-9.477777199241793,0 -35.83425404217145,-9.478142327522464,0 -35.83194251500966,-9.477450313328431,0 -35.82602578523277,-9.474879789280022,0 -35.82210500637918,-9.474454178584825,0 -35.8212554963776,-9.476205365203867,0 -35.81740599782663,-9.485326204628759,0 -35.80824515687694,-9.508284229905328,0 -35.80062080070041,-9.523722653077522,0 -35.78891941633219,-9.544694706220277,0 -35.78594519321925,-9.542885617099946,0 -35.78470283036069,-9.542256201255984,0 -35.78456051618023,-9.542593499726475,0 -35.78333901640242,-9.541858247219643,0 -35.78306741338127,-9.54227822034593,0</coordinates></LineString></Placemark><Placemark><name>0700 - Gruta / Ponta Verde / Term. Rotary</name><styleUrl>#style_volta</styleUrl><LineString><tessellate>1</tessellate><coordinates>-35.70026257942241,-9.656727360059746,0 -35.7036027834668,-9.656733401325056,0 -35.71020972009818,-9.656652326340778,0 -35.71030181966118,-9.657075893266818,0 -35.71111926117737,-9.657029979020134,0 -35.72150138567511,-9.65700119072077,0 -35.72224693455598,-9.657474388147747,0 -35.72230194769784,-9.657771709331337,0 -35.72223843496015,-9.658384027858126,0 -35.72296012593537,-9.658361700390593,0 -35.72279627961517,-9.657454396871548,0 -35.72308358329928,-9.65698250034529,0 -35.72371298134182,-9.657740048674562,0 -35.723919852914,-9.658897478083503,0 -35.72479818381525,-9.659673906762949,0 -35.72520629408595,-9.659658620129667,0 -35.72578923122906,-9.659008611060761,0 -35.7261017140391,-9.658214624584705,0 -35.72336311477503,-9.65389212713179,0 -35.72129211859775,-9.650759439366952,0 -35.72023551679886,-9.649660897516132,0 -35.71973457059745,-9.646259424553943,0 -35.71879775729523,-9.643225888253449,0 -35.71767928289183,-9.639916375801064,0 -35.71834655705366,-9.637380020652857,0 -35.71812966293761,-9.63627233936717,0 -35.7170244216714,-9.636396451625105,0 -35.71694537389244,-9.635607635891072,0 -35.71576482706448,-9.635666567876115,0 -35.71565523209951,-9.633597162159324,0 -35.71530953736076,-9.631520372191897,0 -35.71625125161336,-9.62946024096954,0 -35.71694642115489,-9.628656327486064,0 -35.71711472464707,-9.626503518922526,0 -35.71616615284231,-9.622804936238678,0 -35.71386559073633,-9.619068977917982,0 -35.71288257643509,-9.61736923567034,0 -35.7129648040441,-9.616298844010048,0 -35.71374829443307,-9.615901390685856,0 -35.71742403161544,-9.615387391218695,0 -35.71823541053022,-9.612475138203555,0 -35.72123306211601,-9.60850011761314,0 -35.72244677791674,-9.605678462880777,0 -35.72258721326717,-9.604626443456574,0 -35.72233761278415,-9.60448295075727,0 -35.72213800407437,-9.604603379276758,0 -35.72244000145666,-9.605139052947296,0 -35.72311593677123,-9.607199334032964,0 -35.72365930693602,-9.608303817813999,0 -35.72964850778779,-9.614152285408588,0 -35.73149916536323,-9.614424418216336,0 -35.73269216006999,-9.615195001705228,0 -35.73361703253858,-9.6150455835928,0 -35.73397900141252,-9.6145961809025,0 -35.7377949197678,-9.615828876767539,0 -35.73727074870953,-9.617241158624019,0 -35.73876849265796,-9.61774380709535,0 -35.73844770746942,-9.61968564865675,0 -35.73789455288507,-9.62373580809052,0 -35.73199070325767,-9.622347234528874,0 -35.73197006448066,-9.62194684427291,0 -35.73166591286303,-9.621810194898666,0</coordinates></LineString></Placemark><Placemark><name>0039 - Dubeaux Leao / Centro</name><styleUrl>#style_volta</styleUrl><LineString><tessellate>1</tessellate><coordinates>-35.73807789923206,-9.662616383766906,0 -35.73770069911853,-9.663352975540928,0 -35.73705756644407,-9.663241107032754,0 -35.73750281955157,-9.662243312259383,0 -35.73603999256524,-9.661586456043127,0 -35.73302477193558,-9.659408586736294,0 -35.73340003927245,-9.658349391011118,0 -35.73334946018358,-9.65732950765834,0 -35.73303587714872,-9.650994746949566,0 -35.7345662572604,-9.643883834719778,0 -35.73863968737044,-9.621795085253034,0 -35.74074069794483,-9.606648623160078,0 -35.74366509426971,-9.604360170898657,0 -35.74699589279044,-9.602744422031293,0 -35.75183197079814,-9.595557370969708,0 -35.75506173865006,-9.59314583578744,0 -35.76291789307532,-9.58702671257712,0 -35.76763291932609,-9.580119021778371,0 -35.76883365929541,-9.578581987163293,0 -35.76489431999291,-9.575606117569839,0 -35.75550220352417,-9.5687098814968,0 -35.7542780741819,-9.567807049783159,0 -35.75322567115666,-9.56974901979633,0 -35.75482376440856,-9.570843295891693,0</coordinates></LineString></Placemark><Placemark><name>0613 - vergel / Guaxuma</name><styleUrl>#style_volta</styleUrl><LineString><tessellate>1</tessellate><coordinates>-35.7607884689465,-9.652444637261233,0 -35.76065385359681,-9.652416199480244,0 -35.76093705146746,-9.652635231762602,0 -35.75957692091128,-9.654302572136203,0 -35.75834614441494,-9.654236216646156,0 -35.75515595519566,-9.657904484311649,0 -35.74863629136672,-9.661657101336242,0 -35.7430343490106,-9.66442828793168,0 -35.7432620609359,-9.665992978355632,0 -35.74324558439468,-9.667539457717611,0 -35.74300088087376,-9.668183575177602,0 -35.74272839610197,-9.668586757864263,0 -35.74226516986489,-9.668788349777596,0 -35.74173382174446,-9.668566601594502,0 -35.74061935852957,-9.66840426437143,0 -35.73704320600311,-9.667079947470711,0 -35.72846392851721,-9.66139530521013,0 -35.72687312566762,-9.660340628853477,0 -35.72497183390047,-9.658375678424068,0 -35.72335469692892,-9.656937530084662,0 -35.72278215335326,-9.657329318558654,0 -35.72299164714262,-9.658495454086607,0 -35.72222922261624,-9.658459640225985,0 -35.72165227278481,-9.6569580208419,0 -35.72033405760472,-9.656900881941612,0 -35.71028094044979,-9.657015102651185,0 -35.71025197701093,-9.656600969856669,0 -35.70157572010613,-9.656701715361264,0 -35.6985339189643,-9.656681877782653,0 -35.69896076426167,-9.652287423547943,0 -35.70041005368221,-9.6485566729239,0 -35.6992810349745,-9.644066524902087,0 -35.6995628343242,-9.643411647955814,0 -35.70040824661555,-9.643173511643745,0 -35.70257345364313,-9.643232896859908,0 -35.70257344626571,-9.639535227141256,0 -35.7003080739913,-9.639393008140283,0 -35.70026689139152,-9.63862097747332,0 -35.70506535358885,-9.63880382244689,0 -35.70037197180277,-9.631960295796016,0 -35.69948450163074,-9.630420230923235,0 -35.69725655657057,-9.630504420201516,0 -35.6967722690477,-9.630546448384361,0 -35.69661245109075,-9.629849559486095,0 -35.69898554816157,-9.629599845357056,0 -35.69644906763915,-9.624975694876953,0 -35.69284339843298,-9.619311250143564,0 -35.6880068769658,-9.612144090085371,0 -35.68318714538191,-9.60716434626012,0 -35.67957534346076,-9.600802816720782,0 -35.6765727925556,-9.596670206788625,0 -35.67728241802373,-9.595946380822856,0 -35.67738845354339,-9.595672935495699,0 -35.67793494828219,-9.595222551413649,0 -35.67825305870381,-9.595101910565235,0 -35.67866905376847,-9.595319059191056,0 -35.67907372004286,-9.595162825949412,0</coordinates></LineString></Placemark><Placemark><name>0719 - Chã nova / Ponta Verde</name><styleUrl>#style_volta</styleUrl><LineString><tessellate>1</tessellate><coordinates>-35.74530236249366,-9.609244723860566,0 -35.74555106740555,-9.608209366651282,0 -35.74503292966256,-9.607746178542588,0 -35.74532308387635,-9.606738066800517,0 -35.74582049008237,-9.605934301988343,0 -35.74736798249232,-9.60500110415356,0 -35.74888979711109,-9.603750642062415,0 -35.75046989464092,-9.60162614824358,0 -35.75104447052708,-9.601201250998733,0 -35.75293237934817,-9.600978674875352,0 -35.75410209967448,-9.60201056553468,0 -35.7526040856149,-9.60393274484981,0 -35.7511163203073,-9.605308615296654,0 -35.75029548838224,-9.606300042095306,0 -35.75077773246132,-9.60665412318267,0 -35.75034679443023,-9.607220655557535,0 -35.74983376856694,-9.606785639723272,0 -35.74887953989939,-9.608009754551338,0 -35.74727889489487,-9.60945642832392,0 -35.74717629032079,-9.609355261818427,0 -35.74871537207918,-9.608080570710001,0 -35.74938974428699,-9.607296621044068,0 -35.75152213420891,-9.604827481369728,0 -35.75246561671899,-9.604032051825756,0 -35.7536046343859,-9.602711028732507,0 -35.75474747071203,-9.60122248544135,0 -35.75500120253561,-9.600678605115402,0 -35.75649168844154,-9.598905962907912,0 -35.75819737927957,-9.600481609005012,0 -35.75819735217506,-9.600951296761323,0 -35.75790539809847,-9.601330068406819,0 -35.75927300960177,-9.602587552255343,0 -35.75948263534801,-9.6027793823728,0 -35.75966896993363,-9.602595658002777,0 -35.76045666153118,-9.60326374213743,0 -35.76005260467604,-9.603735347878496,0 -35.76215913789965,-9.605351523386185,0 -35.76159166485144,-9.606328618872055,0 -35.76150694521599,-9.60650396778991,0 -35.76102415853352,-9.606186629282327,0 -35.76081241229792,-9.606662643550186,0 -35.75921160771855,-9.605551950952233,0 -35.75843237844824,-9.60741424329951,0 -35.75791415836641,-9.609954963602608,0 -35.75755615541703,-9.61128038914006,0 -35.75752784213214,-9.611200578065878,0 -35.7580923676111,-9.608453488599526,0 -35.75884568976349,-9.606061888392636,0 -35.76008494648726,-9.603894885184788,0 -35.75935189825459,-9.603246102462476,0 -35.75928721649922,-9.60287385079444,0 -35.75922253605291,-9.602746221862803,0 -35.75781063963175,-9.601429273516173,0 -35.75809091679876,-9.600674135699888,0 -35.75185130648786,-9.595317601101119,0 -35.74751299892925,-9.602746289872735,0 -35.74284783399325,-9.604650823244958,0 -35.74035415404658,-9.607745802450728,0 -35.73890802028541,-9.622760652952064,0 -35.73460470524304,-9.644287926411957,0 -35.73327124429381,-9.650471363390976,0 -35.73317110889208,-9.654501560342027,0 -35.73342169743784,-9.658637758650183,0 -35.7328900906046,-9.659618997777356,0 -35.73204637082219,-9.660725463843507,0 -35.73105330419531,-9.660598472083793,0 -35.73046482799005,-9.659818407803028,0 -35.72956370377278,-9.659673269944877,0 -35.72915910627689,-9.660054225691646,0 -35.72836917441519,-9.66150731098616,0 -35.7283009456868,-9.662328470954051,0 -35.72943337900462,-9.663241373805645,0 -35.72932568298584,-9.666887702233442,0 -35.72470243375001,-9.667125367452593,0 -35.7218796068714,-9.667369651908295,0 -35.72036917930197,-9.668224543765927,0 -35.71923018267478,-9.670471681241022,0 -35.71660759040305,-9.668962348433734,0 -35.71069041024694,-9.663254097528073,0 -35.70950188949156,-9.662472465657006,0 -35.70737654507521,-9.661833242611623,0 -35.70351388287528,-9.661344729731457,0 -35.6960852842491,-9.662859054866864,0 -35.69794505208891,-9.659243576280781,0 -35.69885471794009,-9.652389450989006,0 -35.70020072209951,-9.649016285088269,0 -35.70016435795924,-9.647401451999047,0 -35.69969358227262,-9.64530527076434,0 -35.69991552890426,-9.646327139921775,0</coordinates></LineString></Placemark><Placemark><name>0056 - João Sampaio / Centro</name><styleUrl>#style_volta</styleUrl><LineString><tessellate>1</tessellate><coordinates>-35.76085992098584,-9.606611873424436,0 -35.76166274225827,-9.60499519209452,0 -35.76052997678738,-9.604289360035771,0 -35.75920751820485,-9.602991497995468,0 -35.75933434910151,-9.602832338013162,0 -35.75780084705352,-9.601252107733606,0 -35.75816238961695,-9.600598831539914,0 -35.75645436603872,-9.5991364348432,0 -35.75361877441784,-9.602673714659561,0 -35.75190405153345,-9.604456600530424,0 -35.74982115545297,-9.606838015552425,0 -35.75039727870796,-9.607242201808736,0 -35.75077397374938,-9.606608613631945,0 -35.7503529609542,-9.606280896496344,0 -35.75255772709124,-9.603943169058848,0 -35.75523234626004,-9.600395784218325,0 -35.75637571382612,-9.599120033668624,0 -35.75674162630701,-9.599249936482545,0 -35.75900173818327,-9.595907201468224,0 -35.76148720861429,-9.592252871087505,0 -35.76418353635309,-9.58844334237956,0 -35.76471462763569,-9.587706916351102,0 -35.76297195246902,-9.586610480144893,0 -35.76069821093817,-9.589768911072238,0 -35.75466423165579,-9.593437073904036,0 -35.75209308582252,-9.595139782555949,0 -35.74991884823328,-9.598920103604373,0 -35.74757166385411,-9.60268473426524,0 -35.74180648128373,-9.605484477934612,0 -35.74056933379826,-9.607684876569472,0 -35.73987383803622,-9.611802203090116,0 -35.73786067558285,-9.628133249384927,0 -35.7334610003701,-9.65023871995906,0 -35.73312945493827,-9.651275247556972,0 -35.73301145864173,-9.65413939318055,0 -35.73339117347917,-9.658462058933413,0 -35.7330885952026,-9.659519187513881,0 -35.73423084738459,-9.660356367143665,0 -35.73607538586111,-9.661652098138507,0 -35.73752431399245,-9.662335447107433,0 -35.73689619464021,-9.663287107396002,0 -35.73772743593238,-9.663337308355054,0 -35.73805857373531,-9.66257873446135,0</coordinates></LineString></Placemark><Placemark><name>0058 Fernão Velho / Centro via Farol</name><styleUrl>#style_volta</styleUrl><LineString><tessellate>1</tessellate><coordinates>-35.77951715424099,-9.594330960689863,0 -35.77988025686199,-9.593986199748821,0 -35.78151195670576,-9.593548620148898,0 -35.78341742193357,-9.592142851897254,0 -35.78591902854646,-9.590257310850147,0 -35.78583752829755,-9.589904930560065,0 -35.78552404855865,-9.589731834873383,0 -35.78459614589416,-9.589948203469419,0 -35.78441432922331,-9.589459825571533,0 -35.7838291665421,-9.58952169108196,0 -35.78318966303986,-9.589738063786484,0 -35.78234953429488,-9.589595879927826,0 -35.78175392269386,-9.589750429885374,0 -35.78134012654778,-9.591209384087147,0 -35.78044817743071,-9.59189136935013,0 -35.77941068582849,-9.592110576295521,0 -35.77691573345009,-9.591452927362534,0 -35.77591530005012,-9.591538175274811,0 -35.77423554291975,-9.592134913182358,0 -35.77269529691277,-9.593263553663366,0 -35.7720406869673,-9.594457034412459,0 -35.77121313505009,-9.597988791261617,0 -35.77093520297337,-9.599420344820716,0 -35.76907015590961,-9.598202504494832,0 -35.76734163820218,-9.59717089452286,0 -35.76768747321248,-9.59525888805638,0 -35.76796880960398,-9.594124979541862,0 -35.76686956981627,-9.59106818478998,0 -35.7678222962084,-9.588357221724607,0 -35.76790875840099,-9.587200267233039,0 -35.77231803760017,-9.586384302408721,0 -35.77435541456744,-9.58139727209166,0 -35.77386408336018,-9.580486852848708,0 -35.772982268255,-9.57735906154805,0 -35.77087177471799,-9.576265164829067,0 -35.76814938888273,-9.579720497578093,0 -35.76201033748446,-9.58805947851311,0 -35.76029101812888,-9.59019510587807,0 -35.7526822041193,-9.594793342419802,0 -35.75141983775217,-9.59602070350065,0 -35.74836266272784,-9.601373257113067,0 -35.74731054423617,-9.60274604797632,0 -35.74322550719241,-9.604733999521093,0 -35.74162495628833,-9.605601098343739,0 -35.74032588790688,-9.608036302116385,0 -35.73901426497314,-9.619086877440495,0 -35.73829510922757,-9.625205064125081,0 -35.73668886901762,-9.633303196233491,0 -35.73343393355385,-9.64939816263032,0 -35.73331291799894,-9.650266803182161,0 -35.73305826557306,-9.6517967810539,0 -35.73319987515236,-9.653993186377335,0 -35.73335394869058,-9.65860642075027,0 -35.73304639017353,-9.65960994368089,0 -35.73432238296265,-9.66045824567469,0 -35.73749156239863,-9.662298793354958,0 -35.73703762811951,-9.663225238412052,0 -35.73768722415862,-9.663395087392697,0 -35.73790192063154,-9.662834787831319,0</coordinates></LineString></Placemark><Placemark><name>0720 - Denisson Menezes / Ponta Verde</name><styleUrl>#style_volta</styleUrl><LineString><tessellate>1</tessellate><coordinates>-35.76913914508253,-9.544178933117957,0 -35.76930907676441,-9.543890698372406,0 -35.76968292413767,-9.544098496572381,0 -35.77100244713777,-9.541539235924724,0 -35.76948310214571,-9.540796591276251,0 -35.76682218920041,-9.545895615772501,0 -35.76279115979524,-9.543863833852502,0 -35.76092981230291,-9.547353541214632,0 -35.76106956294189,-9.547156378994453,0 -35.76129512291933,-9.547275010848105,0 -35.76149436788616,-9.547338033627922,0 -35.76147933043369,-9.547200864855023,0 -35.76113347155209,-9.547041453554089,0 -35.76088535590108,-9.54744554566089,0 -35.7601410057576,-9.548861719228222,0 -35.7592306897172,-9.550770985471594,0 -35.76739920582677,-9.55500592215105,0 -35.76755505457101,-9.55446799790455,0 -35.77967304188542,-9.560750143887809,0 -35.78001299358733,-9.56085662129701,0 -35.77790069541303,-9.565673848522726,0 -35.77788559075438,-9.566359002115766,0 -35.77740224258591,-9.566642001260512,0 -35.77490634654232,-9.571035797388712,0 -35.77095167564888,-9.576120760120391,0 -35.76236822184181,-9.587395678573111,0 -35.75997428570854,-9.590692200528862,0 -35.75211032336762,-9.594720265516669,0 -35.74771835363258,-9.602424111772327,0 -35.74214851435583,-9.605232056082187,0 -35.73994453168796,-9.609926063191574,0 -35.73777392455886,-9.628861659666972,0 -35.73319148897124,-9.650581144238204,0 -35.73345712360845,-9.65826908211861,0 -35.73299922819954,-9.659430067842289,0 -35.73217742572493,-9.660490901580388,0 -35.73134662618637,-9.660772057519013,0 -35.73032982905801,-9.659891915567348,0 -35.72941222770115,-9.659671875188534,0 -35.72887901259483,-9.660796497699353,0 -35.72862396946752,-9.661481806593924,0 -35.72846870138947,-9.662167545087197,0 -35.7287863129576,-9.662786652469865,0 -35.72942802718308,-9.663261426844933,0 -35.72918218378507,-9.667065242086945,0 -35.72672702476443,-9.667224612458154,0 -35.72649748708319,-9.668654848714274,0 -35.72543098049017,-9.669713277196648,0 -35.72171446453022,-9.672129332423516,0 -35.72190416133491,-9.672773131469075,0 -35.72131708827571,-9.673234534730376,0 -35.72013353973565,-9.67429414527465,0 -35.71905402223818,-9.673507533440223,0 -35.71808195069256,-9.672216666398915,0 -35.71566042146758,-9.66916219184716,0 -35.71631962318291,-9.66871957068325,0 -35.71477209605427,-9.666981588429307,0 -35.71209045443649,-9.664238096557558,0 -35.71088302783743,-9.663192239212542,0 -35.70938994445071,-9.662488662245869,0 -35.70602380841591,-9.661436838236401,0 -35.70223982226749,-9.66143360987643,0 -35.69581877904689,-9.662967675427849,0 -35.69809188403059,-9.65924844483306,0 -35.69898488694716,-9.6524356006747,0 -35.70031028833238,-9.64895072545314,0 -35.70016805208644,-9.646542253814669,0 -35.69961178145122,-9.645241181792622,0</coordinates></LineString></Placemark><Placemark><name>0116 - José Tenório X Trapiche</name><styleUrl>#style_volta</styleUrl><LineString><tessellate>1</tessellate><coordinates>-35.70934244781795,-9.609797705890674,0 -35.70970851185044,-9.610174845913482,0 -35.71024155518019,-9.610118530177612,0 -35.71108781406978,-9.609756716531336,0 -35.71259282961826,-9.609030100606155,0 -35.71409533773112,-9.607811690736789,0 -35.71646257697945,-9.603622859416133,0 -35.71779398938403,-9.602219060745728,0 -35.71802271043998,-9.602313992656429,0 -35.71997878494294,-9.602529302239756,0 -35.72034396426958,-9.603636854593008,0 -35.71989764014992,-9.604103896955166,0 -35.71995174437429,-9.604917882856414,0 -35.72241333073085,-9.60501128261322,0 -35.72295950428551,-9.60652327207724,0 -35.72326325167911,-9.607685926942132,0 -35.72394220968005,-9.608707656279076,0 -35.72749778883131,-9.612089983820502,0 -35.72985625937324,-9.614151058164655,0 -35.72821248428487,-9.61427437375903,0 -35.71995785406268,-9.614309600147902,0 -35.7191002525245,-9.61429200231931,0 -35.71836304446635,-9.614632890655468,0 -35.71774508147699,-9.615329492542646,0 -35.71540419106283,-9.615700687257005,0 -35.71301367229618,-9.616165244175592,0 -35.71294609827166,-9.616822132531697,0 -35.71286879555734,-9.617469530960715,0 -35.71335777010115,-9.618327145250094,0 -35.7165962799192,-9.62350416836817,0 -35.71643560161383,-9.623928638825056,0 -35.71706094561936,-9.626130650478974,0 -35.71682863306766,-9.628720266781814,0 -35.71528592421217,-9.631666958338398,0 -35.71592917889912,-9.635313489578628,0 -35.71535865510424,-9.635900014347959,0 -35.7144103819067,-9.636335242654866,0 -35.71365994881993,-9.636986996532206,0 -35.71235557238469,-9.636440899714966,0 -35.71137283011243,-9.635472019564997,0 -35.70880536934803,-9.635157462839485,0 -35.70728659083542,-9.634382357583567,0 -35.70436194887055,-9.634889719396432,0 -35.70265297123681,-9.635418627864961,0 -35.70166905189585,-9.634023882208702,0 -35.69982553746244,-9.633976755024372,0 -35.69980627455261,-9.634598737080939,0 -35.70199296624087,-9.634701344004641,0 -35.7048627544976,-9.638560496706592,0 -35.70723968626507,-9.640565252701688,0 -35.7099474215286,-9.64226483355147,0 -35.70987586640457,-9.642527358066495,0 -35.70809653435215,-9.642758999840952,0 -35.70815539681111,-9.642892822907802,0 -35.70823839695343,-9.645001455147,0 -35.71044716586855,-9.644935426043416,0 -35.71093117051844,-9.645312724862908,0 -35.71256513108002,-9.647313907365737,0 -35.72287457531669,-9.657623226765942,0 -35.72441868598433,-9.66444475692741,0 -35.72617865684115,-9.662204520854528,0 -35.72649644776825,-9.661242444684309,0 -35.72684711207524,-9.660561425667318,0 -35.72838128447412,-9.661577545689939,0 -35.72822906067847,-9.662318883934951,0 -35.72761607875565,-9.662193247126032,0 -35.72734128503288,-9.66333174599306,0 -35.72675448780408,-9.665616008442509,0 -35.72672762590144,-9.667215832675591,0 -35.72648239562806,-9.668553212445966,0 -35.72759281007447,-9.668640835604341,0 -35.7274936012617,-9.667180293089704,0 -35.73321413785111,-9.666857294826615,0 -35.733187582662,-9.667030710795446,0 -35.73418209287546,-9.66778629963516,0 -35.73326616733239,-9.66923897782205,0 -35.73331938798376,-9.669711469916948,0 -35.73567738581323,-9.669746180435256,0 -35.73665308668987,-9.667471239471244,0 -35.73865770586779,-9.666228775137796,0 -35.7390752671955,-9.666501826319802,0 -35.73953592830062,-9.666520762318047,0 -35.74165688390462,-9.666994107191313,0 -35.74339397467196,-9.667457977600138,0 -35.74339251648628,-9.664439374215949,0 -35.74767481165333,-9.664081625781238,0 -35.74800302854716,-9.665460819733488,0 -35.74703634040369,-9.668557368828763,0 -35.76135815596249,-9.672803709325327,0 -35.76292708808094,-9.673303809122737,0 -35.76305726328056,-9.673486279037045,0 -35.76239991920475,-9.673566414727338,0 -35.76164628201608,-9.673857018143677,0 -35.76107128079473,-9.674615833668822,0 -35.76125743139217,-9.674351918279255,0</coordinates></LineString></Placemark><Placemark><name>0037 - Salvador Lyra / Centro</name><styleUrl>#style_volta</styleUrl><LineString><tessellate>1</tessellate><coordinates>-35.74657111307602,-9.56287899811583,0 -35.74650273350269,-9.561900979319937,0 -35.75401070456572,-9.560598901068376,0 -35.75551363189381,-9.558745120092604,0 -35.75848053293684,-9.560949627142058,0 -35.75570010451955,-9.564434720119738,0 -35.74739976320033,-9.565820708876245,0 -35.75040570538308,-9.571493266463353,0 -35.75022011556101,-9.571796668202564,0 -35.74956941752236,-9.574822392172702,0 -35.74942593453204,-9.57560366912459,0 -35.74956821850774,-9.576409838150903,0 -35.75043930576452,-9.57693780325843,0 -35.75638129782838,-9.58005878988334,0 -35.76372100130196,-9.585328989900395,0 -35.76236822184181,-9.587395678573111,0 -35.75973787918682,-9.590285852973953,0 -35.75211032336762,-9.594720265516669,0 -35.74771835363258,-9.602424111772327,0 -35.74214851435583,-9.605232056082187,0 -35.73994453168796,-9.609926063191574,0 -35.73777392455886,-9.628861659666972,0 -35.73319148897124,-9.650581144238204,0 -35.73311337460274,-9.654277602247026,0 -35.73339670053104,-9.658433142201073,0 -35.73301011684202,-9.659410131372978,0 -35.73426031881386,-9.660319410771102,0 -35.73748627000471,-9.662284803942665,0 -35.73700952626757,-9.663189744467541,0 -35.73768852948949,-9.663360757293873,0 -35.73825639380864,-9.662024198430947,0</coordinates></LineString></Placemark><Placemark><name>0607 - T.I. Eustáquio Gomes / Maceió Shopping</name><styleUrl>#style_volta</styleUrl><LineString><tessellate>1</tessellate><coordinates>-35.69925202333772,-9.644242555532314,0 -35.69941504611801,-9.643559516271967,0 -35.70321542341996,-9.64316777181378,0 -35.71017412987561,-9.642567572802617,0 -35.71481686942205,-9.6467608806712,0 -35.71951518701889,-9.65159831910559,0 -35.72586643744384,-9.659191165190613,0 -35.72836647800231,-9.661441089395696,0 -35.72864237228094,-9.661208668196801,0 -35.72887813640575,-9.660847673755075,0 -35.72923624570375,-9.659860465113967,0 -35.72968125429281,-9.659667863978408,0 -35.73054957212867,-9.659956759242506,0 -35.73111399285381,-9.66068435870312,0 -35.73202574404262,-9.660695054948011,0 -35.73328474511622,-9.658821366321678,0 -35.73301355434023,-9.651189488584667,0 -35.73370279398011,-9.648042209179929,0 -35.73800750787487,-9.626727893028267,0 -35.74019539910754,-9.609562101484128,0 -35.74179139929305,-9.605520703388592,0 -35.74668822953858,-9.603160201929073,0 -35.7517244939632,-9.59533706521291,0 -35.76024266371081,-9.590151324258324,0 -35.77643356661156,-9.567470726693939,0 -35.77674291524147,-9.566418334561915,0 -35.77706328408222,-9.565407415027456,0 -35.77992518246623,-9.56047918649979,0 -35.78887719500342,-9.544475748719346,0 -35.78336495716039,-9.541405265284341,0 -35.78298368524994,-9.542063218095427,0 -35.78306311183412,-9.542219875546934,0</coordinates></LineString></Placemark><Placemark><name>0601 - T.I. Benedito Bentes / Jatiúca (Via Rota do Mar)</name><styleUrl>#style_volta</styleUrl><LineString><tessellate>1</tessellate><coordinates>-35.69937861249714,-9.64465381170425,0 -35.69955408795294,-9.643235431331414,0 -35.71008102930082,-9.642508936096515,0 -35.70439642664591,-9.638150131981083,0 -35.70064194902733,-9.63226920434728,0 -35.6946195093821,-9.62173885205209,0 -35.69163712391386,-9.617414642296527,0 -35.68598396717506,-9.60978179682228,0 -35.68252696317037,-9.606500156262843,0 -35.67912371976613,-9.600204086590256,0 -35.67666214746347,-9.597194458212856,0 -35.67450615797645,-9.594166776495825,0 -35.67463564367819,-9.594018888019844,0 -35.67479676620346,-9.594091052245764,0 -35.67566958870076,-9.595397529666437,0 -35.67681290050233,-9.597161910386218,0 -35.67773222317059,-9.598241159738802,0 -35.67825193298277,-9.598022700010322,0 -35.67950490578601,-9.597341196377782,0 -35.68190615030351,-9.595702443692856,0 -35.68265342852262,-9.595255641962943,0 -35.68447239400342,-9.594931369299648,0 -35.68515607129761,-9.59424157497005,0 -35.68527102477768,-9.593605869817353,0 -35.68570030531365,-9.5928376940083,0 -35.6869592032638,-9.588909222701037,0 -35.68822019104621,-9.585569862650457,0 -35.69054649214197,-9.582361276452655,0 -35.69264801487762,-9.579559538895674,0 -35.69515962452671,-9.577406318745997,0 -35.69803542972955,-9.578208823717572,0 -35.70096549693299,-9.578155342335435,0 -35.70177938340949,-9.577067448355443,0 -35.70396238089006,-9.573905135919201,0 -35.70658482373533,-9.57304907167125,0 -35.7066945334982,-9.572745880094466,0 -35.70703817811295,-9.572603201740622,0 -35.70743607635393,-9.572817217971828,0 -35.71080012244811,-9.572175169179074,0 -35.71532536421747,-9.568748588053815,0 -35.72143399148943,-9.567524495839468,0 -35.72303466105449,-9.565688375080015,0 -35.72509257297721,-9.561404170356223,0 -35.72352460508056,-9.560405620083815,0 -35.72301497140387,-9.56008022356005,0 -35.72328942451841,-9.559722588386698,0 -35.7235540761977,-9.559674258200978,0 -35.72460288766111,-9.560389520878925,0 -35.72662207509111,-9.557683076048077,0 -35.72984969483669,-9.554505910387459,0 -35.72992570063923,-9.550906630712822,0 -35.72779660400386,-9.548675835065934,0 -35.72617841445983,-9.550117012518678,0 -35.72598547436452,-9.550024318743686,0 -35.72637630140193,-9.549707208406359,0 -35.72646040333028,-9.54960475729876,0</coordinates></LineString></Placemark><Placemark><name>0051 - Santos Durmont Via Bomba do Gonzaga / Farol / Centro</name><styleUrl>#style_volta</styleUrl><LineString><tessellate>1</tessellate><coordinates>-35.74507281972731,-9.66811408331795,0 -35.74704264548362,-9.66857868085413,0 -35.74794284955799,-9.665512967240126,0 -35.74777400229809,-9.66418142688354,0 -35.74151393949496,-9.664514285421864,0 -35.74160486703759,-9.662555287467518,0 -35.73842290780449,-9.661671858449877,0 -35.7376566387187,-9.663400308599034,0 -35.73704622105642,-9.66324666758711,0 -35.73743585584383,-9.662235202417575,0 -35.73324416267985,-9.659560811492256,0 -35.73346169596216,-9.658394183076673,0 -35.73311788110049,-9.652332287426425,0 -35.73343630643811,-9.649707141423962,0 -35.73595710047448,-9.63738488712102,0 -35.73951849204832,-9.615641631536,0 -35.74161457340889,-9.605566159347205,0 -35.74689009579834,-9.602938045937034,0 -35.75243975177353,-9.594850273069776,0 -35.76030582509496,-9.590400436992857,0 -35.77646858218854,-9.567408942715934,0 -35.77676393631374,-9.566295843219981,0 -35.77715680204061,-9.56533649631234,0 -35.77757338872423,-9.56529375908163,0 -35.77820032466747,-9.565940874259216,0 -35.77968234693969,-9.565938319835556,0 -35.78253245512928,-9.565211330630431,0 -35.78246984310804,-9.563260646783549,0 -35.7821258086714,-9.561322852652177,0 -35.78416324952275,-9.56100255835587,0 -35.78948909454425,-9.551469193769385,0 -35.79114192860504,-9.553025077770627,0 -35.78982909608501,-9.558704895504784,0 -35.78482427555807,-9.555871801402278,0 -35.78655388533132,-9.55291532223112,0 -35.79519085878376,-9.542761839894395,0 -35.79600036848367,-9.541735936470465,0</coordinates></LineString></Placemark><Placemark><name>0802 - Colina / Benedito Bentes</name><styleUrl>#style_volta</styleUrl><LineString><tessellate>1</tessellate><coordinates>-35.72592955450473,-9.54995151242303,0 -35.72565134592228,-9.549688132146885,0 -35.72728721408561,-9.548162727113546,0 -35.72809958421719,-9.548941889543372,0 -35.73011382468781,-9.54692261117809,0 -35.7455309113309,-9.56166215634295,0 -35.74880820362439,-9.556042438874332,0 -35.7514107898293,-9.554513461434338,0 -35.75628375809807,-9.55544168871388,0 -35.77167957718027,-9.563031520847703,0 -35.77760807397862,-9.565216744180281,0 -35.78070912911436,-9.565981212235222,0 -35.78763120783402,-9.564725094485912,0 -35.79056628974053,-9.56562239526179,0 -35.7908796114725,-9.568248081873712,0 -35.79003379606423,-9.56883501587593,0 -35.7776285587676,-9.570595786562599,0 -35.77856823182179,-9.576897505687626,0 -35.77798535379986,-9.577373721332249,0 -35.7788664890218,-9.578557164774368,0 -35.77762072885262,-9.579470965670948,0 -35.77953657182417,-9.582029867918264,0 -35.77941503193072,-9.58250923644396,0 -35.77631574835284,-9.58418703681002,0 -35.77797172856783,-9.585130806347461,0 -35.77851865991583,-9.585115830405215,0 -35.77874654433091,-9.585325555837825,0 -35.77874654186681,-9.585625161429057,0 -35.77841230380341,-9.585849863948091,0 -35.77728800937773,-9.588141862521386,0 -35.77681705538389,-9.588726099475297,0 -35.77462934807569,-9.58583489221432,0 -35.77499397042081,-9.585430427160162,0</coordinates></LineString></Placemark><Placemark><name>0102 - João Sampaio X Trapiche Via Rotary - Jacintinho</name><styleUrl>#style_volta</styleUrl><LineString><tessellate>1</tessellate><coordinates>-35.76145471041507,-9.674343650044724,0 -35.76352732985274,-9.673623499141202,0 -35.76511284879312,-9.673665079876269,0 -35.76501590758521,-9.672191421603504,0 -35.76441781137312,-9.66819530010142,0 -35.76397848925114,-9.664622376848165,0 -35.76594746498107,-9.659878047363714,0 -35.76544888307142,-9.655872188801943,0 -35.76524262635456,-9.65586371551799,0 -35.76046509233434,-9.6578253746285,0 -35.76134419667621,-9.659533093645493,0 -35.76185653015229,-9.663142109363408,0 -35.75820115681915,-9.663474043199436,0 -35.75759680342829,-9.66354798413018,0 -35.75764004892816,-9.664120166062784,0 -35.75215504443921,-9.664538608281234,0 -35.74350295312487,-9.665232804216622,0 -35.74335814997401,-9.667489845987399,0 -35.73953385913066,-9.66661789436342,0 -35.73898580166527,-9.666560519792839,0 -35.73864864083861,-9.6662433620667,0 -35.73657610802056,-9.667613913950474,0 -35.73558863673404,-9.669807888460637,0 -35.73320459313103,-9.669592287098434,0 -35.73337129638465,-9.668970810525291,0 -35.73418893638873,-9.667819807703799,0 -35.73323988116683,-9.667082875761565,0 -35.73316952920014,-9.666837502639387,0 -35.72755402312697,-9.667188441578288,0 -35.72760003753766,-9.668747753068441,0 -35.72650658901441,-9.668557515420371,0 -35.72675926256063,-9.66700008837506,0 -35.72921067099967,-9.666870860869397,0 -35.72939091687394,-9.663309430271433,0 -35.7285134989081,-9.662567777434052,0 -35.72834383447064,-9.662405999660205,0 -35.7282648023681,-9.66134510034916,0 -35.72672140976315,-9.660558026636796,0 -35.72616793595054,-9.662256862038994,0 -35.72573096370378,-9.662995692444266,0 -35.72389285411423,-9.662055623500578,0 -35.72358881957626,-9.660246068202934,0 -35.72472618086457,-9.660181509380937,0 -35.72605427739586,-9.658739760791402,0 -35.72580027659104,-9.657697307068869,0 -35.72012797953862,-9.649526441433668,0 -35.71895057875448,-9.643598448334934,0 -35.71774982815177,-9.64005546095036,0 -35.71819252955441,-9.637638080336176,0 -35.71803579370757,-9.636260962386133,0 -35.71704042575973,-9.636371739637433,0 -35.71704117080469,-9.63556632009122,0 -35.71606515877239,-9.635686360556447,0 -35.71581557126758,-9.635442249705747,0 -35.71546850482413,-9.633293341698293,0 -35.71566261922988,-9.63114117586627,0 -35.71715496263751,-9.626481084389322,0 -35.71551877854547,-9.62150508373124,0 -35.71289124304247,-9.617179841010376,0 -35.71329969057985,-9.615897502025534,0 -35.71847126392871,-9.615444857179073,0 -35.72424802130649,-9.622565760651383,0 -35.72595950136442,-9.62354339771169,0 -35.73506509726204,-9.627423475112996,0 -35.73782350379986,-9.6284241088804,0 -35.73756044524134,-9.629622180717673,0 -35.74057065280219,-9.630843114937761,0 -35.74188360254046,-9.628370353419147,0 -35.74406226982579,-9.625630108172837,0 -35.74494646337218,-9.625579257625784,0 -35.74997085873792,-9.628162797779824,0 -35.75030049804674,-9.627603781314974,0 -35.75090233408881,-9.627934004229907,0 -35.75224675001856,-9.624682254149446,0 -35.75162422422459,-9.622523198431983,0 -35.7519701122149,-9.621141850801829,0 -35.75268028774498,-9.620552264144457,0 -35.75194618908252,-9.618540538694043,0 -35.75037732807458,-9.61659300225417,0 -35.75114893580765,-9.61363583387585,0 -35.74923779452118,-9.611291305798181,0 -35.75402209001779,-9.609764083906825,0 -35.75970239209963,-9.602598268662174,0 -35.76032016013778,-9.603102941560383,0 -35.75997785555171,-9.603897284649266,0 -35.76167989633691,-9.605092817861372,0 -35.76073961924937,-9.606632764942386,0 -35.76098614572908,-9.606805831884365,0</coordinates></LineString></Placemark><Placemark><name>0217 - T.I. Benedito Bentes / Mercado</name><styleUrl>#style_volta</styleUrl><LineString><tessellate>1</tessellate><coordinates>-35.74263186429373,-9.66049160748818,0 -35.74234111268431,-9.662851494316108,0 -35.73785425392615,-9.6614267898312,0 -35.73887597951569,-9.65959173321702,0 -35.73925693635044,-9.659491896376835,0 -35.7391521513447,-9.65718211408717,0 -35.74049317606549,-9.653960221083738,0 -35.73761571350399,-9.653266401741908,0 -35.73528016717779,-9.65072789826605,0 -35.73492061396863,-9.650135931328624,0 -35.73094048399491,-9.649025800815078,0 -35.72679021439775,-9.647289686607497,0 -35.72669179367799,-9.645764449368675,0 -35.7265552651686,-9.645364636472165,0 -35.72622739947973,-9.645199306316611,0 -35.7261814852821,-9.645402920543079,0 -35.72649052151348,-9.645728845080317,0 -35.72841531113958,-9.645575082311982,0 -35.72889184557395,-9.6418960474815,0 -35.72635866745559,-9.636044309860498,0 -35.72505462903175,-9.63056712927254,0 -35.72437216355649,-9.628010478154506,0 -35.71703416757014,-9.62816773093474,0 -35.71602096002107,-9.622754099831964,0 -35.71274251613933,-9.616937156578901,0 -35.71331386130445,-9.616099883670055,0 -35.71753586138616,-9.61543340035627,0 -35.71820710053144,-9.61213819161658,0 -35.72094625521931,-9.60874041997814,0 -35.72455600192566,-9.59367389525545,0 -35.73212755860163,-9.586761580761163,0 -35.73852854540088,-9.574521205937094,0 -35.74577289019162,-9.562635054918438,0 -35.73014118936529,-9.547156713217518,0 -35.72813314673193,-9.548912106291576,0 -35.72852437353291,-9.549421557591678,0 -35.72684341046759,-9.550913529762738,0 -35.72598491640029,-9.549990076084546,0 -35.72692998843193,-9.54917417003816,0 -35.72680745771195,-9.549009338148052,0 -35.7265217080703,-9.549327763763001,0</coordinates></LineString></Placemark><Placemark><name>0709 - Chã da Jaqueira / Ponta Verde</name><styleUrl>#style_volta</styleUrl><LineString><tessellate>1</tessellate><coordinates>-35.69896871205963,-9.652009736738997,0 -35.69830825968792,-9.658865179857942,0 -35.69615126892011,-9.66259670676933,0 -35.70017042206383,-9.661979998892516,0 -35.70493961322914,-9.66131163680955,0 -35.70732424791185,-9.661841703893423,0 -35.71090322741988,-9.663139640296418,0 -35.71694248829436,-9.669320681906761,0 -35.71925272592937,-9.67049188583966,0 -35.72146374202986,-9.667531359149423,0 -35.72921862415667,-9.666880608877088,0 -35.72935051136315,-9.663074358812906,0 -35.72836915826605,-9.662465058959814,0 -35.72817316137746,-9.66216646096521,0 -35.72836915414286,-9.661446297269167,0 -35.72948112430171,-9.659651425098945,0 -35.73079997553552,-9.660173896100956,0 -35.73155186575352,-9.660854336101766,0 -35.73325275932022,-9.659031721296122,0 -35.73311881988934,-9.650999668645488,0 -35.73872437670918,-9.6237889580968,0 -35.74182852273551,-9.605179308626338,0 -35.74689531300884,-9.603245303598882,0 -35.75228796555871,-9.594624299256973,0 -35.76053720371283,-9.590038279838577,0 -35.76272299619541,-9.587194811746432,0 -35.76421522965177,-9.588402010683804,0 -35.75721359252233,-9.598512817935868,0 -35.75656290876555,-9.599458867261042,0 -35.75823684512082,-9.600634817376234,0 -35.75790207254956,-9.601460059848481,0 -35.7591994149411,-9.602739190060216,0 -35.75953688453964,-9.602747887279005,0 -35.75974834671216,-9.602670444483865,0 -35.76043712437273,-9.603313812743771,0 -35.76004013078352,-9.603821907670863,0 -35.76214531025026,-9.605308118289296,0 -35.76134779235897,-9.606970141596015,0 -35.76076173722802,-9.606630586967308,0 -35.76165592615753,-9.605034091191495,0 -35.75918267595844,-9.603078477355785,0 -35.75552436675191,-9.607545004984354,0 -35.75391571483902,-9.609994839480098,0 -35.74909802466107,-9.61137128229114,0 -35.75076127689939,-9.612748002915678,0 -35.75078181183417,-9.613152919508991,0 -35.74983723517004,-9.613659062766692,0 -35.74837926018487,-9.615825386307632,0</coordinates></LineString></Placemark><Placemark><name>0707 - Graciliano Ramos / Ponta Verde</name><styleUrl>#style_volta</styleUrl><LineString><tessellate>1</tessellate><coordinates>-35.72678248413553,-9.66582536665645,0 -35.72700648047159,-9.665666377981646,0 -35.72754407387659,-9.665851862507669,0 -35.72764671832601,-9.670157627835998,0 -35.72967791652387,-9.669937021483092,0 -35.72726803618149,-9.671260604017435,0 -35.72528849546705,-9.672618122799035,0 -35.72360157103911,-9.672567216061962,0 -35.72151869500137,-9.673602343727893,0 -35.72084468358356,-9.673628286623785,0 -35.7198807238772,-9.674510674175515,0 -35.71807330232127,-9.67456159025224,0 -35.71753968407238,-9.674273123060383,0 -35.71871020054013,-9.673950714335103,0 -35.71778067200646,-9.671710831814096,0 -35.71392766097327,-9.66715116768599,0 -35.71085087858317,-9.664045556155806,0 -35.70588333082208,-9.662115653705355,0 -35.7018741420708,-9.662143985572584,0 -35.6958543259481,-9.663663799938657,0 -35.69830136773083,-9.658742599449843,0 -35.69902834841809,-9.652150673919031,0 -35.70039976422593,-9.648702987643249,0 -35.69919975004742,-9.644207440016473,0 -35.6996390188096,-9.64326963263486,0 -35.71023344379798,-9.642593610263393,0 -35.71206121063644,-9.644155518044448,0 -35.71274845039308,-9.643635269342228,0 -35.71349706626923,-9.644203905942344,0 -35.718883396951,-9.643772562854979,0 -35.717830554517,-9.641392437582123,0 -35.71761272544944,-9.639370229873522,0 -35.71822989013679,-9.637813292579326,0 -35.71804082977735,-9.636478158822463,0 -35.71708385210015,-9.63641793828286,0 -35.71700240892535,-9.635514612706373,0 -35.71606579399887,-9.635735423726004,0 -35.71524080878416,-9.631506702293814,0 -35.71713436801475,-9.627933544742369,0 -35.71611165730999,-9.623125759536675,0 -35.71276723520293,-9.617271849913475,0 -35.71310544794008,-9.616123309875292,0 -35.71731416343,-9.615567588670972,0 -35.71891643571985,-9.611468639069972,0 -35.72256058857915,-9.605606122959646,0 -35.72415874636767,-9.594826729519763,0 -35.73421241241352,-9.584889829674356,0 -35.73803996953718,-9.575527016828705,0 -35.73996634650528,-9.57297981897013,0 -35.74653411081837,-9.574620195788722,0 -35.74705953737488,-9.574317963093794,0 -35.74955534812538,-9.57496567995571,0 -35.75034336285784,-9.571511907365974,0 -35.74919544095894,-9.56937638648153,0 -35.7495355883066,-9.569199763351135,0 -35.75150212847428,-9.569350458027044,0 -35.75366730938612,-9.568964760816947,0 -35.75580126864691,-9.564970435408286,0 -35.75561691800102,-9.564588688593922,0 -35.75642803690664,-9.563588870924558,0 -35.75843740969369,-9.560898428419227,0 -35.76139455721151,-9.563114079693687,0 -35.76421371696798,-9.559391281847539,0 -35.753889989031,-9.554424420165825,0 -35.75277869201641,-9.554366056106986,0 -35.75274287396069,-9.554065820963794,0 -35.75240260057222,-9.55378324718006,0 -35.75379950395349,-9.550798581657894,0 -35.74584531698019,-9.546803827207054,0 -35.7460429346496,-9.54665131161008,0 -35.74770120994894,-9.547540983605797,0</coordinates></LineString></Placemark><Placemark><name>0110 - Graciliano Ramos / Trapiche</name><styleUrl>#style_volta</styleUrl><LineString><tessellate>1</tessellate><coordinates>-35.76148951584786,-9.674050035819187,0 -35.76305623557423,-9.673457998652657,0 -35.7626514988721,-9.67296892591062,0 -35.75907415069253,-9.672158071502887,0 -35.74562812012856,-9.668249335751549,0 -35.74617588751274,-9.6668644925114,0 -35.74505555910913,-9.664851203460971,0 -35.74349174438871,-9.665242334197984,0 -35.74485710606798,-9.664356483646644,0 -35.74336334050612,-9.665644985259894,0 -35.74328165879761,-9.667807838003066,0 -35.74307795219694,-9.668471485656493,0 -35.74234273014341,-9.668851134200093,0 -35.74189926333916,-9.669150250308013,0 -35.74184091824616,-9.670611322519314,0 -35.73285480010625,-9.66962193482492,0 -35.73419690280836,-9.667735204769519,0 -35.7330765667488,-9.66699891393909,0 -35.73322828079525,-9.666745817352142,0 -35.72743974179188,-9.667090971432287,0 -35.72757976955498,-9.668759123003502,0 -35.72644775055411,-9.66856354549167,0 -35.72675782755766,-9.665679356362839,0 -35.7274697062365,-9.665863432821096,0 -35.72749304055756,-9.66696785770521,0 -35.72923189081108,-9.666921843356583,0 -35.72925229988843,-9.66314631204268,0 -35.72849529475094,-9.662548570582102,0 -35.72814609787099,-9.66229491515908,0 -35.72820123686623,-9.661443359565059,0 -35.7268044413968,-9.660573673921483,0 -35.72566491439351,-9.662892802687486,0 -35.72388214011614,-9.661950632331259,0 -35.72351457917452,-9.660229391666043,0 -35.72469150070901,-9.660172223344276,0 -35.72508810627648,-9.659805180678827,0 -35.72607441144078,-9.658739017755115,0 -35.72592349307461,-9.658006569591711,0 -35.72037394485953,-9.649822304502038,0 -35.71999610580221,-9.648495239754107,0 -35.71905151744818,-9.643745824003842,0 -35.72129495726139,-9.643955367007418,0 -35.72360925442312,-9.645794589161603,0 -35.72448303926877,-9.6471914681901,0 -35.72568744293518,-9.647494118911979,0 -35.7267265325843,-9.6470284770177,0 -35.72674278690521,-9.645817628270034,0 -35.72623782800456,-9.645475383784735,0 -35.72623151533081,-9.645189140280465,0 -35.72658498554711,-9.645400709098821,0 -35.72676803408012,-9.645674506176,0 -35.72718462689379,-9.645749175298482,0 -35.72845601867425,-9.645536446142312,0 -35.72853175958112,-9.643818989245375,0 -35.72886285955667,-9.641455912966371,0 -35.72732398612665,-9.638258625120779,0 -35.72524389597468,-9.631447967633724,0 -35.72407466871316,-9.627680465489851,0 -35.71711635276396,-9.628102113242997,0 -35.71579907521311,-9.622415157538011,0 -35.71300443366483,-9.617101185782298,0 -35.71328724552307,-9.615862827651055,0 -35.71733657729904,-9.615581686807786,0 -35.71838746059154,-9.611924628566593,0 -35.7218061993584,-9.607617159319492,0 -35.72408482012816,-9.594507944695163,0 -35.73367629448721,-9.584581714865804,0 -35.73932576199412,-9.573325834693225,0 -35.74587751864377,-9.562557621561615,0 -35.74550610510762,-9.562031142401866,0 -35.74604000597029,-9.561848013330541,0 -35.74587752210007,-9.563015431379103,0 -35.74882577618849,-9.56862367279743,0 -35.74920427972969,-9.569273816419148,0 -35.75158905077993,-9.569423593812077,0 -35.75357892813829,-9.569034150002272,0 -35.75580314006181,-9.564946398729814,0 -35.75559047791184,-9.564541987550793,0 -35.75618285902254,-9.563897921744374,0 -35.75840042052886,-9.560857361095787,0 -35.76152577731573,-9.563105141656685,0 -35.76432430071841,-9.559539259340738,0 -35.75405324071998,-9.554468249251737,0 -35.75282566070844,-9.55446822502866,0 -35.75249086705101,-9.553873945393503,0 -35.75377166089081,-9.550584950192283,0 -35.74584803892311,-9.546792730657343,0 -35.74596272776937,-9.54662743033026,0 -35.74770952394211,-9.547567033276009,0</coordinates></LineString></Placemark><Placemark><name>0504 - Trapiche / São Jorge</name><styleUrl>#style_volta</styleUrl><LineString><tessellate>1</tessellate><coordinates>-35.70138658704515,-9.612575390802684,0 -35.70215147925692,-9.613697253403547,0 -35.70266238185909,-9.616920577646804,0 -35.70358531281775,-9.616982902566876,0 -35.703838172565,-9.617070158749806,0 -35.70651447447337,-9.618553387960004,0 -35.70718162539812,-9.619367189066251,0 -35.70822920371882,-9.619736057603022,0 -35.71008947145938,-9.620273828980883,0 -35.7093851107721,-9.620843640974948,0 -35.71142599738969,-9.623443423094622,0 -35.7160677573901,-9.623194126997799,0 -35.71615808464477,-9.623603693869725,0 -35.71283476030637,-9.623479038152999,0 -35.7111189608129,-9.623407809074157,0 -35.71151630697818,-9.623728334627348,0 -35.71142602505224,-9.62502825430415,0 -35.71014368741636,-9.625063865167954,0 -35.70961991591796,-9.624850177913878,0 -35.7086807461711,-9.624974806971826,0 -35.70824728620421,-9.625117260560671,0 -35.70788607672146,-9.628945729789463,0 -35.70784279741244,-9.628843789096493,0 -35.70817707632375,-9.623545035158049,0 -35.70563242436612,-9.623707641206,0 -35.70498054147397,-9.62429613308677,0 -35.70425555183323,-9.62547216709766,0 -35.70237038759481,-9.625852574898769,0 -35.69740669445472,-9.625923662690871,0 -35.69717517963629,-9.626043222430052,0 -35.697913802587,-9.627249702655568,0 -35.69912633941588,-9.629750156354458,0 -35.6957859144524,-9.629934921931271,0 -35.69672300617866,-9.629967533210806,0 -35.69672300020173,-9.63047838347306,0 -35.69946809708533,-9.63044577864789,0 -35.70031698975693,-9.631847903413538,0 -35.70101535974722,-9.633192260576369,0 -35.70288452711073,-9.635866588842346,0 -35.70493610058499,-9.638698248531533,0 -35.70026307367272,-9.638630827058217,0 -35.7002858561132,-9.639462358050311,0 -35.70277055171748,-9.63941740941917,0 -35.70258818848581,-9.639776991512548,0 -35.70261046200343,-9.643222926833847,0 -35.70981394106271,-9.642571152487617,0 -35.7104522563079,-9.642750937305006,0 -35.71545399370619,-9.647056301257136,0 -35.71919266263411,-9.65137121758368,0 -35.71855437919923,-9.65211284558214,0 -35.71814404648011,-9.651955531708747,0 -35.7173461792224,-9.651371224657478,0 -35.71577325660759,-9.651213912746528,0 -35.69913386104102,-9.651285425581943,0 -35.69880512128537,-9.652743549688896,0 -35.69831177544157,-9.658792198274025,0 -35.69619916681201,-9.662975805021595,0 -35.70082678607028,-9.661759278052953,0 -35.70483777038069,-9.661352503109132,0 -35.708812109679,-9.66226487149664,0 -35.71122586410866,-9.663427721333843,0 -35.71352516521509,-9.665772151091442,0 -35.71648326391171,-9.668902927656864,0 -35.71581179164128,-9.669224954320962,0 -35.71918737855086,-9.673625946634653,0 -35.72007665345771,-9.674019534400637,0 -35.7210203641709,-9.67360805518627,0 -35.72180075341079,-9.673608054507705,0 -35.72319818375444,-9.672767199971688,0 -35.72434378340321,-9.67243305988933,0 -35.72541465383335,-9.672634128947685,0 -35.72704642986101,-9.671226595207864,0 -35.72699542006572,-9.670573105077036,0 -35.72885670923473,-9.66999498384644,0 -35.73336965398888,-9.669416854642167,0 -35.7356133602332,-9.669567662181525,0 -35.73342064271974,-9.66911524043579,0 -35.73525633052184,-9.666023718737694,0 -35.73857096560599,-9.668009306318574,0 -35.741401258869,-9.668562255836,0 -35.74201283221383,-9.668574160973444,0 -35.74233755244012,-9.66884304399291,0 -35.74293502704497,-9.668394898157244,0 -35.7433506468487,-9.666935231746118,0 -35.74308724021715,-9.664483733928122,0 -35.74358439968036,-9.664054323977291,0 -35.74616843412407,-9.662799504542699,0 -35.74876607166817,-9.661634336034274,0 -35.75074035688612,-9.665859647118527,0 -35.74989808216122,-9.66934801309469,0 -35.76153867080239,-9.672849576778965,0 -35.76104491217546,-9.6743908751216,0 -35.76145637126437,-9.674255675923446,0</coordinates></LineString></Placemark><Placemark><name>0053 - Graciliano Ramos / Centro</name><styleUrl>#style_volta</styleUrl><LineString><tessellate>1</tessellate><coordinates>-35.74773956014572,-9.547690789482326,0 -35.74571442923064,-9.546819649723554,0 -35.74594693639824,-9.546609473518576,0 -35.7503866677058,-9.548871998834176,0 -35.75406399897864,-9.550781145906207,0 -35.75222253871849,-9.553678400046456,0 -35.75284411257881,-9.55429135788759,0 -35.75448507705589,-9.554610095869904,0 -35.75978108735796,-9.55713552336814,0 -35.77602477586458,-9.565438454571362,0 -35.77645851068781,-9.565969055971605,0 -35.77668230528555,-9.56623588229422,0 -35.77671960657433,-9.566603919910289,0 -35.77627202495713,-9.56756082129922,0 -35.76943537588976,-9.57766370904374,0 -35.76639774236863,-9.58171921421633,0 -35.76043445230477,-9.58961670994509,0 -35.75199406088829,-9.595075101450854,0 -35.74682453810503,-9.602992745643334,0 -35.74202253296818,-9.605275021623092,0 -35.74021674208886,-9.608970376651598,0 -35.73965644817133,-9.615402887847697,0 -35.7376588147936,-9.629965614318474,0 -35.73452585296202,-9.644403656815786,0 -35.73319282530939,-9.650370315677835,0 -35.73321236031472,-9.655256944938344,0 -35.73338019291529,-9.658511287064346,0 -35.7330932270511,-9.659431136949427,0 -35.73553285253587,-9.661212964661512,0 -35.73748592039064,-9.662207338533818,0 -35.73701288466453,-9.663213317138876,0 -35.73765683924707,-9.66340777401726,0 -35.73842840930933,-9.661657877135866,0</coordinates></LineString></Placemark><Placemark><name>0612 - E. Gomes / Jatiuca</name><styleUrl>#style_volta</styleUrl><LineString><tessellate>1</tessellate><coordinates>-35.69703353713685,-9.661522934779063,0 -35.69814558325125,-9.65899595231335,0 -35.69882301611942,-9.653302725626565,0 -35.70515600322835,-9.653358499551912,0 -35.70511832917049,-9.64899200866398,0 -35.7052314068894,-9.651407519958623,0 -35.71184691227015,-9.651147360101072,0 -35.71604910482531,-9.651162354172254,0 -35.71158503991686,-9.646260788779877,0 -35.71111182180732,-9.645334585333812,0 -35.71146104508467,-9.644904224117722,0 -35.71403659143539,-9.644344732349783,0 -35.7193856454123,-9.643817207611832,0 -35.72103661751784,-9.64394051832995,0 -35.72423854346835,-9.646554604909175,0 -35.72561440278167,-9.64746707250925,0 -35.72654262611768,-9.647227706259777,0 -35.72674656929848,-9.64645216701773,0 -35.72661059687415,-9.645781950539119,0 -35.72621240634689,-9.64539897293387,0 -35.72629981202919,-9.645197906734555,0 -35.72651347493847,-9.645351097172206,0 -35.72673685123493,-9.645628756592501,0 -35.72730985954628,-9.645753219281213,0 -35.7284130299936,-9.645561456247338,0 -35.72675916294968,-9.645689845743748,0 -35.72664196151854,-9.64715343160026,0 -35.72907721888365,-9.648206192495394,0 -35.73144737027545,-9.649104888597174,0 -35.73156456829817,-9.648321738374845,0 -35.73364823561693,-9.648989336571178,0 -35.73814075473359,-9.626148279011447,0 -35.73920411308369,-9.618607527067754,0 -35.74064230851886,-9.607422286088166,0 -35.74312724809468,-9.604518218290842,0 -35.74745351735221,-9.602612275719311,0 -35.75260526520228,-9.594173102675173,0 -35.76042836289157,-9.590089239174784,0 -35.77624735997352,-9.56828096657545,0 -35.77672756905783,-9.566091312742087,0 -35.77736547074073,-9.565200162953278,0 -35.77991702994306,-9.560674587828718,0 -35.78888708663178,-9.544490353853117,0 -35.78334505268066,-9.54142153058139,0 -35.78301790891237,-9.54200983560543,0</coordinates></LineString></Placemark><Placemark><name>0108 - Clima Bom via Colina / Trapiche</name><styleUrl>#style_volta</styleUrl><LineString><tessellate>1</tessellate><coordinates>-35.76128385552766,-9.674364424951174,0 -35.76178366690328,-9.67381697590865,0 -35.76271935310651,-9.673581987176123,0 -35.76311384049528,-9.673546119792228,0 -35.76291659600252,-9.673253517528696,0 -35.76225209744466,-9.673074180989568,0 -35.76077980468922,-9.67261436147391,0 -35.76030393726992,-9.674195186653916,0 -35.76019380223533,-9.674515678506094,0 -35.76082191890578,-9.674742209416136,0 -35.76124053356361,-9.673451964502577,0 -35.76146116747032,-9.672804889862736,0 -35.75829018861908,-9.67188099287454,0 -35.75681939042143,-9.671435221777099,0 -35.75742378848159,-9.66906189361668,0 -35.75774538707606,-9.666381594069783,0 -35.75770867957269,-9.663577220652197,0 -35.75700413570253,-9.661809150486762,0 -35.75425272018779,-9.658340363252451,0 -35.74859094629395,-9.661522290968383,0 -35.7498608383724,-9.663921746136834,0 -35.74123066620994,-9.664587021679447,0 -35.74169963008478,-9.662554231875323,0 -35.73785699069022,-9.661463846803528,0 -35.73886408831695,-9.659500447263289,0 -35.73929247759636,-9.6594930381536,0 -35.7391789822581,-9.65706113236007,0 -35.74055694748501,-9.653960414406292,0 -35.73830981152655,-9.65350105039162,0 -35.73588551340558,-9.651429678184192,0 -35.73480826810459,-9.650174727233347,0 -35.73269798520721,-9.649616212846276,0 -35.73149405627863,-9.649267159211265,0 -35.73130994841159,-9.65098454700127,0 -35.73312281607924,-9.650858879065241,0 -35.73480514586242,-9.643147751546202,0 -35.73862572620167,-9.623890869648337,0 -35.73727245299865,-9.630708241037528,0 -35.73659396081615,-9.630450959479136,0 -35.73699061727824,-9.628063394658586,0 -35.73781524049691,-9.628403004005856,0 -35.73741858780841,-9.629679116591923,0 -35.74050837002901,-9.630667070627304,0 -35.74094042722291,-9.63018602472839,0 -35.74178070591598,-9.628375698601772,0 -35.74399032376125,-9.62553748212639,0 -35.74462832236156,-9.6254914476574,0 -35.74999688068439,-9.628099540080001,0 -35.75035477449086,-9.627516553883575,0 -35.75085273013723,-9.627869411480862,0 -35.75253328010859,-9.624172035127579,0 -35.7527323683525,-9.622956713868069,0 -35.7533703465425,-9.622220309314974,0 -35.75856761076039,-9.620532694818982,0 -35.76090170037096,-9.619243974691894,0 -35.76287156156178,-9.61732471418051,0 -35.76800957569296,-9.611207602218869,0 -35.76850651991445,-9.610309310649386,0 -35.7709806188283,-9.599449999027396,0 -35.76735712373917,-9.59718388364479,0 -35.76786594587053,-9.593873385914591,0 -35.76683028171563,-9.591340791592117,0 -35.76790741282636,-9.586970045174633,0 -35.77228270744304,-9.586528159528404,0 -35.77422365103394,-9.581636985482666,0 -35.77429891078243,-9.581310461821925,0 -35.77393390090418,-9.580957964502309,0 -35.77392772387982,-9.580831196053854,0 -35.77399428234889,-9.580794546392623,0 -35.77409251586906,-9.580761649368782,0 -35.77429825056062,-9.581185654886875,0 -35.77448359823394,-9.581562143237237,0 -35.77470941514558,-9.582494817860056,0 -35.77506262403233,-9.583559029868354,0 -35.77605359047222,-9.584120163959835,0 -35.77805164705021,-9.585174073728968,0 -35.77866977437588,-9.58512570052371,0 -35.77873845563865,-9.585580405384963,0 -35.77828712423438,-9.586238276076564,0 -35.77692329841663,-9.58867627975571,0 -35.77473530887703,-9.585889972624068,0 -35.77486286487807,-9.58559006007905,0 -35.77519646697743,-9.585270800960833,0 -35.77538288942529,-9.58534820020951,0 -35.77652104433862,-9.584554892391852,0 -35.77594216104502,-9.584129194628105,0 -35.77829692082627,-9.582678005684444,0 -35.7785422073708,-9.582358743322615,0 -35.77936637598759,-9.581884681322366,0 -35.77767152573132,-9.579556087914735,0 -35.77885870531421,-9.578656344856903,0 -35.77802655649639,-9.577481330156532,0 -35.77865448498041,-9.576929873304204,0 -35.77770488889557,-9.570671142197167,0 -35.77751847414792,-9.569558559891084,0 -35.79071559588883,-9.56763744298254,0 -35.79127849044726,-9.570679837114577,0 -35.79323048098728,-9.570357245059967,0 -35.79332862640682,-9.571497082812842,0 -35.79142024731397,-9.571765912465873,0 -35.79103858411185,-9.570056149902681,0</coordinates></LineString></Placemark><Placemark><name>0117 - Village II / Trapiche</name><styleUrl>#style_volta</styleUrl><LineString><tessellate>1</tessellate><coordinates>-35.76130047741493,-9.547117299069395,0 -35.76114160860056,-9.546856191688091,0 -35.7621477428568,-9.54511546001854,0 -35.7585467905459,-9.543426987185693,0 -35.7595352684793,-9.541686252013196,0 -35.75437573770779,-9.539029982847893,0 -35.75291068691152,-9.54158884740443,0 -35.7523634946624,-9.542615878133823,0 -35.75418161105296,-9.543555877946114,0 -35.75220380703124,-9.547103621503899,0 -35.7613593546793,-9.551934143592336,0 -35.76732424282125,-9.55481508590743,0 -35.76484103546857,-9.559592876111134,0 -35.76411672376615,-9.559517402426303,0 -35.76154221570168,-9.563051717446767,0 -35.75844006263289,-9.560938716680443,0 -35.75565293330572,-9.564438337846155,0 -35.7556718810539,-9.565036334666335,0 -35.7535185814577,-9.569162730453456,0 -35.75116866777067,-9.569386976007987,0 -35.74919732720073,-9.569269731212872,0 -35.75027790474662,-9.571510680821223,0 -35.74953970409212,-9.574863057583533,0 -35.7468288030209,-9.574245684778141,0 -35.7464118529054,-9.574656827173534,0 -35.74574760708892,-9.574378732049492,0 -35.73971263645441,-9.573045925443655,0 -35.73716236980668,-9.577842248401845,0 -35.73485069516909,-9.583586904475549,0 -35.72656409236692,-9.59129461149458,0 -35.72413593000879,-9.594160660682016,0 -35.72333452761367,-9.59766946171428,0 -35.72224839606822,-9.607183741439227,0 -35.71819191825411,-9.612577730804414,0 -35.71743704032984,-9.615550077264073,0 -35.71604982020219,-9.615638569534841,0 -35.71332815601264,-9.616015712779173,0 -35.71283227020857,-9.61652189796106,0 -35.71278390061736,-9.617632480161669,0 -35.71487581893632,-9.620453746973999,0 -35.71660287179783,-9.62333137583386,0 -35.71715085803216,-9.627104014536148,0 -35.71833779438297,-9.627096269920168,0 -35.72103920112831,-9.626581439408922,0 -35.72303525588733,-9.627084606887195,0 -35.72451637801164,-9.628196342010733,0 -35.72531697184203,-9.631907734939757,0 -35.72654023401201,-9.636831431614068,0 -35.72888099423897,-9.641612283421303,0 -35.72837439033219,-9.644672605120675,0 -35.72846402240474,-9.645488822417526,0 -35.72686829662079,-9.645800630577977,0 -35.7264225772261,-9.64571095948017,0 -35.7261944071795,-9.645338874152552,0 -35.72638733271493,-9.645230531431718,0 -35.72665727008803,-9.64552791159667,0 -35.72662022440912,-9.646994531345584,0 -35.7257632537674,-9.647524755051498,0 -35.72450097223689,-9.647031793001359,0 -35.72153841078803,-9.644180853572594,0 -35.71935109108446,-9.643891942093582,0 -35.71920886021442,-9.644533034898876,0 -35.71977462153125,-9.646364088955414,0 -35.72009719356373,-9.649404424067495,0 -35.72085832050772,-9.650291675818956,0 -35.72561245720605,-9.657747931859296,0 -35.72601468426501,-9.658127257446601,0 -35.72608570421419,-9.658660808763273,0 -35.72576609750478,-9.659040475990475,0 -35.72466578417753,-9.660162370966262,0 -35.72353991957664,-9.660284004267988,0 -35.72360690594753,-9.661124835845262,0 -35.72387504423168,-9.662100215832861,0 -35.72415958820728,-9.662082687562947,0 -35.72564954749831,-9.662862770212682,0 -35.7260269925846,-9.662422310029822,0 -35.72627154673108,-9.661897265906447,0 -35.72680718301395,-9.660615245835604,0 -35.7284396833108,-9.661589884437213,0 -35.72859374859873,-9.662485302999245,0 -35.72879420776484,-9.662933200280444,0 -35.72932531520769,-9.66310900492555,0 -35.72942663062149,-9.66335781938395,0 -35.72930144521396,-9.666818294246678,0 -35.72755240883409,-9.667018423004267,0 -35.72756027586187,-9.665904131655678,0 -35.72676750867797,-9.66570543753638,0 -35.7267751334342,-9.666974243459377,0 -35.72648445850984,-9.668619940966822,0 -35.72757443350682,-9.668651944975128,0 -35.72758505029652,-9.667266393732179,0 -35.73319781489715,-9.66686399553732,0 -35.73328622087281,-9.667190932565745,0 -35.73421299277247,-9.667829475157921,0 -35.73310360100446,-9.669481717045127,0 -35.73572809845201,-9.669679506961577,0 -35.74174854816766,-9.670691792638788,0 -35.74191996681942,-9.669023965863751,0 -35.74236561973667,-9.668816151813326,0 -35.74296217460327,-9.668479412127617,0 -35.74339340230797,-9.667477640014729,0 -35.74340557537967,-9.666318467944594,0 -35.74345015638268,-9.665222707283009,0 -35.7452016713185,-9.66501021546361,0 -35.74792134769693,-9.66481073166051,0 -35.7479715199723,-9.665366312576879,0 -35.74753693490827,-9.667225523384795,0 -35.74704712256253,-9.668615463016632,0 -35.75671670276751,-9.671482394901851,0 -35.76281489390136,-9.673115904682993,0 -35.76312788782865,-9.673466379680807,0 -35.76201530934276,-9.67376296386417,0 -35.76085731472641,-9.674872606432425,0 -35.76153031231226,-9.673965866322535,0</coordinates></LineString></Placemark><Placemark><name>0052 - T.I Eustáquio Gomes / Centro</name><styleUrl>#style_volta</styleUrl><LineString><tessellate>1</tessellate><coordinates>-35.74775296528607,-9.547755220299669,0 -35.74583842017584,-9.546916071240524,0 -35.74619296820854,-9.54665385237007,0 -35.75393976745661,-9.5508144828664,0 -35.75236206268358,-9.55378638086942,0 -35.75291162689803,-9.554240913225353,0 -35.75360692869732,-9.554569826926329,0 -35.7546362566695,-9.554656858989427,0 -35.7637123714348,-9.559259100460007,0 -35.77612577328336,-9.565360573682698,0 -35.77631618977906,-9.565806687211055,0 -35.77655323845062,-9.566416344034357,0 -35.77466186276915,-9.570656988982352,0 -35.76227848256321,-9.587488748776574,0 -35.75841235863071,-9.591220065399334,0 -35.75272260662308,-9.594432119939695,0 -35.74788856794162,-9.601733371794635,0 -35.74135054384212,-9.605912980254738,0 -35.73996102507383,-9.610416090696484,0 -35.73795813616579,-9.625320505642637,0 -35.73795826295215,-9.629002030624617,0 -35.73379843598072,-9.64871228971269,0 -35.73345457375205,-9.650568712254405,0 -35.73325661052875,-9.656386637465028,0 -35.73311852948859,-9.659469636119,0 -35.73747481143661,-9.662324951171438,0 -35.7370530272867,-9.66334437900748,0 -35.73768574039529,-9.663509892520633,0 -35.73862138811607,-9.66137230034425,0</coordinates></LineString></Placemark><Placemark><name>0069 - Clima Bom / Centro</name><styleUrl>#style_volta</styleUrl><LineString><tessellate>1</tessellate><coordinates>-35.73764266433389,-9.664227676410079,0 -35.73638035380745,-9.66424546400434,0 -35.73735411173879,-9.66225314281673,0 -35.73293610697959,-9.6594070021214,0 -35.73350927575883,-9.657793796680117,0 -35.73301724362835,-9.65094758677166,0 -35.73354565688901,-9.6495171121504,0 -35.73722439508692,-9.630436242433245,0 -35.74145177728942,-9.606204084695557,0 -35.74720892920071,-9.6028419594642,0 -35.74978286901454,-9.598711527201395,0 -35.75275287486647,-9.594338019630959,0 -35.75900083770819,-9.590686724252063,0 -35.76287473118622,-9.58633245167445,0 -35.76961562561237,-9.577438781740934,0 -35.76854132612146,-9.576463567431972,0 -35.76925216684135,-9.575307150449111,0 -35.77071461977364,-9.576185319406832,0 -35.77313860923317,-9.577568335985687,0 -35.77381236668626,-9.580346368827088,0 -35.77505141157383,-9.579595907783423,0 -35.77672288420236,-9.578277353308026,0 -35.77767009339291,-9.57956841380645,0 -35.77884013843271,-9.578716834194823,0 -35.77803221464507,-9.577425774104979,0 -35.77858937628177,-9.57682142818844,0 -35.77748297176484,-9.569505535864993,0 -35.79077048666173,-9.567624374958402,0 -35.79090519349671,-9.568213240681107,0 -35.79137890706802,-9.571729407035091,0 -35.79327330839276,-9.571537109723845,0 -35.79321753070243,-9.570355879730899,0 -35.7914345839615,-9.57074047563036,0 -35.79112811934961,-9.570163604394203,0</coordinates></LineString></Placemark><Placemark><name>0042 - T.I. Benedito Bentes / Centro</name><styleUrl>#style_volta</styleUrl><LineString><tessellate>1</tessellate><coordinates>-35.72675511477135,-9.549298852386192,0 -35.72604681657418,-9.550026268106112,0 -35.72698755989011,-9.550934904177083,0 -35.72845854968171,-9.549314744275456,0 -35.72811033953858,-9.548941314938519,0 -35.73005812309975,-9.546891383885665,0 -35.74033782883611,-9.556891516133204,0 -35.7416448608215,-9.557976069726084,0 -35.74481924610683,-9.561050615684612,0 -35.7453710827284,-9.561927923453467,0 -35.74553830725061,-9.56247695532351,0 -35.74552777078478,-9.562831096880124,0 -35.74486795997295,-9.564437695059441,0 -35.74494839585952,-9.564489601846708,0 -35.74569247979798,-9.562666475596764,0 -35.74599610031223,-9.562997138887074,0 -35.74775078396822,-9.566402855699744,0 -35.7502148746834,-9.571312979632374,0 -35.75032932168457,-9.571432192598504,0 -35.75026016058754,-9.571843458203588,0 -35.74933068934813,-9.575905881618992,0 -35.74982478848238,-9.576605759058719,0 -35.75607099608699,-9.579879882802803,0 -35.76382454498113,-9.585284501899732,0 -35.76063402786616,-9.589867147901266,0 -35.755381641189,-9.59295150259773,0 -35.75236556559296,-9.594829095582723,0 -35.74729518070355,-9.603026347678316,0 -35.74250155248365,-9.605308666198615,0 -35.73983644950998,-9.611738513661505,0 -35.73761492783221,-9.629868825943545,0 -35.73361387927683,-9.649846769474395,0 -35.73304146707328,-9.651854428557487,0 -35.73308349263029,-9.65375019073894,0 -35.73317183128761,-9.655435137765345,0 -35.73357379221232,-9.658240036963326,0 -35.73300337437474,-9.659435056949711,0 -35.73737891339328,-9.662498889587729,0 -35.73688546626448,-9.663297289167613,0 -35.73764211763928,-9.66343978300205,0 -35.73792394329456,-9.662646545807261,0</coordinates></LineString></Placemark><Placemark><name>0214 - Henrique Equelman / Vergel</name><styleUrl>#style_volta</styleUrl><LineString><tessellate>1</tessellate><coordinates>-35.73463081028687,-9.560893808963382,0 -35.73436784971468,-9.561103929088798,0 -35.73379351727508,-9.560930990027655,0 -35.73312400310104,-9.560756307180966,0 -35.73237691766052,-9.562663800650675,0 -35.73300272317389,-9.563066342764248,0 -35.73343184163459,-9.563995862881878,0 -35.73372715700012,-9.5640779671284,0 -35.73414168004925,-9.562870953082133,0 -35.73516675193385,-9.5611471485883,0 -35.73530725227026,-9.561310695626366,0 -35.73667764281129,-9.559846429933236,0 -35.73642144419257,-9.559526956276848,0 -35.73554202964501,-9.559257951879248,0 -35.735370208372,-9.559786872669656,0 -35.73397753392424,-9.559374438798496,0 -35.73418883959278,-9.558405356287297,0 -35.73373231835395,-9.558180702841382,0 -35.73374896152742,-9.557823590067658,0 -35.73407406643842,-9.557506840236714,0 -35.73437795883139,-9.557449103806722,0 -35.73449585729063,-9.557774896358413,0 -35.7357011238155,-9.558254004236487,0 -35.73556234075037,-9.559189895579125,0 -35.73674661942311,-9.559595888580063,0 -35.73808461722689,-9.560927100557091,0 -35.73862151313025,-9.560360124279748,0 -35.74166553746296,-9.563325093852935,0 -35.74229777064031,-9.564020885663142,0 -35.74168188894031,-9.56458490865538,0 -35.74204290623321,-9.564898168049982,0 -35.74261335872085,-9.564237143367098,0 -35.74430208183771,-9.565830898724396,0 -35.74347255254763,-9.5679599574407,0 -35.74202463748646,-9.570482356511697,0 -35.73993805335402,-9.57272461750621,0 -35.73771725550348,-9.576262823718611,0 -35.73521365060021,-9.582476518296236,0 -35.73389657705358,-9.58489451941462,0 -35.72747610828215,-9.590200692742927,0 -35.72450338094872,-9.59388417686868,0 -35.72343416633919,-9.597068100093587,0 -35.7225608068988,-9.605420110127014,0 -35.72294489171924,-9.606828904289227,0 -35.72398273302072,-9.6088083628571,0 -35.72840632961935,-9.612923773556652,0 -35.73001228707111,-9.614152895166132,0 -35.73127596191816,-9.614382166958073,0 -35.73205513529026,-9.614948467912898,0 -35.73240955578496,-9.615302529503772,0 -35.73423630020979,-9.616773142625048,0 -35.73471820232495,-9.615516157711557,0 -35.73928780313252,-9.61721067446905,0 -35.73739253158556,-9.631170135111722,0 -35.73331503847822,-9.650221418323849,0 -35.7330405146387,-9.652053193617018,0 -35.73318412001987,-9.654121621167295,0 -35.73343013607318,-9.658253952093263,0 -35.73305677641513,-9.659448868530033,0 -35.73545880151842,-9.661232818895515,0 -35.73740397002615,-9.662291605364338,0 -35.7369923385985,-9.663315890111205,0 -35.73766346944915,-9.663373510643105,0 -35.73848153632172,-9.661680851303947,0 -35.74167024456001,-9.662625730687587,0 -35.74141047460012,-9.66449138162921,0 -35.74777380689634,-9.664071028911282,0 -35.74991981135936,-9.663957889324449,0 -35.74862672875009,-9.661699408284317,0 -35.75347839516384,-9.658926501492699,0 -35.75508011177512,-9.657970762775845,0 -35.75664850557511,-9.65619919589696,0 -35.75765509266841,-9.654990157651488,0 -35.75829504295841,-9.654215804317948,0 -35.75865411125998,-9.654262053374646,0 -35.75966473771757,-9.654280320022757,0 -35.76038164318233,-9.6534165170237,0 -35.76072490071554,-9.652931126913478,0 -35.76089215549196,-9.652656372418685,0 -35.7610141615054,-9.652465950045558,0</coordinates></LineString></Placemark><Placemark><name>0401 - Circular Bairros I</name><styleUrl>#style_volta</styleUrl><LineString><tessellate>1</tessellate><coordinates>-35.72625369072026,-9.645429215474318,0 -35.7262080341969,-9.645204151146402,0 -35.72639066727885,-9.645159139653106,0 -35.72684724656933,-9.645681291279816,0 -35.72830831639781,-9.645528254457028,0 -35.72851834677339,-9.644078838940052,0 -35.72887449366032,-9.642062246129372,0 -35.72768059461912,-9.638778449679295,0 -35.72643654790519,-9.636250369575437,0 -35.72592691595803,-9.635013940659105,0 -35.7253734857653,-9.63237295141143,0 -35.72442160048474,-9.628007711238018,0 -35.72386815333338,-9.627658482079589,0 -35.71711586066098,-9.628138449145911,0 -35.71535523167713,-9.631387312596289,0 -35.71559869451461,-9.633744562157997,0 -35.71595288811412,-9.634683102770765,0 -35.7182331905848,-9.634312089214868,0 -35.71807817231333,-9.636276459267119,0 -35.71832217439643,-9.63766433878726,0 -35.71770226213383,-9.63930129054002,0 -35.71790145904587,-9.641920442563057,0 -35.7190305160437,-9.643841182418086,0 -35.71471331262148,-9.644124897527467,0 -35.71336275173704,-9.644474119832797,0 -35.71329629078071,-9.64519441587772,0 -35.7135176663577,-9.645674614567513,0 -35.71655964506394,-9.64815846323687,0 -35.71899495203608,-9.651017762524305,0 -35.71930490051828,-9.6513451627221,0 -35.71833071346366,-9.652218213727323,0 -35.71746728191879,-9.651301487251978,0 -35.71649311441845,-9.651192340878834,0 -35.69952103528381,-9.651194287487884,0 -35.69905604461228,-9.652067335899783,0 -35.69823640126369,-9.658899201007516,0 -35.7051001528046,-9.658855537016839,0 -35.7051223534973,-9.656694660796315,0 -35.71014814762578,-9.656672869804579,0 -35.7103252466554,-9.659139278339321,0 -35.71076804840754,-9.659925032379844,0 -35.71101159186911,-9.660601656880228,0 -35.70981600942243,-9.662631540910779,0 -35.71116656449595,-9.663526446076867,0 -35.7115872276181,-9.663832020771267,0 -35.71459831972361,-9.666844142916204,0 -35.71820722803677,-9.663330054518143,0 -35.71873858958482,-9.662413343867005,0 -35.71966849839327,-9.662282385930407,0 -35.71955781804991,-9.663395539472903,0 -35.72243610447214,-9.66540360449296,0 -35.72321103761833,-9.666211185187185,0 -35.72277675894973,-9.666705273620117,0 -35.72265891560691,-9.66704548030442,0 -35.72271784048012,-9.667244630714102,0 -35.72817222975426,-9.66697913945927,0 -35.73253351405899,-9.666653843719088,0 -35.73370472245117,-9.66671100051842,0 -35.73405531479325,-9.666781569045536,0 -35.7346724692435,-9.665795831613533,0 -35.73680516786253,-9.667020310054513,0 -35.73819006700638,-9.66781240390483,0 -35.74007279176513,-9.668235984688016,0 -35.741875569941,-9.668612890610055,0 -35.74232085712527,-9.668836225710086,0 -35.74289114073181,-9.668312553162336,0 -35.74325049794932,-9.667519340421524,0 -35.74326592035371,-9.66576991018533,0 -35.74311936180101,-9.664414020659285,0 -35.7459265911434,-9.662902509462498,0 -35.7486774438489,-9.661713319620354,0 -35.74979359784319,-9.663858309941677,0 -35.75078072651349,-9.66583144941343,0 -35.75028467478616,-9.667887522202912,0 -35.74986753512944,-9.669354561419036,0 -35.75774806464953,-9.671669249454709,0 -35.76151273968071,-9.672817915253953,0 -35.7609109554046,-9.674720706188937,0 -35.76146732096115,-9.673993168551416,0</coordinates></LineString></Placemark><Placemark><name>0048 - T.I Benedito Bentes / Centro (Via Josefa de Melo)</name><styleUrl>#style_volta</styleUrl><LineString><tessellate>1</tessellate><coordinates>-35.72675124530494,-9.549021060110753,0 -35.72683818139856,-9.549021060157314,0 -35.72695554438752,-9.549145432952187,0 -35.72608183255343,-9.55003319104209,0 -35.72611990093412,-9.550145770731532,0 -35.72768482898977,-9.548698464070995,0 -35.72820646396693,-9.548916437212043,0 -35.73017809352526,-9.546876225899359,0 -35.73830848402575,-9.555002327501654,0 -35.74533074954321,-9.561530739456103,0 -35.74553825457945,-9.562612255283964,0 -35.74423402043915,-9.566149119454659,0 -35.74105767108924,-9.571725494680459,0 -35.73764873114178,-9.575993111025388,0 -35.734636110504,-9.58410805280468,0 -35.72849824288758,-9.589656094049499,0 -35.72503139131875,-9.592732683792308,0 -35.72335573707984,-9.597290607204899,0 -35.72260456526364,-9.60583706817048,0 -35.72125873088347,-9.608584923685816,0 -35.71836944430696,-9.61200332680133,0 -35.71739528518536,-9.615360753235382,0 -35.71298875913222,-9.616255041585665,0 -35.71275682471281,-9.617232546244274,0 -35.71376883210162,-9.619000388094252,0 -35.71606696574404,-9.623035225234016,0 -35.70559739263803,-9.623569620611498,0 -35.70380552154462,-9.62550703696649,0 -35.69681195881888,-9.625849090088089,0 -35.69576832893324,-9.626114530797953,0 -35.69578143390507,-9.6268003215981,0 -35.69725062606507,-9.626632133646197,0 -35.70292244521291,-9.636087803025127,0 -35.70679459777633,-9.640247116572647,0 -35.70969834749548,-9.642035762093895,0 -35.70989133478992,-9.642429177337174,0 -35.70963468192022,-9.642568927775827,0 -35.70807718651199,-9.642809871803328,0 -35.70818812518757,-9.64507036523276,0 -35.71023543030782,-9.645113985915534,0 -35.71105767930797,-9.645925050956654,0 -35.71838357944789,-9.65326301234518,0 -35.7228718810096,-9.657427102741257,0 -35.72344144025154,-9.65960364560965,0 -35.72523691369698,-9.66843491504102,0 -35.72590011009427,-9.668209374201128,0 -35.72648383528809,-9.668659111352058,0 -35.72755858209706,-9.668721475991434,0 -35.72751121303582,-9.667147068853458,0 -35.73288498579167,-9.666772845610156,0 -35.73459070754245,-9.667086901102655,0 -35.73339620907907,-9.668993720351063,0 -35.73321423218939,-9.66964424413496,0 -35.73564749617271,-9.669754357660619,0 -35.73678390625918,-9.667347386787775,0 -35.73863112336587,-9.666219245305001,0 -35.73895314038919,-9.666463749443961,0 -35.73943161051443,-9.666630116732854,0 -35.73952173637061,-9.6665301168854,0 -35.73979588716888,-9.666530301000213,0 -35.7431886553403,-9.667459854514176,0 -35.7433970674757,-9.667497353026418,0 -35.74340513115466,-9.666416332547623,0 -35.74339766047559,-9.665276717395825,0 -35.74335923978722,-9.665749679058715,0</coordinates></LineString></Placemark><Placemark><name>0046 - Village II / Centro</name><styleUrl>#style_volta</styleUrl><LineString><tessellate>1</tessellate><coordinates>-35.76106967096067,-9.547478029335243,0 -35.76092834735615,-9.5473654644822,0 -35.76133057605075,-9.546609672839317,0 -35.76210751627949,-9.545202682114056,0 -35.75852312729562,-9.543606795903683,0 -35.75956229434265,-9.541611152151049,0 -35.7543178490432,-9.538965832440708,0 -35.75240600850283,-9.542641217449717,0 -35.75425986377092,-9.543650553352558,0 -35.75267953448105,-9.546215284405971,0 -35.75218314107343,-9.547183399102416,0 -35.76456166135695,-9.553531002565817,0 -35.76726304477916,-9.55486289083805,0 -35.7675822789474,-9.554523860554815,0 -35.76905537203596,-9.555201832496184,0 -35.77077429677514,-9.551884330802242,0 -35.78161020859615,-9.557635545934286,0 -35.77782226636506,-9.565407042992987,0 -35.77802525563206,-9.56614084974154,0 -35.77768703509093,-9.566674529296622,0 -35.77704437233952,-9.566807945247426,0 -35.77348218826846,-9.572596461079812,0 -35.76107024068874,-9.589338414488546,0 -35.7527093877825,-9.59453859590221,0 -35.74663192995856,-9.603772655026024,0 -35.7418220311292,-9.605428111436828,0 -35.74007086139077,-9.608305984014207,0 -35.7382325806404,-9.626334988013449,0 -35.734526246277,-9.643994295640628,0 -35.73308439418167,-9.650936028637938,0 -35.73310990437469,-9.65304484662552,0 -35.73349062225662,-9.658227128606185,0 -35.73298660063888,-9.659418124698464,0 -35.73740874347876,-9.662372778930406,0 -35.73698041085642,-9.66332847825957,0 -35.73759381400526,-9.663441040357627,0 -35.73821230999575,-9.662177651654241,0</coordinates></LineString></Placemark><Placemark><name>0706 - T.I Eustáquio Gomes / Ponta Verde (Via Jacintinho)</name><styleUrl>#style_volta</styleUrl><LineString><tessellate>1</tessellate><coordinates>-35.78302802494343,-9.542275419170748,0 -35.78296218128384,-9.542131811111703,0 -35.78333313889868,-9.541437546166891,0 -35.78877797343178,-9.54441286024111,0 -35.78824238342232,-9.545322800587547,0 -35.78231563057434,-9.555747281491852,0 -35.77744736648131,-9.56543780444815,0 -35.77560298485091,-9.5652506495613,0 -35.76402322248065,-9.559573415386751,0 -35.75618229676296,-9.555418089826356,0 -35.75460890034191,-9.554552384614977,0 -35.75288422955575,-9.55437328542371,0 -35.75115953176868,-9.554581101544132,0 -35.74961638869717,-9.555387146214933,0 -35.74798246791725,-9.557088774326324,0 -35.74485701905908,-9.564751949356546,0 -35.74399294798988,-9.566686700180185,0 -35.74252528083925,-9.569786847071104,0 -35.74068058911256,-9.571915060808688,0 -35.73840822002629,-9.57464074091223,0 -35.73657235487078,-9.579132033150268,0 -35.7342715940741,-9.5844712171211,0 -35.72894946035903,-9.589166203062318,0 -35.72468117620215,-9.593100432852488,0 -35.72384606938148,-9.594472827660383,0 -35.72273257878785,-9.601151869245513,0 -35.72208299615444,-9.607922600462306,0 -35.71832180036947,-9.61241456740669,0 -35.71758005555449,-9.615444148566992,0 -35.71507940464225,-9.61577822215607,0 -35.71289012952916,-9.616251290236013,0 -35.7128484351387,-9.617341371175696,0 -35.71432883979148,-9.619521545162339,0 -35.7155904191733,-9.62209914890697,0 -35.71644250607476,-9.623380691269194,0 -35.70603283429001,-9.623531561853662,0 -35.70370487192302,-9.625782897802399,0 -35.69676654623552,-9.62582776865495,0 -35.69576736210792,-9.62618846336758,0 -35.69584274386536,-9.626783568293689,0 -35.69706450443741,-9.626560402263737,0 -35.70059557697255,-9.632449490820695,0 -35.70466341040885,-9.638570379404653,0 -35.70823642437901,-9.641062383928302,0 -35.70973453256534,-9.642139358785862,0 -35.70983609626482,-9.6425400899578,0 -35.70815653215622,-9.642617433965174,0 -35.70815651508899,-9.645024645393862,0 -35.7103181024611,-9.645265371920283,0 -35.71580538826051,-9.650683925940287,0 -35.72203114044053,-9.656579541517358,0 -35.72301887648908,-9.658062000314683,0 -35.7237275181234,-9.660518673325903,0 -35.72334101916209,-9.660772816928825,0 -35.72179499569621,-9.660095121062916,0 -35.72190234034272,-9.65909974420026,0 -35.69818700444186,-9.65881699337707,0 -35.70180555734469,-9.658691149376255,0</coordinates></LineString></Placemark><Placemark><name>0057 - Rio Novo / Centro Via Farol</name><styleUrl>#style_volta</styleUrl><LineString><tessellate>1</tessellate><coordinates>-35.81213304987138,-9.57383243376055,0 -35.80943881165938,-9.576139340580315,0 -35.80936210542094,-9.576404070246365,0 -35.80893063819671,-9.576517526563524,0 -35.80745409330279,-9.57401206660706,0 -35.80721440633073,-9.572149529768788,0 -35.80710661416246,-9.571716459817326,0 -35.80946624326688,-9.570595640864301,0 -35.80890511330983,-9.57197184896521,0 -35.80732243200989,-9.572723786950506,0 -35.8075310521685,-9.573872987814491,0 -35.80831519433932,-9.575362699802774,0 -35.8089475241684,-9.576750850112623,0 -35.80871730676039,-9.577892954442133,0 -35.80803386391251,-9.577729794374134,0 -35.80763818082418,-9.577978078371682,0 -35.80482543845655,-9.581587369106492,0 -35.80364518022663,-9.582571034190998,0 -35.80183265643628,-9.582072272557932,0 -35.80041351956642,-9.58203072755012,0 -35.79982337661011,-9.583069803677171,0 -35.79788063506926,-9.586038081421032,0 -35.79684922525693,-9.586735980681706,0 -35.79591885653277,-9.58874997088921,0 -35.79496829069371,-9.58934819239943,0 -35.7888567223384,-9.589209423045846,0 -35.78681404088675,-9.590704973591043,0 -35.78640956259083,-9.591024045281205,0 -35.78556022277002,-9.589688036482668,0 -35.78452883886212,-9.589887435728574,0 -35.78436706781373,-9.589428806002239,0 -35.78367947611326,-9.589508563256516,0 -35.78291097930142,-9.589767784257303,0 -35.78194025247024,-9.589608253078334,0 -35.78163687530207,-9.590186529898538,0 -35.78130430696892,-9.591322370568856,0 -35.78063691366285,-9.591980397462326,0 -35.77893812146554,-9.591980383169306,0 -35.77762357157125,-9.59156161568966,0 -35.77649099361042,-9.591402112764982,0 -35.77469112818203,-9.591900618109712,0 -35.77345748026853,-9.592598536978812,0 -35.77176660551234,-9.591495245377132,0 -35.77150920610374,-9.591159570535213,0 -35.7714676920094,-9.590873020064414,0 -35.77164206313558,-9.590643781759828,0 -35.77166697067227,-9.590963080579774,0 -35.77176660662304,-9.591380625492265,0 -35.77292905588482,-9.592264840828966,0 -35.77368368128492,-9.592484558849899,0 -35.77458969723981,-9.591789990579876,0 -35.7755362561414,-9.590570112048784,0 -35.77687263475627,-9.588602068389601,0 -35.77461719247648,-9.585827363113834,0 -35.77499096983708,-9.58535987683587,0 -35.775309151028,-9.585318729046392,0 -35.77500189904936,-9.585567595609184,0 -35.77459928792491,-9.585761712668571,0 -35.77460818296551,-9.585816940273311,0 -35.77688198448975,-9.58866428936183,0 -35.77796648728469,-9.58725663497219,0 -35.77876300891351,-9.58549537768501,0 -35.77871723197693,-9.585233447597062,0 -35.77808551198833,-9.585188286840156,0 -35.77668875672071,-9.584492506064935,0 -35.77492554959099,-9.583455377841219,0 -35.77459801817962,-9.58175981983446,0 -35.77400414753512,-9.580844101505782,0 -35.77186350521861,-9.578617941744934,0 -35.76997088436819,-9.577352923607155,0 -35.7653385253573,-9.583304643707844,0 -35.76003900770759,-9.590002136637814,0 -35.75203660022748,-9.594864937480963,0 -35.74704753356524,-9.602905636809611,0 -35.7423116312671,-9.604998757505586,0 -35.74020520287797,-9.608572299451819,0 -35.73883936322241,-9.622979524372928,0 -35.73610778240426,-9.636437668873354,0 -35.7338591806367,-9.648492635387411,0 -35.7334932479995,-9.650400246868896,0 -35.73381895601904,-9.651196033687908,0 -35.73374811733324,-9.652745721846484,0 -35.73493296563054,-9.656069540870028,0 -35.73641993632681,-9.658917592899881,0 -35.73896907136365,-9.660383503184292,0 -35.73824682904566,-9.662184503256533,0</coordinates></LineString></Placemark><Placemark><name>0612 - Eustáquio Gomes / Jatiúca</name><styleUrl>#style_volta</styleUrl><LineString><tessellate>1</tessellate><coordinates>-35.78307732261084,-9.542268240897743,0 -35.78295358932145,-9.542162081815677,0 -35.78328712887775,-9.541578208591046,0 -35.78337858308235,-9.541434894535094,0 -35.78894126597661,-9.544493029145587,0 -35.78762788469155,-9.547097149236476,0 -35.78408077836994,-9.553539685325202,0 -35.78123923488513,-9.55866103295253,0 -35.77591299838744,-9.569261139916234,0 -35.76827001026185,-9.57979305434441,0 -35.76047959449846,-9.590035438898282,0 -35.75207779829341,-9.595308416733234,0 -35.74747204387418,-9.602989893828276,0 -35.74198413276086,-9.605115599836983,0 -35.74051401792153,-9.607386312583548,0 -35.73770610754178,-9.628301274612632,0 -35.73365546849151,-9.649017829213289,0 -35.73337285051881,-9.648882598795627,0 -35.73155655389267,-9.648313166415297,0 -35.73152830933097,-9.649065445549356,0 -35.72956693799066,-9.648438669867234,0 -35.72826796151539,-9.647728867247556,0 -35.72687086494256,-9.647132176966553,0 -35.7267107348903,-9.646913169140202,0 -35.72675966524258,-9.646232577754258,0 -35.72671212238428,-9.645587902052233,0 -35.7266127335507,-9.645409275216787,0 -35.72644284934118,-9.645217909684185,0 -35.72622755472085,-9.645204842121917,0 -35.72616462260807,-9.645309387412432,0 -35.72639316666091,-9.645600153148111,0 -35.72666890263161,-9.64596126316009,0 -35.72670074918342,-9.646367719321685,0 -35.72661754920865,-9.647097214435904,0 -35.72565750059867,-9.64750758997161,0 -35.72456950552875,-9.647187540071238,0 -35.72322667006699,-9.645318626464139,0 -35.72119252537055,-9.643945819025374,0 -35.71928590199362,-9.643659513550604,0 -35.71492148586566,-9.643948569259539,0 -35.71254891444308,-9.644815356706074,0 -35.71070358337172,-9.645364298142189,0 -35.71582953720931,-9.651287029123656,0 -35.7051688501703,-9.650966286632595,0 -35.7050809566709,-9.653306487095955,0 -35.6988123663624,-9.653508551112832,0 -35.69817032590766,-9.658823074425479,0 -35.69627055847663,-9.662251629518563,0</coordinates></LineString></Placemark><Placemark><name>0712 - Santos Durmont X Ponta Verde / Farol</name><styleUrl>#style_volta</styleUrl><LineString><tessellate>1</tessellate><coordinates>-35.79605778176094,-9.541698183058678,0 -35.79513811120437,-9.54282171732775,0 -35.79423902033014,-9.543843733569215,0 -35.79034989004718,-9.548562190751452,0 -35.78908265574687,-9.549990359439137,0 -35.78625074413837,-9.553280381690755,0 -35.78482505797762,-9.555913572458007,0 -35.78968426842898,-9.55863018888828,0 -35.7910646496203,-9.553218785559801,0 -35.79091860815128,-9.552703071703906,0 -35.78958351086251,-9.55143111690933,0 -35.78686799409792,-9.556217702829228,0 -35.78411668125996,-9.56111588579847,0 -35.78209054113186,-9.56122818777038,0 -35.78269401933592,-9.565223821429047,0 -35.77897407226593,-9.56595116717818,0 -35.77843482538893,-9.566068524185825,0 -35.77796694915007,-9.565857282074543,0 -35.77750579514831,-9.565341270379449,0 -35.7770980042144,-9.56540479607189,0 -35.77671167851194,-9.565934175765289,0 -35.77653998083563,-9.566865889505157,0 -35.77632128273093,-9.56824578148513,0 -35.7754718962643,-9.569986349790662,0 -35.77214948344889,-9.574452772825163,0 -35.76833842183154,-9.57951852537446,0 -35.76167853177692,-9.588167546309394,0 -35.75941005025167,-9.590741222037856,0 -35.75198972725264,-9.594892307978162,0 -35.74715858945201,-9.602912609299125,0 -35.74184330538361,-9.605455007832559,0 -35.74023843752787,-9.608726997372798,0 -35.7383955800459,-9.625901100079442,0 -35.73660283316355,-9.634102023611131,0 -35.73502353719346,-9.64313000918552,0 -35.73351831348332,-9.649492689401615,0 -35.73329451601499,-9.65061017424255,0 -35.73305609970414,-9.652588250377782,0 -35.73309269803724,-9.654537461695677,0 -35.73344139321221,-9.658537111196454,0 -35.73288619799449,-9.659577361052493,0 -35.7326781175726,-9.6602747529034,0 -35.73217874766677,-9.660561912775904,0 -35.73163776292513,-9.66074651599901,0 -35.7309095256086,-9.660418323593557,0 -35.73013968520732,-9.659597846416602,0 -35.72932819467762,-9.659782442231414,0 -35.72884959040294,-9.660643934500106,0 -35.7283406360703,-9.661496313904289,0 -35.72186271000603,-9.655103702880194,0 -35.7195425451286,-9.651679613352607,0 -35.71642730772498,-9.64798410264993,0 -35.71340935391736,-9.645592432393565,0 -35.71048128470474,-9.642548805908612,0 -35.70549215732836,-9.643047870962958,0 -35.69978778275671,-9.643185431146899,0 -35.6991248704108,-9.643718822556174,0 -35.6994912064963,-9.645164202636645,0 -35.7003624097765,-9.648610819374316,0 -35.6989666980112,-9.652396265426448,0 -35.69867211237554,-9.656151936158462,0 -35.69808775648399,-9.659147364249351,0 -35.69723093852407,-9.66037626954132,0 -35.69634957501253,-9.662312066297499,0</coordinates></LineString></Placemark><Placemark><name>0615 - Eustáquio Gomes / Mangabeiras</name><styleUrl>#style_volta</styleUrl><LineString><tessellate>1</tessellate><coordinates>-35.78293692454573,-9.542176734582261,0 -35.7833521681287,-9.541420896363464,0 -35.78397106165802,-9.541823603184357,0 -35.78878984931546,-9.544486103675185,0 -35.78344984869123,-9.554093296923524,0 -35.77795313112221,-9.56503997234484,0 -35.77790099206424,-9.566016869839713,0 -35.77783147366808,-9.566376781047811,0 -35.77753601526063,-9.566599584863205,0 -35.77697985682674,-9.566651001829749,0 -35.77651060565669,-9.565982592803294,0 -35.77155738522859,-9.563257582108227,0 -35.76149368101892,-9.558078857128555,0 -35.75478535874455,-9.554723776661726,0 -35.75372117535986,-9.55449563761864,0 -35.75168534334315,-9.554564081193043,0 -35.75008903552506,-9.55518005940288,0 -35.7489091181294,-9.556115451053719,0 -35.74820973110103,-9.557049264163352,0 -35.74610435839631,-9.56156644571602,0 -35.74254767658653,-9.570142270304247,0 -35.73898330264193,-9.574004075554798,0 -35.73541840422402,-9.582292264619383,0 -35.73430843714637,-9.584785442260651,0 -35.72634344855657,-9.591467720593744,0 -35.72431913690605,-9.594288078433511,0 -35.72220638613989,-9.607175344931688,0 -35.71843961189305,-9.611876977265524,0 -35.71743095887452,-9.615421949975534,0 -35.71600488761394,-9.615682020129208,0 -35.71379509653384,-9.615984533190092,0 -35.71311768831411,-9.61620916980777,0 -35.71279650108401,-9.616819777295223,0 -35.71290744793213,-9.617470711725636,0 -35.71319419160522,-9.6181571377074,0 -35.71417983758229,-9.619302390847833,0 -35.71626721245661,-9.622984665358848,0 -35.70532297080346,-9.62367986629302,0 -35.70395809070174,-9.625762969538538,0 -35.69698783756188,-9.62580799996237,0 -35.69681271938468,-9.626188594795005,0 -35.6958317222006,-9.626220606035863,0 -35.69581913377972,-9.6267994131115,0 -35.69717482634859,-9.626614972090751,0 -35.70243306391185,-9.635662425297314,0 -35.70524986093593,-9.639090309651952,0 -35.71009169839789,-9.64249341566583,0 -35.7080337012205,-9.642741218996012,0 -35.70809652190687,-9.644987627615812,0 -35.71062530772839,-9.645250998246075,0 -35.71344827458455,-9.648165294273225,0 -35.71613114910379,-9.651267371611102,0 -35.71472330339773,-9.649721333985982,0</coordinates></LineString></Placemark><Placemark><name>0703 - T.I Benedito Bentes / Ponta Verde (Via Gruta)</name><styleUrl>#style_volta</styleUrl><LineString><tessellate>1</tessellate><coordinates>-35.72674090476153,-9.549069190917146,0 -35.72683320910092,-9.54900603930559,0 -35.72695482985219,-9.549140959924923,0 -35.72602535377113,-9.549986752054846,0 -35.72617474363889,-9.550153829631245,0 -35.72771897077857,-9.548599137522459,0 -35.7280504468518,-9.548862240159616,0 -35.7300797256328,-9.546877016984489,0 -35.74460821382317,-9.560772607416911,0 -35.74596814919069,-9.562096395598873,0 -35.74202906389248,-9.570499416225797,0 -35.73928884467596,-9.573486034689811,0 -35.73629718546763,-9.579682076772375,0 -35.73398966463898,-9.58501529773956,0 -35.72626784588119,-9.591064916355664,0 -35.72368026125944,-9.596187082152742,0 -35.72260850781975,-9.603842336860836,0 -35.72264511713562,-9.605718410754191,0 -35.72337697939798,-9.607919192903635,0 -35.72629911660592,-9.611238485189535,0 -35.72945162924394,-9.613872264496303,0 -35.73113501784867,-9.614341315917978,0 -35.73421327714456,-9.616974211664946,0 -35.73445506746562,-9.616099676926796,0 -35.73921237134913,-9.617875418078595,0 -35.73414948562554,-9.646433979788222,0 -35.73341578707186,-9.649714955227259,0 -35.73313947438528,-9.650817626806122,0 -35.73316880339313,-9.653534403813655,0 -35.73339549149451,-9.658312055449672,0 -35.73303026039921,-9.65956332871926,0 -35.73217065061842,-9.660601003081506,0 -35.73127594446237,-9.660687477462634,0 -35.73043386763861,-9.659788164407248,0 -35.7294339087512,-9.659718986260977,0 -35.72903041324518,-9.660289703586331,0 -35.72883742797001,-9.661828921097825,0 -35.72746179307719,-9.66096812348283,0 -35.72603197759424,-9.659557915516436,0 -35.72344467821866,-9.656872378209883,0 -35.72297630483737,-9.657091209168627,0 -35.72300095837204,-9.657832788053364,0 -35.72364191524901,-9.660628902734183,0 -35.72174374929863,-9.66017909470461,0 -35.72215414829257,-9.658538117172716,0 -35.72212948553499,-9.657310254961065,0 -35.72166110958053,-9.657006331634955,0 -35.72122187396202,-9.656939292406753,0 -35.71021445394302,-9.65701903078418,0 -35.71020821891803,-9.656641867112304,0 -35.69853934171676,-9.656689527745337,0 -35.69819925239137,-9.65897000367416,0 -35.69703533526803,-9.661220166780744,0</coordinates></LineString></Placemark><Placemark><name>0603 - Vergel / Mirante</name><styleUrl>#style_volta</styleUrl><LineString><tessellate>1</tessellate><coordinates>-35.76123864179959,-9.652256424451306,0 -35.76171947977092,-9.651609569114964,0 -35.76137888640476,-9.651352802331704,0 -35.76057748828726,-9.652448999187273,0 -35.76089303819015,-9.652750207493835,0 -35.75958499957532,-9.654267327374894,0 -35.7584780614404,-9.65419819465516,0 -35.7565736869927,-9.656285195178258,0 -35.75548174736701,-9.65758384766752,0 -35.75508603603371,-9.658008507309221,0 -35.74862385198387,-9.661687527029247,0 -35.74723804917249,-9.66243341226833,0 -35.74578963062871,-9.662928403620876,0 -35.74308346602293,-9.664399112920549,0 -35.74331959506663,-9.66611976297056,0 -35.74327850954781,-9.66745828304669,0 -35.74289600994086,-9.668338886553645,0 -35.74234506511682,-9.668818127369756,0 -35.7419739429778,-9.668610582283403,0 -35.74164521245287,-9.668554215682457,0 -35.73807505241926,-9.667835624360631,0 -35.73688016589241,-9.66720325783521,0 -35.73508609685172,-9.665950976045915,0 -35.73136944024959,-9.66351662327606,0 -35.7276529309232,-9.660914367079991,0 -35.72376065218604,-9.657109292445947,0 -35.72175271284087,-9.655032941744476,0 -35.7200284755059,-9.6522500864408,0 -35.71633453729378,-9.647794334501404,0 -35.70988824237823,-9.642521050923945,0 -35.70987664667678,-9.64218950761549,0 -35.70561684634105,-9.639206881567022,0 -35.70253274029201,-9.63529470326083,0 -35.70127560649139,-9.633254822425496,0 -35.69729067701628,-9.626613646950945,0 -35.69470063142093,-9.62200542654341,0 -35.68973424560607,-9.614627517669566,0 -35.68459292447109,-9.608331794074441,0 -35.6796873758349,-9.601185776319907,0 -35.67645406944818,-9.596788078691564,0 -35.67244106477757,-9.591227929861144,0 -35.66800074556588,-9.587071988582732,0 -35.66371078175094,-9.585142360639448,0 -35.65821669935395,-9.579947258071781,0 -35.65689540851103,-9.578187974405093,0 -35.65610953100298,-9.575123279491532,0 -35.65419603078771,-9.57135202386577,0 -35.65174418221021,-9.567998165488847,0 -35.64922539443018,-9.566276195319727,0 -35.64752547631243,-9.564948663368973,0</coordinates></LineString></Placemark><Placemark><name>0723 - Rosane Collor / Ponta Verde via Bom Parto - Jacintinho</name><styleUrl>#style_volta</styleUrl><LineString><tessellate>1</tessellate><coordinates>-35.78857687925182,-9.577550201493054,0 -35.78850721016839,-9.577160910914333,0 -35.78803330744126,-9.575344004004227,0 -35.78614952357723,-9.575621402928345,0 -35.77897889749872,-9.576708077985588,0 -35.7779635925537,-9.577443847832452,0 -35.77889325228789,-9.578637979845684,0 -35.77764550789971,-9.579506419645588,0 -35.77940695898993,-9.581882622764036,0 -35.77831822780802,-9.582485729619192,0 -35.77787993222161,-9.583007519999885,0 -35.77805170676173,-9.583167984888709,0 -35.77721088430441,-9.58369395758224,0 -35.77626715883858,-9.584242245241493,0 -35.77793068260637,-9.58512480249304,0 -35.77823807277785,-9.58516046174769,0 -35.77848217748889,-9.58508022901506,0 -35.77876244204804,-9.585312010762811,0 -35.77869915274205,-9.585624025566204,0 -35.77844600507698,-9.585829064290836,0 -35.77805766986361,-9.587133174646915,0 -35.77698177147379,-9.588639758659333,0 -35.7754779443835,-9.586896336309742,0 -35.77459645358471,-9.58571672314057,0 -35.77531331428755,-9.585332888460671,0 -35.77517233713557,-9.585305916449245,0 -35.77492615263144,-9.585436626053333,0 -35.77485040328576,-9.585527915367015,0 -35.77486302785655,-9.58564410205441,0 -35.77580778610425,-9.585075618105442,0 -35.77663145081755,-9.584580624132139,0 -35.77661263963748,-9.584469333980936,0 -35.77556549614184,-9.58392524294901,0 -35.77491134380593,-9.583372517720122,0 -35.77467934509444,-9.581919563311857,0 -35.77437210253022,-9.581381659105816,0 -35.77424669693222,-9.58158569106143,0 -35.77361338835881,-9.583477623740293,0 -35.77224840668778,-9.586470617103815,0 -35.76784459101222,-9.587254016525298,0 -35.76780150550305,-9.588400667533188,0 -35.76689696819702,-9.59055242326592,0 -35.76685471201714,-9.591166440202317,0 -35.76784700453941,-9.593995478451395,0 -35.76730757312633,-9.597164855368268,0 -35.77099652398184,-9.599377070353011,0 -35.7688588412165,-9.607942284403958,0 -35.76842728156495,-9.610494830478158,0 -35.76488880085103,-9.614981643703468,0 -35.76225671984931,-9.618044585328992,0 -35.7603866996886,-9.619447619591046,0 -35.75876139423755,-9.620341860368423,0 -35.75617056060726,-9.62124426614602,0 -35.75295731170765,-9.622517164812436,0 -35.75270661292622,-9.622751776085277,0 -35.75255237316108,-9.623138707099281,0 -35.75251379842892,-9.624007408535643,0 -35.75118873363444,-9.627233522162898,0 -35.75089131138763,-9.627869251589248,0 -35.75030852196107,-9.627511902377059,0 -35.74996987532616,-9.6282032978176,0 -35.74577347876014,-9.626042316985439,0 -35.74445977758788,-9.625402323931821,0 -35.74408963014044,-9.625433396905942,0 -35.74390061751213,-9.625643145618854,0 -35.74244519388475,-9.627418855553307,0 -35.74110750888826,-9.629716080501918,0 -35.7406376342911,-9.630729012549388,0 -35.73763331546895,-9.629557179048101,0 -35.737839500634,-9.628395035345129,0 -35.73700496767972,-9.628191653063212,0 -35.73659073715856,-9.63041242119042,0 -35.73714057482785,-9.630693278384532,0 -35.73620940141171,-9.63614011137245,0 -35.73520702549387,-9.641956945928998,0 -35.73475401096751,-9.643530866297853,0 -35.73415214265366,-9.646320010454312,0 -35.73685492325339,-9.646797732183371,0 -35.737198632684,-9.645580366151155,0 -35.7401262356015,-9.64691316156979,0 -35.74129131189969,-9.647785217982289,0 -35.74303897226321,-9.648168099821431,0 -35.74183062681921,-9.650848287477968,0 -35.74068511881061,-9.653738601424326,0 -35.74088514887567,-9.65400031235844,0 -35.740859003678,-9.654140231463975,0 -35.74050417957623,-9.654022403318933,0 -35.73925550751092,-9.65343145222735,0 -35.73819514547333,-9.653504544072806,0 -35.73701546963316,-9.652411831822144,0 -35.7360518043313,-9.651708159984475,0 -35.73506092322152,-9.650315120237261,0 -35.73210216029764,-9.649425020574919,0 -35.72928398645725,-9.64843881339583,0 -35.72776081591325,-9.647576480010859,0 -35.72673529840092,-9.647323714995627,0 -35.72671676903438,-9.646684205901582,0 -35.72663336957754,-9.64588024834949,0 -35.7262441556428,-9.645469125165873,0 -35.72617928646116,-9.645204181437737,0 -35.72639242826211,-9.645185914139901,0 -35.72662410339541,-9.645414317084725,0 -35.72674457369548,-9.64577975542005,0 -35.72662409592889,-9.647122725310158,0 -35.7263182821729,-9.647305438615431,0 -35.72586419348542,-9.64744247090446,0 -35.72519696513088,-9.647451617847008,0 -35.72444635240579,-9.647104457430075,0 -35.72386254518945,-9.646190876771824,0 -35.72337018171178,-9.645598875284437,0 -35.72133149327266,-9.644064059160616,0 -35.71928352363158,-9.643899601994862,0 -35.71917231701218,-9.644191947698193,0 -35.71970976929202,-9.646238385739395,0 -35.71995100510184,-9.648787631488508,0 -35.72018266795643,-9.649728628507999,0 -35.72110936068451,-9.650678764691806,0 -35.72200826304348,-9.651848139583667,0 -35.72568726334107,-9.657695074890103,0 -35.72602088142395,-9.658416813302232,0 -35.72600234730849,-9.658846205952996,0 -35.72575213181164,-9.659074606532386,0 -35.72559702340209,-9.659275764510335,0 -35.72462095810317,-9.660169178142656,0 -35.72356312674616,-9.660214442106355,0 -35.72442020556475,-9.664718031880698,0 -35.72554263321388,-9.669600304870283,0 -35.72177079771192,-9.672125385252006,0 -35.72206610347328,-9.672607145143589,0 -35.72019688831221,-9.674282782180205,0 -35.71865323974865,-9.673195292316414,0 -35.7156910416542,-9.66929178486726,0 -35.71624234186294,-9.668693669728247,0 -35.71352292539786,-9.665796084294152,0 -35.71164855217367,-9.663802359607185,0 -35.70992373073486,-9.662669765847404,0 -35.70777492112169,-9.661846766239274,0 -35.70579550852042,-9.661519726408708,0 -35.70374713798758,-9.6613953751076,0 -35.70186852794425,-9.66151235158115,0 -35.69613324655024,-9.662909585797186,0 -35.69824195755567,-9.659035142787094,0 -35.69894702309642,-9.652298777321729,0 -35.7003396745377,-9.648407620440514,0 -35.69963796910096,-9.645341763436521,0 -35.69987019977171,-9.6461539447864,0</coordinates></LineString></Placemark><Placemark><name>0113 - T.I Eustáquio Gomes / Trapiche</name><styleUrl>#style_volta</styleUrl><LineString><tessellate>1</tessellate><coordinates>-35.7831868569607,-9.542138172753125,0 -35.78294597253214,-9.542189932882243,0 -35.78338396771434,-9.541440872390398,0 -35.78870578443297,-9.544435143563776,0 -35.7873425725714,-9.54715987098392,0 -35.77736420058964,-9.565236751351424,0 -35.77672621901313,-9.565847671328395,0 -35.77674498633463,-9.566347512148926,0 -35.77483102732737,-9.570031556069688,0 -35.76134851634107,-9.58847361277357,0 -35.76010313602188,-9.589943337120852,0 -35.75351614965427,-9.594094759345985,0 -35.75169961121673,-9.595476785321166,0 -35.74996923501554,-9.599031211974344,0 -35.74705625155221,-9.602878960313499,0 -35.74437280431334,-9.603909624501156,0 -35.7420854764568,-9.605281278372056,0 -35.74118421730385,-9.606809760865685,0 -35.74023779599551,-9.608517521014715,0 -35.7399846126664,-9.61080959741967,0 -35.7395620292366,-9.61679780349443,0 -35.73921030690575,-9.618276147894392,0 -35.73762794663762,-9.629076388166464,0 -35.73544378782341,-9.6399372328471,0 -35.73338157757833,-9.649864394537866,0 -35.73314867981815,-9.650754012326296,0 -35.73305946059165,-9.651995709391187,0 -35.73315248526566,-9.654366633422585,0 -35.73343122352156,-9.658124088994642,0 -35.73294117024076,-9.659348827209017,0 -35.73605012263472,-9.6616303963296,0 -35.73741743104625,-9.662201503421933,0 -35.73704616815746,-9.663132907653635,0 -35.73769081730818,-9.663358766612372,0 -35.73844190551687,-9.66161822233129,0 -35.74171128895794,-9.662708092773897,0 -35.74147423795763,-9.664472628263733,0 -35.74986908688511,-9.663928799548929,0 -35.74870320897854,-9.661628933310407,0 -35.75499674395907,-9.658099898584606,0 -35.75726712317364,-9.655421365643083,0 -35.75839210072788,-9.654264161569778,0 -35.75969476241791,-9.654178546825587,0 -35.76088574608686,-9.65267417827281,0 -35.76087333886328,-9.652637486623844,0 -35.76170455306878,-9.65158564791438,0 -35.76114625384602,-9.651157585846303,0 -35.76138197044764,-9.650753973548108,0 -35.76272191609529,-9.652319472588696,0 -35.76448783757231,-9.654380566130678,0 -35.76513805027752,-9.65573220959677,0 -35.76046814420977,-9.657783919358673,0 -35.76144949928995,-9.659969015494838,0 -35.76179868384211,-9.663020580817957,0 -35.76103263407462,-9.66297678594006,0 -35.76003344546068,-9.663031539656787,0 -35.75752991627161,-9.663228631499976,0 -35.75781157495417,-9.666040650045874,0 -35.75767522242828,-9.668113028308158,0 -35.75681218863491,-9.671404011452152,0 -35.7627303286021,-9.673159362405716,0 -35.76310939577972,-9.673468765673036,0 -35.76184148764257,-9.673752388087651,0 -35.76089007046038,-9.674873511562161,0 -35.76122848533399,-9.674439821348392,0</coordinates></LineString></Placemark><Placemark><name>0710 - Chã da Jaqueira/ Ponta Verde</name><styleUrl>#style_volta</styleUrl><LineString><tessellate>1</tessellate><coordinates>-35.74677978983712,-9.617958757969154,0 -35.74690290905545,-9.617912513981233,0 -35.74703775370345,-9.61763505342835,0 -35.74692049697626,-9.617478983171205,0 -35.74664494461571,-9.617652397491414,0 -35.74639284369781,-9.617282452592534,0 -35.74506543386836,-9.614782290970457,0 -35.74568820568651,-9.613324211024418,0 -35.74593345915243,-9.613096624932,0 -35.74627970023715,-9.61348067510615,0 -35.74746268741902,-9.612271616502541,0 -35.74824173010811,-9.61148927514671,0 -35.74894864381537,-9.611432366680388,0 -35.74929488857088,-9.611119441599897,0 -35.75161760452166,-9.610436634644184,0 -35.75358791254864,-9.610049289273228,0 -35.75370063871971,-9.61001869828282,0 -35.7539260271335,-9.609958867534523,0 -35.75382200186932,-9.610463150471094,0 -35.75355326994622,-9.611565729633906,0 -35.75310249083568,-9.613659771390829,0 -35.75258125938233,-9.61590803856883,0 -35.75248589925228,-9.616728560466736,0 -35.75245122328617,-9.616959332525827,0 -35.75236301425849,-9.616970910478626,0 -35.75247726770122,-9.616440952477944,0 -35.75288463792844,-9.614789317266125,0 -35.75367851123654,-9.610895975914728,0 -35.75350697112999,-9.610109141953613,0 -35.75420058857159,-9.609704689719285,0 -35.7564183724518,-9.606138739248783,0 -35.75937295686079,-9.602817557895978,0 -35.75787199233573,-9.601381778455982,0 -35.75823044258884,-9.600719121772817,0 -35.75435476446204,-9.597339411602169,0 -35.75150693144535,-9.595193837497288,0 -35.74865760484512,-9.600671505881161,0 -35.74647929385949,-9.603397748308256,0 -35.74363730358488,-9.60432767787738,0 -35.74141612010693,-9.605783227890901,0 -35.74011650836144,-9.611084587645271,0 -35.7388343911098,-9.622134740905464,0 -35.73779823273044,-9.629428440173745,0 -35.73483951430975,-9.64192648020454,0 -35.7331621358875,-9.650482723128977,0 -35.73306519996935,-9.65435991615406,0 -35.73340218863063,-9.656686722242243,0 -35.73355382728549,-9.658315501822162,0 -35.73282008262181,-9.659810381712978,0 -35.73162920683072,-9.660800878191493,0 -35.7302337234351,-9.65977368387307,0 -35.72919173669346,-9.65990210807358,0 -35.72859400485022,-9.661134130403584,0 -35.72823193997269,-9.66158643063304,0 -35.7281353727311,-9.662252989383948,0 -35.72850899803268,-9.662464533556383,0 -35.72876522410827,-9.662824891497904,0 -35.72918221868738,-9.662997839441196,0 -35.72943369962476,-9.663236517980362,0 -35.7292858955248,-9.667001008353608,0 -35.72751195986892,-9.667140974918764,0 -35.72143054502699,-9.667440249500975,0 -35.72044518694531,-9.668302698019412,0 -35.71922981040296,-9.67054469702419,0 -35.71741052219036,-9.66958251072781,0 -35.71574236634747,-9.668243159243524,0 -35.71371738609569,-9.66584843178141,0 -35.7114743123139,-9.66369167857034,0 -35.70981737422548,-9.662595223466223,0 -35.70802820186887,-9.66210596357246,0 -35.7056978335808,-9.661329386236496,0 -35.70311886834116,-9.661329371419468,0 -35.69645416566306,-9.662822293619524,0 -35.69644046886598,-9.662027322924557,0 -35.6981335661667,-9.658922242509819,0 -35.69900695493187,-9.652142645242927,0 -35.70002665073062,-9.649661702405375,0 -35.70037130143042,-9.64871739769352,0 -35.69963930349437,-9.64540122076747,0 -35.69978076440741,-9.64592808291568,0</coordinates></LineString></Placemark><Placemark><name>0704 - T.I Benedito Bentes / Ponta Verde (Via Santa Lúcia)</name><styleUrl>#style_volta</styleUrl><LineString><tessellate>1</tessellate><coordinates>-35.72646300821715,-9.549593357947773,0 -35.72602931461888,-9.550017362829232,0 -35.72609955613272,-9.55008178173804,0 -35.72691725863968,-9.550858679912468,0 -35.72842458913448,-9.549371338292712,0 -35.72805292037391,-9.548868429918054,0 -35.73006568847673,-9.546863568281264,0 -35.74486452682575,-9.561066417871482,0 -35.74538834580825,-9.562024860652981,0 -35.74549363460122,-9.562834910459832,0 -35.74491571014541,-9.56462314599788,0 -35.74608465956476,-9.563443941968586,0 -35.74734789312976,-9.565812422858453,0 -35.75038447117772,-9.571523381728133,0 -35.74943180865059,-9.575114436362231,0 -35.74937000465949,-9.576088757685971,0 -35.74996668767967,-9.576859953038307,0 -35.75412246164767,-9.578808449325985,0 -35.75837605269795,-9.581258607406893,0 -35.76403377935964,-9.585419408759568,0 -35.76038741104574,-9.590054818150023,0 -35.75212128259667,-9.59496185747266,0 -35.74776293364167,-9.602364040048856,0 -35.74276414474801,-9.604737834627787,0 -35.74074679654392,-9.607108833719598,0 -35.73777163940493,-9.628867877595004,0 -35.73462346580458,-9.643617778224662,0 -35.73321895134005,-9.650591793163859,0 -35.73315430916742,-9.653140344163635,0 -35.73326187397871,-9.655678725763119,0 -35.73348420484697,-9.658075126835964,0 -35.73321906295747,-9.658761500464953,0 -35.73276205989301,-9.659742004615836,0 -35.73220217888224,-9.660613449135223,0 -35.73137710210516,-9.660802257578677,0 -35.73030157346228,-9.659872692838917,0 -35.72949121026558,-9.659785567061673,0 -35.72891659763538,-9.66046819756768,0 -35.72873978370699,-9.661020116613642,0 -35.72875624367481,-9.661277346419595,0 -35.7285033997605,-9.661903834655917,0 -35.72850339216498,-9.662375387257647,0 -35.72866066588379,-9.662699074249371,0 -35.72899478835261,-9.66292523325754,0 -35.72943373481585,-9.663235393457695,0 -35.72938787603142,-9.663694174907237,0 -35.72934081904074,-9.664842466946496,0 -35.72932326336991,-9.666850391661523,0 -35.72671681665233,-9.667159451628265,0 -35.72637701379274,-9.668903416157349,0 -35.72551496677333,-9.669771438167535,0 -35.72349185806163,-9.670991911074694,0 -35.72164551442974,-9.672096137355801,0 -35.72198282728954,-9.67258219370269,0 -35.72011134645661,-9.674280780423086,0 -35.71855699102991,-9.673033970874606,0 -35.71580408680571,-9.669258794103065,0 -35.71630146547988,-9.668727345796317,0 -35.71348286223959,-9.665661407967626,0 -35.71059760193274,-9.662913832762854,0 -35.70847316969764,-9.662147253316693,0 -35.70577015679182,-9.661350262929503,0 -35.70354091326168,-9.661267835919162,0 -35.70142710754374,-9.66165319423832,0 -35.69596541672111,-9.662999985901154,0 -35.6983618093427,-9.658492582425657,0 -35.69895528377572,-9.652219779820111,0 -35.7004367601068,-9.648307560353757,0 -35.69953659280706,-9.64530802260037,0 -35.69979008993842,-9.645991138730986,0</coordinates></LineString></Placemark><Placemark><name>0226 - Ipioca X Trapiche via Poço</name><styleUrl>#style_volta</styleUrl><LineString><tessellate>1</tessellate><coordinates>-35.57542455520959,-9.488237558838094,0 -35.57637319880748,-9.489564314612087,0 -35.57821227435517,-9.491422340626313,0 -35.58393799505568,-9.497611064571124,0 -35.59028011609645,-9.506761531594575,0 -35.59251183002084,-9.51035239179365,0 -35.5954336339037,-9.517121537214384,0 -35.60250059994948,-9.524676828829065,0 -35.60539577300641,-9.529315496257714,0 -35.60844337089599,-9.529628145457636,0 -35.61658182979582,-9.533007707525678,0 -35.62170356251192,-9.543578081533235,0 -35.62435463850386,-9.54550172546767,0 -35.63586974859091,-9.552905438395925,0 -35.64495514013931,-9.563343723047877,0 -35.6496061516348,-9.566333289640763,0 -35.65240635428442,-9.569240405027518,0 -35.65575203875651,-9.573612561490473,0 -35.6570750823462,-9.578877839492907,0 -35.65793429295762,-9.580011781821485,0 -35.66109790395707,-9.58256686800163,0 -35.66350132617869,-9.584983079113501,0 -35.66717344601674,-9.586508188477161,0 -35.67005683280055,-9.589282659819483,0 -35.67490751282901,-9.594307511360103,0 -35.67928404381404,-9.600478875137123,0 -35.6827392729196,-9.606528865410331,0 -35.6874576087874,-9.61155837919956,0 -35.68939061905255,-9.614534673300827,0 -35.69193377092264,-9.618178907367223,0 -35.69427366140984,-9.621124019282423,0 -35.69688395858367,-9.625966890504943,0 -35.69941632044305,-9.630231726617804,0 -35.69936228061968,-9.630483104326828,0 -35.69672296784641,-9.630568670304093,0 -35.69668725625309,-9.629884772409028,0 -35.69720737508164,-9.629866374983369,0 -35.69726008394952,-9.630531885019126,0 -35.69946147159853,-9.630385228881012,0 -35.70267275708179,-9.635588427892554,0 -35.70450300169619,-9.638371722179144,0 -35.70850440816975,-9.641410765618868,0 -35.70929589431167,-9.641790696193219,0 -35.71014162777274,-9.642443619448004,0 -35.70802008974766,-9.642791509953021,0 -35.70811737255148,-9.645043538097347,0 -35.71055464721343,-9.645231151823616,0 -35.71544004141995,-9.650417407913832,0 -35.72290405076934,-9.657633651528998,0 -35.72438680717404,-9.664514502985556,0 -35.725968385518,-9.662488296848371,0 -35.72680996310088,-9.660574701986999,0 -35.72830188898182,-9.661569083959042,0 -35.72819027614837,-9.662307001144988,0 -35.72782873375459,-9.662144449304332,0 -35.72752350966945,-9.662306083133453,0 -35.72741568665112,-9.662887529537059,0 -35.72713336304106,-9.664263490870242,0 -35.72700734049931,-9.664915255170659,0 -35.72675758865459,-9.665380815819029,0 -35.72674845660078,-9.666565589420186,0 -35.72650802612606,-9.668664590331154,0 -35.72755517828497,-9.668754626995574,0 -35.72753421144002,-9.667214808680955,0 -35.73326414517182,-9.666859407386415,0 -35.73306368232896,-9.667073589270098,0 -35.73427821533824,-9.667716692216958,0 -35.73315219644477,-9.669379873667586,0 -35.73325594668886,-9.66956958332219,0 -35.73561191817515,-9.669767934024271,0 -35.73657679438718,-9.667555414086477,0 -35.73712757577743,-9.667123127019158,0 -35.73853777911378,-9.666257822048593,0 -35.73891292919544,-9.666458695275177,0 -35.73956200600867,-9.666539379368595,0 -35.74192406876147,-9.66712925944517,0 -35.74326288447086,-9.667447164506745,0 -35.74333051033125,-9.665903112879834,0 -35.74309800456518,-9.664458350240583,0 -35.74471533535826,-9.663424622481404,0 -35.74656892612291,-9.662506411869265,0 -35.74864498258861,-9.661653789838034,0 -35.75073896304897,-9.665703268808148,0 -35.74987234368211,-9.66935005493601,0 -35.76083285750356,-9.672613835406116,0 -35.76146047300035,-9.672858897372372,0 -35.76280268499823,-9.673202385233768,0 -35.76305390193679,-9.673464504782133,0 -35.76219279702119,-9.673651784253833,0 -35.76169231581336,-9.673871401491931,0 -35.76136091216398,-9.674217190866498,0</coordinates></LineString></Placemark><Placemark><name>0716 - Clima bom / Ponta Verde</name><styleUrl>#style_volta</styleUrl><LineString><tessellate>1</tessellate><coordinates>-35.79111955360382,-9.570274451734644,0 -35.79118836811327,-9.57074946418154,0 -35.79319265217462,-9.570350793096122,0 -35.79333029152106,-9.571478949590354,0 -35.79134320121965,-9.571724939986971,0 -35.79111095412209,-9.569621310808301,0 -35.7907572455528,-9.567662180380852,0 -35.77750706607902,-9.569591740543478,0 -35.77858773917074,-9.576979082740671,0 -35.77794255789669,-9.577428655080302,0 -35.77884578424278,-9.578641639695086,0 -35.77758119072514,-9.579506852091855,0 -35.77671236750845,-9.578268406147503,0 -35.7750004534976,-9.579557756675513,0 -35.77382849371162,-9.580322429660159,0 -35.77310226150782,-9.577577707885332,0 -35.77090238594475,-9.576310055641342,0 -35.77051496661867,-9.576339551454652,0 -35.76934940036128,-9.575366090094299,0 -35.76841986911926,-9.57644502100358,0 -35.76993022769913,-9.5773669295387,0 -35.76928502578055,-9.578138836552403,0 -35.76701422118423,-9.58122349450022,0 -35.76550875755424,-9.583310158566102,0 -35.76161717414877,-9.58822620259453,0 -35.75860139453321,-9.591112828694115,0 -35.75314218864881,-9.594151389790866,0 -35.75085036764381,-9.596844114349581,0 -35.74713334138107,-9.603098198070322,0 -35.74305259445632,-9.604651748878979,0 -35.74171921576489,-9.605488298635512,0 -35.74030480732044,-9.608754942296821,0 -35.73881344761191,-9.623927489874637,0 -35.73424736105128,-9.646663779686532,0 -35.73329919057137,-9.65018581550859,0 -35.73306207932477,-9.651374213774321,0 -35.73312552442793,-9.653586966038688,0 -35.73346851900092,-9.658248242049478,0 -35.73285847093204,-9.65966888409889,0 -35.73186057126811,-9.660813188672828,0 -35.73090342188176,-9.660652573826704,0 -35.73037395593019,-9.659789308086731,0 -35.72982493435403,-9.659659249070865,0 -35.72935569272601,-9.659769216696647,0 -35.72889537990239,-9.66083482311532,0 -35.72837440605585,-9.66158123667135,0 -35.72822967722418,-9.662273534056634,0 -35.72852400255279,-9.662450041863108,0 -35.72886756403118,-9.662889552195255,0 -35.72938341728983,-9.663117433586663,0 -35.72943433514384,-9.663513512919586,0 -35.72924016320597,-9.666974128348546,0 -35.72669040421919,-9.667127479238529,0 -35.72648537062911,-9.668746776502852,0 -35.72593188586345,-9.669427619443162,0 -35.72537122558156,-9.669761685421703,0 -35.72169247937519,-9.67212051846964,0 -35.72198500031834,-9.672575817147305,0 -35.72030967858855,-9.674266303781488,0 -35.71899324657532,-9.673553109571213,0 -35.71710363131124,-9.670996537006824,0 -35.71562033414327,-9.669186139027913,0 -35.71626924838714,-9.668747261025567,0 -35.71168978312365,-9.663736820789936,0 -35.70916832521263,-9.662420185562473,0 -35.70595602317925,-9.661389743507986,0 -35.70377149066383,-9.661275756236666,0 -35.70185424452026,-9.66152107361894,0 -35.70004532853833,-9.6618740096551,0 -35.69584233989819,-9.663049185143203,0 -35.69813896982396,-9.659010795883255,0 -35.69899291502865,-9.651990225760525,0 -35.70034395947604,-9.648338678961457,0 -35.70012268548204,-9.64718992168047,0 -35.70002951545905,-9.646718929476863,0</coordinates></LineString></Placemark><Placemark><name>0714 - Rio Novo / Ponta Verde via Jacintinho</name><styleUrl>#style_volta</styleUrl><LineString><tessellate>1</tessellate><coordinates>-35.81256215653188,-9.57337370557806,0 -35.81219950398738,-9.573927991394628,0 -35.81005077486802,-9.575492504062932,0 -35.80935265340023,-9.57623453359142,0 -35.80937078347769,-9.576511678643229,0 -35.80891745679538,-9.576618961025357,0 -35.80743057950059,-9.573945852194122,0 -35.80719487145961,-9.572229344787601,0 -35.80708608320511,-9.57164823386695,0 -35.80936174145734,-9.570638008438769,0 -35.80889028781512,-9.572005841923433,0 -35.80736712578714,-9.57272999595862,0 -35.80744870979308,-9.573516738449095,0 -35.80853661210423,-9.575786759451635,0 -35.80898992602734,-9.576975801840474,0 -35.80874028713768,-9.577895490192288,0 -35.80798777130676,-9.577689865382844,0 -35.80740751412524,-9.57813686576424,0 -35.80503144816122,-9.58139218645504,0 -35.80389730617806,-9.58233474163239,0 -35.80349225517534,-9.582558398374568,0 -35.80174243226615,-9.582174961908175,0 -35.80051106935215,-9.581967286672745,0 -35.79984677859881,-9.582941802932165,0 -35.79781533818274,-9.58617905261339,0 -35.79707004804284,-9.586530510801614,0 -35.79679461095026,-9.58692989914143,0 -35.7959682791799,-9.588767096486189,0 -35.79530397726796,-9.589214415389293,0 -35.79460726657579,-9.589517954796827,0 -35.79342447533413,-9.589597828881775,0 -35.79042712126993,-9.5893102926339,0 -35.78880691841448,-9.589294311668539,0 -35.78843426665514,-9.589565896089244,0 -35.7875431368557,-9.590109065798444,0 -35.78648996458539,-9.590891876787085,0 -35.78564746030779,-9.58982148928434,0 -35.78457807782627,-9.589997215470534,0 -35.78446467075157,-9.589581839830082,0 -35.78407580710296,-9.589422076125196,0 -35.78308742008517,-9.58974161418747,0 -35.78209908139211,-9.589661727853729,0 -35.78182363753334,-9.589821482803726,0 -35.78127271799588,-9.591211375150966,0 -35.78096485428099,-9.591642724002316,0 -35.78000998591106,-9.592011569767559,0 -35.77895683503424,-9.591979615093916,0 -35.77766064795578,-9.59167606691853,0 -35.77652826233813,-9.591375287987823,0 -35.7746606188504,-9.59176523174495,0 -35.77687894217224,-9.58867509075858,0 -35.77575805298498,-9.587195722110025,0 -35.7746328007438,-9.585841738938008,0 -35.77464491696474,-9.58573720437217,0 -35.77485391848045,-9.585620723954143,0 -35.7748539185634,-9.585477362104905,0 -35.77512349934631,-9.585319067868967,0 -35.77529009392742,-9.58532205518314,0 -35.77502657147357,-9.585552030527598,0 -35.77468732301311,-9.585784991841294,0 -35.77494175861986,-9.586158330252212,0 -35.77686982713293,-9.588592416790181,0 -35.77577018668868,-9.590145408548702,0 -35.77449611556523,-9.59190599420267,0 -35.77290952340755,-9.593044762720085,0 -35.77223286765737,-9.593976492927782,0 -35.77272452873081,-9.593272960129042,0 -35.77324684589838,-9.59279999299097,0 -35.77344937576338,-9.592663358392352,0 -35.77308162572869,-9.592426873961854,0 -35.77215425294032,-9.591733182154812,0 -35.77158929929134,-9.59131276109842,0 -35.77151468403226,-9.59110780808532,0 -35.77150402550784,-9.590839792864923,0 -35.77161594972466,-9.590771475887264,0 -35.77159995969381,-9.591065766913339,0 -35.77171188282184,-9.591312761569462,0 -35.77340672787539,-9.59258977629282,0 -35.77336409056031,-9.592799985083003,0 -35.77255195818892,-9.593618521201002,0 -35.77191239020861,-9.59470109032906,0 -35.77160326122754,-9.596119995110776,0 -35.77088937689837,-9.599311221412467,0 -35.76963106712857,-9.60529595780532,0 -35.76893840155768,-9.607937452888075,0 -35.76860312227441,-9.610135668566544,0 -35.76702732044721,-9.612284284296774,0 -35.7630164057251,-9.617287062453634,0 -35.76181222595844,-9.618484859275558,0 -35.75953235042407,-9.619939295471713,0 -35.75664890109412,-9.62112924767367,0 -35.75279981225924,-9.622545116629565,0 -35.75249806427798,-9.623685553237253,0 -35.75249806480085,-9.624379727141067,0 -35.75088659469129,-9.627922424004675,0 -35.75032447476433,-9.627513118927833,0 -35.74996368042889,-9.628149718021437,0 -35.74550745217679,-9.625817584282865,0 -35.74436746129594,-9.62543740963148,0 -35.74379744868664,-9.625834070360586,0 -35.74249536700105,-9.627487517832387,0 -35.74172421498015,-9.628396544747625,0 -35.74085730984729,-9.630095769079876,0 -35.74061303009395,-9.63076819267167,0 -35.73907854259331,-9.630186761880534,0 -35.73764840402002,-9.629521905576308,0 -35.73771657707766,-9.628457415889754,0 -35.73699259869504,-9.62824413469228,0 -35.73655563522026,-9.63049834873424,0 -35.73722917022721,-9.630648426340226,0 -35.73615803795646,-9.636131792464315,0 -35.73355879723616,-9.648947449009093,0 -35.73157765385672,-9.648374406352481,0 -35.73142082647932,-9.649136844722337,0 -35.72653797083677,-9.647126713749868,0 -35.72666386265578,-9.64587796694193,0 -35.72639637002867,-9.645653035671733,0 -35.7261996852838,-9.64527298042179,0 -35.72632556570796,-9.645172151094258,0 -35.72655372174767,-9.645304008480142,0 -35.72676614034868,-9.64562976983063,0 -35.72667171848388,-9.647134470263422,0 -35.72594003300389,-9.647405936886582,0 -35.72504536841613,-9.64741690732989,0 -35.72392711656165,-9.646353827883383,0 -35.72258254635324,-9.644752637663059,0 -35.72098944467322,-9.643892019723916,0 -35.71904582410322,-9.643892011657234,0 -35.71977925129553,-9.646435896621028,0 -35.720018895116,-9.649142977426944,0 -35.72023392102385,-9.649821986148828,0 -35.72134531631438,-9.650960648781313,0 -35.72327827096552,-9.65388607982887,0 -35.72530494661325,-9.657108696664851,0 -35.72604589230134,-9.658376275579265,0 -35.72602202275365,-9.658737721584467,0 -35.72580616356006,-9.659042298343666,0 -35.72551310927303,-9.658989877700872,0 -35.72359358860498,-9.657127526422554,0 -35.72320976468192,-9.656968294120027,0 -35.72281589432963,-9.656219100990565,0 -35.72165190305751,-9.65498935256639,0 -35.71958596952536,-9.651723304350943,0 -35.71752549872115,-9.649314061716916,0 -35.71548445290684,-9.647237905103418,0 -35.7127838899256,-9.64500988516014,0 -35.71017807226877,-9.642578012859019,0 -35.70484507184888,-9.643111035540569,0 -35.69959041185038,-9.643360748568126,0 -35.69923343512718,-9.643992102806262,0 -35.69951838107743,-9.645310869622147,0 -35.70041080074314,-9.648439734234358,0 -35.69940257263993,-9.651344419154366,0 -35.69862468096906,-9.654997896178887,0 -35.69823118083435,-9.658973688847693,0 -35.69670044127365,-9.661733592732368,0</coordinates></LineString></Placemark><Placemark><name>0602 - Salvador Lyra / Maeió Shopping</name><styleUrl>#style_volta</styleUrl><LineString><tessellate>1</tessellate><coordinates>-35.74701696989435,-9.563416737907461,0 -35.74703227191227,-9.563588827759094,0 -35.74672601939197,-9.563601253087118,0 -35.74640404605395,-9.56200001601028,0 -35.75042976151783,-9.561174820240147,0 -35.75398131823636,-9.560619195951585,0 -35.7553752532348,-9.558738596370917,0 -35.75851784556987,-9.56092897323495,0 -35.75571379019832,-9.564442787561763,0 -35.74738368554156,-9.565800547605047,0 -35.74929743095159,-9.569296821819195,0 -35.75158289641189,-9.569508484111308,0 -35.75169326206661,-9.5694339108104,0 -35.7535325447522,-9.569047013308452,0 -35.7542722698582,-9.567844992757019,0 -35.76763228878084,-9.577627191688494,0 -35.76882061943428,-9.578409278322534,0 -35.76838818607217,-9.579164181119518,0 -35.7607892296108,-9.589586191743319,0 -35.75900357663117,-9.591054013930652,0 -35.7520168485783,-9.595321404811392,0 -35.75068279647237,-9.597423714873587,0 -35.74888730073217,-9.600582494377544,0 -35.74712830670622,-9.602947950913089,0 -35.74216683467808,-9.605144645426448,0 -35.7405879944961,-9.607572425355288,0 -35.73848464917123,-9.625706965186334,0 -35.73665858548012,-9.634461778385855,0 -35.73337171865973,-9.65026646880872,0 -35.73306640624022,-9.651323585309783,0 -35.73306541380823,-9.653027089550044,0 -35.73321720751997,-9.65575580201181,0 -35.73347125307529,-9.65828327567917,0 -35.73306699356775,-9.659586049603366,0 -35.7320954682614,-9.660649688124098,0 -35.7309903454065,-9.660531977218847,0 -35.73057242271906,-9.660086313294594,0 -35.73009678424624,-9.65963603058102,0 -35.72944904020789,-9.65972223648762,0 -35.72905446634295,-9.660089222507889,0 -35.72889416302299,-9.660850690005523,0 -35.7284282533497,-9.661449126168947,0 -35.72697082284253,-9.660400233038734,0 -35.72491858178522,-9.658407416422504,0 -35.72234330348197,-9.655706785264737,0 -35.72015779997609,-9.652269099967262,0 -35.71636244733187,-9.647965116350449,0 -35.71403535005938,-9.646245157925264,0 -35.712262485701,-9.644292502043534,0 -35.71018250557696,-9.64260396413898,0 -35.70810613514164,-9.642699504782508,0 -35.70814117511025,-9.64499129731645,0 -35.71033726712665,-9.644898804570593,0 -35.7160817599304,-9.651109365862057,0 -35.70515347075546,-9.651177208331413,0 -35.70517168774011,-9.653372497589071,0 -35.69898182523044,-9.653357293548376,0 -35.69857482724225,-9.656719954918703,0</coordinates></LineString></Placemark><Placemark><name>0104 - T.I Benedito Bentes / Trapiche</name><styleUrl>#style_volta</styleUrl><LineString><tessellate>1</tessellate><coordinates>-35.76437607578227,-9.667448148922933,0 -35.76471505854813,-9.668422305687596,0 -35.76542408381756,-9.673216929567959,0 -35.76542858028024,-9.673666260240758,0 -35.76501802059899,-9.67382475716362,0 -35.76315329330514,-9.673692909073207,0 -35.76277521279026,-9.673186764811373,0 -35.76145512394201,-9.672822365892138,0 -35.76088679824679,-9.674643323332935,0 -35.76163326479616,-9.673975933116619,0 -35.76306397577125,-9.673478084925069,0 -35.76233193356035,-9.672984222255675,0 -35.747073888419,-9.668485344988667,0 -35.74764820885848,-9.666593530295398,0 -35.74794315557801,-9.665385750811655,0 -35.74777635694845,-9.664804160033112,0 -35.74505548203228,-9.664948526351395,0 -35.74341303400742,-9.665246326002444,0 -35.74331067431712,-9.665464916099678,0 -35.74336049285656,-9.666347950716554,0 -35.74346596672892,-9.666710695027742,0 -35.74335836500786,-9.66755759700596,0 -35.74269564699307,-9.667288579960108,0 -35.73955241148223,-9.666498646685177,0 -35.73945354961461,-9.666630745325685,0 -35.73886704328114,-9.666454890536052,0 -35.73857468777089,-9.666260941629195,0 -35.73816763234342,-9.666494775546866,0 -35.73666548457006,-9.667498806454219,0 -35.73571462020207,-9.669654720643665,0 -35.73325824518773,-9.669587731084295,0 -35.73317905940852,-9.669345118042889,0 -35.7341849745458,-9.667784842178108,0 -35.73312017194461,-9.667075395942486,0 -35.73323685024357,-9.66678317441015,0 -35.73174927051026,-9.6669672109154,0 -35.72753028648056,-9.667132014942672,0 -35.72757876557177,-9.668670886528794,0 -35.72653103584167,-9.668628002864883,0 -35.72670686004897,-9.667349762945484,0 -35.72677875731267,-9.666022565687735,0 -35.72676668469922,-9.665715125518883,0 -35.72698855273504,-9.665623852017122,0 -35.72757284205206,-9.665817351010462,0 -35.72751655329979,-9.666889523273953,0 -35.7291459881104,-9.666829067260359,0 -35.7294104240749,-9.66328559918851,0 -35.72876342997957,-9.662858482317079,0 -35.72846622856277,-9.662474793851791,0 -35.72819617330206,-9.662308080061795,0 -35.72834753321408,-9.661446713546345,0 -35.72672531945845,-9.66060178456088,0 -35.72652158210156,-9.661288586382076,0 -35.72613052074438,-9.66224678833425,0 -35.72439235032262,-9.664568978044196,0 -35.72376272481063,-9.661410643678485,0 -35.7235511763059,-9.66028275042612,0 -35.72467622387178,-9.66018232389145,0 -35.72525584675456,-9.659588195680428,0 -35.72603764100808,-9.65868573008805,0 -35.72579521595924,-9.657915404109621,0 -35.72306245168041,-9.6535349390705,0 -35.72118020958087,-9.650803658167616,0 -35.72028100104032,-9.64976114300317,0 -35.72003754533709,-9.648588967037009,0 -35.71918380211097,-9.644111591322,0 -35.71823954419685,-9.64239930864706,0 -35.71767463704501,-9.639586619370771,0 -35.71822364254663,-9.637584902070767,0 -35.71806201820895,-9.636229296704885,0 -35.71704186634554,-9.636374012280701,0 -35.71702060011861,-9.635567732408385,0 -35.71594927385514,-9.635715471377363,0 -35.71585543186004,-9.635491395655276,0 -35.71578605876191,-9.634300896104984,0 -35.71530344519993,-9.631935629545259,0 -35.71534946490331,-9.63145081596796,0 -35.71673404538465,-9.628941298887266,0 -35.71700204399933,-9.627764986979427,0 -35.7170762410156,-9.626420510947987,0 -35.71665214213481,-9.624138443014528,0 -35.71647635414502,-9.623772719409898,0 -35.71651980473715,-9.623550403856404,0 -35.71621997099871,-9.622887182203716,0 -35.71456098945347,-9.619907996911397,0 -35.71323185597344,-9.61807528044164,0 -35.71285086007904,-9.617059147645064,0 -35.71311483476919,-9.616198000434908,0 -35.71744412768981,-9.615440751797221,0 -35.71812285403147,-9.612386529973834,0 -35.72152706702912,-9.608317161526996,0 -35.72265508429918,-9.604257689259024,0 -35.72397682265691,-9.594680227021115,0 -35.7255786085164,-9.591989927471941,0 -35.73383335871891,-9.584808092428366,0 -35.73563404481573,-9.581268751543863,0 -35.73876999075135,-9.573823247798659,0 -35.7420269939735,-9.57032184492913,0 -35.7437902850425,-9.567055388003611,0 -35.74562375164729,-9.562510410488459,0 -35.74476729574108,-9.560956792766202,0 -35.73388158950519,-9.550665127777112,0 -35.72995910460222,-9.546960775586946,0 -35.72809207392346,-9.548813285743073,0 -35.72854524295315,-9.549346236953175,0 -35.72695216898025,-9.550921019572046,0 -35.72601953713293,-9.550030796707754,0 -35.72670094975162,-9.549349957481953,0</coordinates></LineString></Placemark><Placemark><name>0727 - T.I Eustáquio Gomes / Ponta Verde (via Village II)</name><styleUrl>#style_volta</styleUrl><LineString><tessellate>1</tessellate><coordinates>-35.78319212653316,-9.542094761077536,0 -35.78499829522958,-9.542477258941549,0 -35.78740386143169,-9.538277628915102,0 -35.78313638030568,-9.536137072135162,0 -35.78237488831525,-9.535643926621983,0 -35.78230667534639,-9.535174681169087,0 -35.78192638590794,-9.535020249710666,0 -35.78160751310397,-9.53509175358483,0 -35.78097433176237,-9.534733381080786,0 -35.78091450820525,-9.534542201985913,0 -35.78083303997176,-9.534330804665618,0 -35.78065318407985,-9.534119986329749,0 -35.78040099273424,-9.534131418858648,0 -35.7801650150681,-9.534223954249539,0 -35.78000851726677,-9.53418048043323,0 -35.77979835336729,-9.534056262560494,0 -35.77932255974087,-9.533844758595096,0 -35.77928603906673,-9.533585474787994,0 -35.77916704981536,-9.533374581298464,0 -35.77896598218965,-9.533281573477396,0 -35.77865519961174,-9.533306056772147,0 -35.77853239509948,-9.533401701671938,0 -35.77829918157305,-9.533280640781095,0 -35.77768258365574,-9.532962463934485,0 -35.77767769517027,-9.532694210120516,0 -35.77755653437995,-9.53253461626357,0 -35.7771778420512,-9.532414936739736,0 -35.77695220513018,-9.532547850606324,0 -35.77610975628888,-9.53211404790473,0 -35.77606747240227,-9.531813823878895,0 -35.77580915761754,-9.531582084674055,0 -35.77545109302762,-9.531575493235772,0 -35.77526041526004,-9.531689708083627,0 -35.77482766911118,-9.531419785679434,0 -35.77346384026469,-9.531314569934954,0 -35.77168612519201,-9.531242196129025,0 -35.76988010069407,-9.531877771156488,0 -35.76887839133114,-9.532154189168121,0 -35.76776992088467,-9.531609893670936,0 -35.7674802386249,-9.531614625675804,0 -35.76690006610569,-9.531815900836184,0 -35.76645521255922,-9.532477222060914,0 -35.76552965858267,-9.534592770840945,0 -35.76504233076329,-9.537741365394586,0 -35.76466043722559,-9.539562840959368,0 -35.76445696812515,-9.540635121799482,0 -35.76105868002394,-9.54713685376843,0 -35.76150133812725,-9.547260904393738,0 -35.76131555655497,-9.547474363594839,0 -35.76087816645185,-9.547416533959527,0 -35.76201491561974,-9.545140478936217,0 -35.75861746779445,-9.543466881422843,0 -35.75949544528179,-9.54162901991054,0 -35.75430775251186,-9.53897930385103,0 -35.75238132468454,-9.542654943620322,0 -35.75418889096592,-9.543499238593967,0 -35.75219666329804,-9.547172356378471,0 -35.7550953681061,-9.54858736380572,0 -35.75235013460221,-9.553830302209171,0 -35.7527951859301,-9.55397520441074,0 -35.75280127596964,-9.554346441155559,0 -35.75073510504996,-9.554747435599005,0 -35.74920585876745,-9.555780798765332,0 -35.74741852192857,-9.558370534443673,0 -35.74646246854473,-9.560561152083293,0 -35.74271030369186,-9.569253161509435,0 -35.73958158817791,-9.573194640722097,0 -35.73626433238664,-9.579646260024115,0 -35.73391238767657,-9.584972804697436,0 -35.72625624091621,-9.59127090930718,0 -35.72357332108639,-9.595933803819564,0 -35.72231105462224,-9.605834190317474,0 -35.72123293152362,-9.608900375003518,0 -35.71824564936448,-9.612396196275121,0 -35.7174664275613,-9.615513567280589,0 -35.71311506840681,-9.616075418313049,0 -35.71275950235896,-9.616658241833491,0 -35.71290370827274,-9.617683552015995,0 -35.7145994943816,-9.619890036794995,0 -35.71584575007147,-9.622184878430671,0 -35.71640330195933,-9.623286152435076,0 -35.7170975626203,-9.626316608826661,0 -35.71690620023536,-9.628808052567503,0 -35.71544030842045,-9.631615726660678,0 -35.71585169007293,-9.63454565364636,0 -35.7160014281156,-9.635720051378808,0 -35.71706659999236,-9.635652641561398,0 -35.71703642715567,-9.636426068145376,0 -35.71817871050076,-9.636211113633324,0 -35.71827602084417,-9.637594825674809,0 -35.71761220200996,-9.639395444811907,0 -35.71800063707764,-9.641851095690045,0 -35.71905202295213,-9.643934402873843,0 -35.71538930197534,-9.643993480938331,0 -35.71360449441236,-9.64423535432603,0 -35.71270079865963,-9.64355844268874,0 -35.7119840535418,-9.644176918487473,0 -35.71020072888324,-9.642574041728494,0 -35.7050131438652,-9.643128923381248,0 -35.69975880217319,-9.643281752955172,0 -35.69920543969128,-9.64382850809996,0 -35.6994099997759,-9.645144907774702,0 -35.7000216539885,-9.647001308735803,0 -35.70033594913967,-9.648400757962985,0 -35.69900747021149,-9.652237765404108,0 -35.69840389625426,-9.65847861524861,0 -35.69763361543414,-9.660108094142492,0 -35.69568829943804,-9.663545932391154,0 -35.69586590116708,-9.663662019353119,0 -35.70141968779313,-9.662252441904053,0 -35.70541404704539,-9.661935929422624,0 -35.7088132352738,-9.662952019315279,0 -35.71072037803942,-9.663995342598636,0 -35.71227262183312,-9.665409862132895,0 -35.71529698486511,-9.668583233979287,0 -35.71713371303466,-9.670945582233234,0 -35.71876406663984,-9.673617027526525,0 -35.7188427859417,-9.674038890216861,0 -35.71772396925966,-9.674310386577462,0 -35.71824589190826,-9.674647058490692,0 -35.71958030630531,-9.674704637317378,0 -35.72087008541434,-9.673580254386566,0 -35.72144939451033,-9.673633058084397,0 -35.72400582504517,-9.672387730213947,0 -35.7254500004798,-9.672610620122077,0 -35.72721843513962,-9.671311535008272,0 -35.72958276621243,-9.670057884209426,0 -35.7276447931307,-9.67023286140149,0 -35.72754120219849,-9.665820479916556,0 -35.72676498617133,-9.665880971262267,0</coordinates></LineString></Placemark><Placemark><name>0223 - Ipioca X Vergel Via Mercado</name><styleUrl>#style_volta</styleUrl><LineString><tessellate>1</tessellate><coordinates>-35.57517889496571,-9.487884658863862,0 -35.57708299885123,-9.490626261315908,0 -35.5809122443918,-9.494302937796823,0 -35.5873349385439,-9.502683175216598,0 -35.59194338477192,-9.50917223735683,0 -35.59410220369676,-9.51429298100441,0 -35.59579470830825,-9.517675007784774,0 -35.60216461333739,-9.524419484494336,0 -35.60563477880571,-9.52926895228116,0 -35.60390205398608,-9.526725867767581,0 -35.60475186158668,-9.526370957210226,0 -35.60634226251524,-9.52712619612409,0 -35.60686449458808,-9.528308294693872,0 -35.6075978895599,-9.528447934361072,0 -35.60797568066116,-9.528361001189348,0 -35.60875667098945,-9.528406712070508,0 -35.60890276753294,-9.52853875930893,0 -35.60785355249226,-9.528494799259084,0 -35.60762301462124,-9.528356873529184,0 -35.60720913734501,-9.528387111657583,0 -35.60649953449189,-9.527372465483477,0 -35.6061683309043,-9.52701818508346,0 -35.6050126358686,-9.526421501040774,0 -35.60412620555678,-9.526502970718957,0 -35.6038197005643,-9.526640135920736,0 -35.60546910622155,-9.529145364631447,0 -35.60577203275407,-9.52939058888124,0 -35.60728597301718,-9.52972891217617,0 -35.61191190282907,-9.531008732790973,0 -35.61678561868608,-9.533100198017106,0 -35.61798881813249,-9.535359622565991,0 -35.62211435468382,-9.544090723271152,0 -35.62567097981267,-9.54609723727958,0 -35.62796204205802,-9.547513103085508,0 -35.63696657719902,-9.554124352440242,0 -35.64081695199004,-9.558074135786352,0 -35.64560551163355,-9.563653119644954,0 -35.65180641859219,-9.568230750005307,0 -35.65604606636165,-9.574862163731794,0 -35.6569239120651,-9.5780081803511,0 -35.6577338820901,-9.57992100007853,0 -35.66015051607599,-9.58156348466723,0 -35.66355682424027,-9.584919442345436,0 -35.66772424447851,-9.586570032952162,0 -35.66964856329964,-9.588710788971422,0 -35.67376778722901,-9.593026104057135,0 -35.67691294204347,-9.597615282733031,0 -35.67936368105741,-9.600398944555783,0 -35.68011107585383,-9.602161626443186,0 -35.68224851893401,-9.605709081344536,0 -35.68411570583548,-9.607922410834528,0 -35.68557438780699,-9.609204332432524,0 -35.68837579648162,-9.612432936991452,0 -35.68933410233965,-9.614542839639773,0 -35.69127277225923,-9.616892600190011,0 -35.69453492202653,-9.621255691712127,0 -35.69770782615922,-9.627684453407005,0 -35.69906364735176,-9.629794063536458,0 -35.69662647780661,-9.629917620720963,0 -35.69685040279565,-9.630239696161437,0 -35.69664524913805,-9.630283660676039,0 -35.69675311321801,-9.630589489228473,0 -35.69955715625895,-9.63041597285381,0 -35.70279881707688,-9.635828753681018,0 -35.70495394620216,-9.638881231604602,0 -35.70984610536524,-9.642118727802893,0 -35.70999218857698,-9.642528368789717,0 -35.70796355523613,-9.642775980456525,0 -35.708181749254,-9.645078497303942,0 -35.70984980743368,-9.6449664493874,0 -35.71117479919513,-9.645233298841976,0 -35.71248844221884,-9.644753343239342,0 -35.71459482163419,-9.646715601012094,0 -35.71942202305886,-9.65133220911292,0 -35.71845259908314,-9.652251646547946,0 -35.71741596593294,-9.653191050682747,0 -35.71693357603452,-9.653371774411326,0 -35.71582301524585,-9.653369816781048,0 -35.70466047876049,-9.653343651313703,0 -35.69997467183938,-9.653419429540488,0 -35.69884866367818,-9.653349704548102,0 -35.6984735526469,-9.65765027697333,0 -35.69572409917442,-9.663515513181206,0 -35.696643351916,-9.66344443698084,0 -35.70157324924969,-9.662300270494761,0 -35.70543205992029,-9.662016053854899,0 -35.70827954378227,-9.662827327545154,0 -35.71075536329645,-9.663947860082418,0 -35.71608252755327,-9.669672529047913,0 -35.71752106842077,-9.671516697875134,0 -35.71876518917741,-9.67348956114437,0 -35.7192957184883,-9.673631430836622,0 -35.71930265216608,-9.673472094569293,0 -35.71942341677065,-9.673450679441972,0 -35.7198970544686,-9.673124473578051,0 -35.71993705085848,-9.669472749684306,0 -35.72063177630441,-9.667902429656507,0 -35.72196746364803,-9.667222505858625,0 -35.72933997931035,-9.666849564735394,0 -35.7336315382088,-9.666656309337858,0 -35.73476110173731,-9.666903935611199,0 -35.73320713993856,-9.6693055836448,0 -35.73333160021086,-9.669580121087606,0 -35.73560442133517,-9.669716143569628,0 -35.73659833364969,-9.667565786443872,0 -35.73709457607922,-9.667147902837742,0 -35.73789318292517,-9.66656733262899,0 -35.73850433793804,-9.666181506251595,0 -35.73893204468681,-9.666478127803373,0 -35.73941826056021,-9.666601006101345,0 -35.73953462719859,-9.666501558233765,0 -35.73968912277667,-9.666554416333971,0 -35.74258148100235,-9.667219015904813,0 -35.74339560481251,-9.667567664732264,0 -35.74351716706768,-9.666154706350502,0 -35.74333395765211,-9.664611321133066,0 -35.74327732468653,-9.664449252337619,0 -35.7477006870981,-9.664128467881506,0 -35.74991540197171,-9.66402529584477,0 -35.74866858834042,-9.661671302114586,0 -35.74690859176167,-9.662548798636728,0 -35.74662034997815,-9.662595557995344,0 -35.74646285733751,-9.661815445639961,0 -35.7462131813034,-9.660579746493482,0 -35.74597521832615,-9.659359481517342,0 -35.74590129924218,-9.659017770578314,0 -35.7458616211248,-9.658897262214802,0 -35.74566514528249,-9.658755721883386,0 -35.74582742979915,-9.65884575491865,0 -35.74595143805058,-9.658828819444782,0 -35.74606990843201,-9.659243227542065,0 -35.74650458284292,-9.661316215042188,0 -35.74665997352503,-9.662034830210997,0 -35.74687252719156,-9.662403997840052,0 -35.74700640235992,-9.662591206889921,0 -35.74777025027466,-9.664092906011872,0 -35.74988712002823,-9.66394834737478,0 -35.74871533626207,-9.661692364884106,0 -35.75191918073487,-9.659815062963077,0 -35.75376093225119,-9.65883064781706,0 -35.7550180095487,-9.658025554538643,0 -35.75569297855488,-9.65728600994882,0 -35.7583356405548,-9.654239677082936,0 -35.75952656492395,-9.654297563701327,0 -35.76103264531143,-9.652502933524982,0 -35.76083437125281,-9.652390725795954,0</coordinates></LineString></Placemark></Folder><Folder><name>PONTOS</name><Placemark><name>CA001</name><styleUrl>#style_pontos</styleUrl><Point><coordinates>-35.698207,-9.638656,0</coordinates></Point></Placemark><Placemark><name>CA002</name><styleUrl>#style_pontos</styleUrl><Point><coordinates>-35.697686,-9.635334,0</coordinates></Point></Placemark><Placemark><name>CA005</name><styleUrl>#style_pontos</styleUrl><Point><coordinates>-35.696269,-9.631504,0</coordinates></Point></Placemark><Placemark><name>CA006</name><styleUrl>#style_pontos</styleUrl><Point><coordinates>-35.699225,-9.637811,0</coordinates></Point></Placemark><Placemark><name>CA007</name><styleUrl>#style_pontos</styleUrl><Point><coordinates>-35.700296,-9.639105,0</coordinates></Point></Placemark><Placemark><name>CA008</name><styleUrl>#style_pontos</styleUrl><Point><coordinates>-35.703702,-9.638797,0</coordinates></Point></Placemark><Placemark><name>CA009</name><styleUrl>#style_pontos</styleUrl><Point><coordinates>-35.704058,-9.637688,0</coordinates></Point></Placemark><Placemark><name>CA010</name><styleUrl>#style_pontos</styleUrl><Point><coordinates>-35.703876,-9.637169,0</coordinates></Point></Placemark><Placemark><name>CA011</name><styleUrl>#style_pontos</styleUrl><Point><coordinates>-35.702202,-9.634999,0</coordinates></Point></Placemark><Placemark><name>CA012</name><styleUrl>#style_pontos</styleUrl><Point><coordinates>-35.702218,-9.634577,0</coordinates></Point></Placemark><Placemark><name>CA013</name><styleUrl>#style_pontos</styleUrl><Point><coordinates>-35.701811,-9.634384,0</coordinates></Point></Placemark><Placemark><name>CA014</name><styleUrl>#style_pontos</styleUrl><Point><coordinates>-35.700833,-9.632578,0</coordinates></Point></Placemark><Placemark><name>CA015</name><styleUrl>#style_pontos</styleUrl><Point><coordinates>-35.700434,-9.632252,0</coordinates></Point></Placemark><Placemark><name>CA016</name><styleUrl>#style_pontos</styleUrl><Point><coordinates>-35.698125,-9.627607,0</coordinates></Point></Placemark><Placemark><name>CA017</name><styleUrl>#style_pontos</styleUrl><Point><coordinates>-35.697887,-9.627988,0</coordinates></Point></Placemark><Placemark><name>CA018</name><styleUrl>#style_pontos</styleUrl><Point><coordinates>-35.698299,-9.625963,0</coordinates></Point></Placemark><Placemark><name>CA019</name><styleUrl>#style_pontos</styleUrl><Point><coordinates>-35.703023,-9.625848,0</coordinates></Point></Placemark><Placemark><name>CA020</name><styleUrl>#style_pontos</styleUrl><Point><coordinates>-35.707668,-9.623345,0</coordinates></Point></Placemark><Placemark><name>CA021</name><styleUrl>#style_pontos</styleUrl><Point><coordinates>-35.707557,-9.623598,0</coordinates></Point></Placemark><Placemark><name>CA022</name><styleUrl>#style_pontos</styleUrl><Point><coordinates>-35.703999,-9.634796,0</coordinates></Point></Placemark><Placemark><name>CA023</name><styleUrl>#style_pontos</styleUrl><Point><coordinates>-35.69447,-9.62678,0</coordinates></Point></Placemark><Placemark><name>CA024</name><styleUrl>#style_pontos</styleUrl><Point><coordinates>-35.69255,-9.62205,0</coordinates></Point></Placemark><Placemark><name>CA025</name><styleUrl>#style_pontos</styleUrl><Point><coordinates>-35.69124,-9.61947,0</coordinates></Point></Placemark><Placemark><name>CA026</name><styleUrl>#style_pontos</styleUrl><Point><coordinates>-35.68848,-9.61554,0</coordinates></Point></Placemark><Placemark><name>CA027</name><styleUrl>#style_pontos</styleUrl><Point><coordinates>-35.697019,-9.633288,0</coordinates></Point></Placemark><Placemark><name>CA028</name><styleUrl>#style_pontos</styleUrl><Point><coordinates>-35.707986,-9.627669,0</coordinates></Point></Placemark><Placemark><name>CA029</name><styleUrl>#style_pontos</styleUrl><Point><coordinates>-35.708137,-9.625615,0</coordinates></Point></Placemark><Placemark><name>GT001</name><styleUrl>#style_pontos</styleUrl><Point><coordinates>-35.666339,-9.586032,0</coordinates></Point></Placemark><Placemark><name>GT002</name><styleUrl>#style_pontos</styleUrl><Point><coordinates>-35.665866,-9.585914,0</coordinates></Point></Placemark><Placemark><name>GT003</name><styleUrl>#style_pontos</styleUrl><Point><coordinates>-35.664211,-9.585115,0</coordinates></Point></Placemark><Placemark><name>GT004</name><styleUrl>#style_pontos</styleUrl><Point><coordinates>-35.664264,-9.585263,0</coordinates></Point></Placemark><Placemark><name>GT005</name><styleUrl>#style_pontos</styleUrl><Point><coordinates>-35.662327,-9.584122,0</coordinates></Point></Placemark><Placemark><name>GT006</name><styleUrl>#style_pontos</styleUrl><Point><coordinates>-35.662705,-9.584337,0</coordinates></Point></Placemark><Placemark><name>GT007</name><styleUrl>#style_pontos</styleUrl><Point><coordinates>-35.661021,-9.582687,0</coordinates></Point></Placemark><Placemark><name>GT008</name><styleUrl>#style_pontos</styleUrl><Point><coordinates>-35.661009,-9.58254,0</coordinates></Point></Placemark><Placemark><name>GT009</name><styleUrl>#style_pontos</styleUrl><Point><coordinates>-35.659517,-9.58099,0</coordinates></Point></Placemark><Placemark><name>GT010</name><styleUrl>#style_pontos</styleUrl><Point><coordinates>-35.65947,-9.5811,0</coordinates></Point></Placemark><Placemark><name>GX001</name><styleUrl>#style_pontos</styleUrl><Point><coordinates>-35.679468,-9.597558,0</coordinates></Point></Placemark><Placemark><name>GX002</name><styleUrl>#style_pontos</styleUrl><Point><coordinates>-35.678898,-9.599616,0</coordinates></Point></Placemark><Placemark><name>GX003</name><styleUrl>#style_pontos</styleUrl><Point><coordinates>-35.676599,-9.597077,0</coordinates></Point></Placemark><Placemark><name>GX004</name><styleUrl>#style_pontos</styleUrl><Point><coordinates>-35.676745,-9.597106,0</coordinates></Point></Placemark><Placemark><name>GX005</name><styleUrl>#style_pontos</styleUrl><Point><coordinates>-35.677268,-9.596019,0</coordinates></Point></Placemark><Placemark><name>GX006</name><styleUrl>#style_pontos</styleUrl><Point><coordinates>-35.677342,-9.595612,0</coordinates></Point></Placemark><Placemark><name>GX007</name><styleUrl>#style_pontos</styleUrl><Point><coordinates>-35.679658,-9.594742,0</coordinates></Point></Placemark><Placemark><name>GX008</name><styleUrl>#style_pontos</styleUrl><Point><coordinates>-35.675314,-9.595259,0</coordinates></Point></Placemark><Placemark><name>GX009</name><styleUrl>#style_pontos</styleUrl><Point><coordinates>-35.674481,-9.593816,0</coordinates></Point></Placemark><Placemark><name>GX010</name><styleUrl>#style_pontos</styleUrl><Point><coordinates>-35.672804,-9.592026,0</coordinates></Point></Placemark><Placemark><name>GX011</name><styleUrl>#style_pontos</styleUrl><Point><coordinates>-35.672373,-9.591775,0</coordinates></Point></Placemark><Placemark><name>GX012</name><styleUrl>#style_pontos</styleUrl><Point><coordinates>-35.669659,-9.588759,0</coordinates></Point></Placemark><Placemark><name>GX013</name><styleUrl>#style_pontos</styleUrl><Point><coordinates>-35.669641,-9.588904,0</coordinates></Point></Placemark><Placemark><name>GX014</name><styleUrl>#style_pontos</styleUrl><Point><coordinates>-35.668495,-9.587567,0</coordinates></Point></Placemark><Placemark><name>GX015</name><styleUrl>#style_pontos</styleUrl><Point><coordinates>-35.668148,-9.587356,0</coordinates></Point></Placemark><Placemark><name>GX016</name><styleUrl>#style_pontos</styleUrl><Point><coordinates>-35.678952,-9.597594,0</coordinates></Point></Placemark><Placemark><name>GX017</name><styleUrl>#style_pontos</styleUrl><Point><coordinates>-35.681787,-9.595983,0</coordinates></Point></Placemark><Placemark><name>GX018</name><styleUrl>#style_pontos</styleUrl><Point><coordinates>-35.683652,-9.595026,0</coordinates></Point></Placemark><Placemark><name>GX019</name><styleUrl>#style_pontos</styleUrl><Point><coordinates>-35.6698,-9.5818,0</coordinates></Point></Placemark><Placemark><name>GX020</name><styleUrl>#style_pontos</styleUrl><Point><coordinates>-35.6697,-9.5816,0</coordinates></Point></Placemark><Placemark><name>GX021</name><styleUrl>#style_pontos</styleUrl><Point><coordinates>-35.668,-9.5793,0</coordinates></Point></Placemark><Placemark><name>GX022</name><styleUrl>#style_pontos</styleUrl><Point><coordinates>-35.6681,-9.5792,0</coordinates></Point></Placemark><Placemark><name>GX023</name><styleUrl>#style_pontos</styleUrl><Point><coordinates>-35.6704,-9.5772,0</coordinates></Point></Placemark><Placemark><name>GX024</name><styleUrl>#style_pontos</styleUrl><Point><coordinates>-35.6704,-9.5772,0</coordinates></Point></Placemark><Placemark><name>GX025</name><styleUrl>#style_pontos</styleUrl><Point><coordinates>-35.6714,-9.5733,0</coordinates></Point></Placemark><Placemark><name>GX026</name><styleUrl>#style_pontos</styleUrl><Point><coordinates>-35.671,-9.5733,0</coordinates></Point></Placemark><Placemark><name>GX027</name><styleUrl>#style_pontos</styleUrl><Point><coordinates>-35.6673,-9.5746,0</coordinates></Point></Placemark><Placemark><name>GX028</name><styleUrl>#style_pontos</styleUrl><Point><coordinates>-35.6673,-9.5746,0</coordinates></Point></Placemark><Placemark><name>GX029</name><styleUrl>#style_pontos</styleUrl><Point><coordinates>-35.663,-9.5751,0</coordinates></Point></Placemark><Placemark><name>GX030</name><styleUrl>#style_pontos</styleUrl><Point><coordinates>-35.663,-9.5751,0</coordinates></Point></Placemark><Placemark><name>GX031</name><styleUrl>#style_pontos</styleUrl><Point><coordinates>-35.661,-9.576,0</coordinates></Point></Placemark><Placemark><name>GX032</name><styleUrl>#style_pontos</styleUrl><Point><coordinates>-35.6668,-9.5858,0</coordinates></Point></Placemark><Placemark><name>GX033</name><styleUrl>#style_pontos</styleUrl><Point><coordinates>-35.6668,-9.5859,0</coordinates></Point></Placemark><Placemark><name>GX034</name><styleUrl>#style_pontos</styleUrl><Point><coordinates>-35.676775,-9.597451,0</coordinates></Point></Placemark><Placemark><name>JA001</name><styleUrl>#style_pontos</styleUrl><Point><coordinates>-35.694479,-9.62113,0</coordinates></Point></Placemark><Placemark><name>JA002</name><styleUrl>#style_pontos</styleUrl><Point><coordinates>-35.693878,-9.620742,0</coordinates></Point></Placemark><Placemark><name>JA003</name><styleUrl>#style_pontos</styleUrl><Point><coordinates>-35.691987,-9.618245,0</coordinates></Point></Placemark><Placemark><name>JA004</name><styleUrl>#style_pontos</styleUrl><Point><coordinates>-35.691206,-9.616433,0</coordinates></Point></Placemark><Placemark><name>JA005</name><styleUrl>#style_pontos</styleUrl><Point><coordinates>-35.690419,-9.615762,0</coordinates></Point></Placemark><Placemark><name>JA006</name><styleUrl>#style_pontos</styleUrl><Point><coordinates>-35.689301,-9.614099,0</coordinates></Point></Placemark><Placemark><name>JA007</name><styleUrl>#style_pontos</styleUrl><Point><coordinates>-35.689265,-9.612753,0</coordinates></Point></Placemark><Placemark><name>JA008</name><styleUrl>#style_pontos</styleUrl><Point><coordinates>-35.68833,-9.612294,0</coordinates></Point></Placemark><Placemark><name>JA009</name><styleUrl>#style_pontos</styleUrl><Point><coordinates>-35.68728,-9.611276,0</coordinates></Point></Placemark><Placemark><name>JA010</name><styleUrl>#style_pontos</styleUrl><Point><coordinates>-35.686834,-9.611036,0</coordinates></Point></Placemark><Placemark><name>JA011</name><styleUrl>#style_pontos</styleUrl><Point><coordinates>-35.683734,-9.6078,0</coordinates></Point></Placemark><Placemark><name>JA012</name><styleUrl>#style_pontos</styleUrl><Point><coordinates>-35.683459,-9.607287,0</coordinates></Point></Placemark><Placemark><name>JA013</name><styleUrl>#style_pontos</styleUrl><Point><coordinates>-35.681982,-9.605402,0</coordinates></Point></Placemark><Placemark><name>JA014</name><styleUrl>#style_pontos</styleUrl><Point><coordinates>-35.681831,-9.604564,0</coordinates></Point></Placemark><Placemark><name>JA015</name><styleUrl>#style_pontos</styleUrl><Point><coordinates>-35.680044,-9.602002,0</coordinates></Point></Placemark><Placemark><name>JA016</name><styleUrl>#style_pontos</styleUrl><Point><coordinates>-35.679921,-9.601307,0</coordinates></Point></Placemark><Placemark><name>JA017</name><styleUrl>#style_pontos</styleUrl><Point><coordinates>-35.698946,-9.625674,0</coordinates></Point></Placemark><Placemark><name>JA018</name><styleUrl>#style_pontos</styleUrl><Point><coordinates>-35.70284,-9.625546,0</coordinates></Point></Placemark><Placemark><name>JA019</name><styleUrl>#style_pontos</styleUrl><Point><coordinates>-35.701427,-9.577922,0</coordinates></Point></Placemark><Placemark><name>JA020</name><styleUrl>#style_pontos</styleUrl><Point><coordinates>-35.701215,-9.577461,0</coordinates></Point></Placemark><Placemark><name>JA021</name><styleUrl>#style_pontos</styleUrl><Point><coordinates>-35.686061,-9.591709,0</coordinates></Point></Placemark><Placemark><name>JA022</name><styleUrl>#style_pontos</styleUrl><Point><coordinates>-35.686613,-9.5916008,0</coordinates></Point></Placemark><Placemark><name>JA023</name><styleUrl>#style_pontos</styleUrl><Point><coordinates>-35.68717,-9.588187,0</coordinates></Point></Placemark><Placemark><name>JA024</name><styleUrl>#style_pontos</styleUrl><Point><coordinates>-35.6871965,-9.5889491,0</coordinates></Point></Placemark><Placemark><name>RD001</name><styleUrl>#style_pontos</styleUrl><Point><coordinates>-35.6573,-9.57906,0</coordinates></Point></Placemark><Placemark><name>RD002</name><styleUrl>#style_pontos</styleUrl><Point><coordinates>-35.65737,-9.57905,0</coordinates></Point></Placemark><Placemark><name>RD003</name><styleUrl>#style_pontos</styleUrl><Point><coordinates>-35.656232,-9.575645,0</coordinates></Point></Placemark><Placemark><name>RD004</name><styleUrl>#style_pontos</styleUrl><Point><coordinates>-35.656356,-9.575418,0</coordinates></Point></Placemark><Placemark><name>RD005</name><styleUrl>#style_pontos</styleUrl><Point><coordinates>-35.65519,-9.572881,0</coordinates></Point></Placemark><Placemark><name>RD006</name><styleUrl>#style_pontos</styleUrl><Point><coordinates>-35.654694,-9.572433,0</coordinates></Point></Placemark><Placemark><name>RD007</name><styleUrl>#style_pontos</styleUrl><Point><coordinates>-35.65119,-9.567604,0</coordinates></Point></Placemark><Placemark><name>RD008</name><styleUrl>#style_pontos</styleUrl><Point><coordinates>-35.650826,-9.567459,0</coordinates></Point></Placemark><Placemark><name>RD009</name><styleUrl>#style_pontos</styleUrl><Point><coordinates>-35.647479,-9.564859,0</coordinates></Point></Placemark><Placemark><name>RD010</name><styleUrl>#style_pontos</styleUrl><Point><coordinates>-35.647253,-9.564885,0</coordinates></Point></Placemark><Placemark><name>RD011</name><styleUrl>#style_pontos</styleUrl><Point><coordinates>-35.645728,-9.563767,0</coordinates></Point></Placemark><Placemark><name>RD012</name><styleUrl>#style_pontos</styleUrl><Point><coordinates>-35.64564,-9.563544,0</coordinates></Point></Placemark><Placemark><name>RD013</name><styleUrl>#style_pontos</styleUrl><Point><coordinates>-35.645509,-9.565091,0</coordinates></Point></Placemark><Placemark><name>RD014</name><styleUrl>#style_pontos</styleUrl><Point><coordinates>-35.643907,-9.56174,0</coordinates></Point></Placemark><Placemark><name>RD015</name><styleUrl>#style_pontos</styleUrl><Point><coordinates>-35.643836,-9.561488,0</coordinates></Point></Placemark><Placemark><name>RD016</name><styleUrl>#style_pontos</styleUrl><Point><coordinates>-35.639674,-9.557041,0</coordinates></Point></Placemark><Placemark><name>RD017</name><styleUrl>#style_pontos</styleUrl><Point><coordinates>-35.639426,-9.556926,0</coordinates></Point></Placemark><Placemark><name>RD019</name><styleUrl>#style_pontos</styleUrl><Point><coordinates>-35.6547,-9.5723,0</coordinates></Point></Placemark><Placemark><name>RD020</name><styleUrl>#style_pontos</styleUrl><Point><coordinates>-35.653383,-9.570422,0</coordinates></Point></Placemark><Placemark><name>RD021</name><styleUrl>#style_pontos</styleUrl><Point><coordinates>-35.653605,-9.570612,0</coordinates></Point></Placemark><Placemark><name>PE001</name><styleUrl>#style_pontos</styleUrl><Point><coordinates>-35.63124,-9.549523,0</coordinates></Point></Placemark><Placemark><name>PE002</name><styleUrl>#style_pontos</styleUrl><Point><coordinates>-35.630694,-9.549264,0</coordinates></Point></Placemark><Placemark><name>PE003</name><styleUrl>#style_pontos</styleUrl><Point><coordinates>-35.624063,-9.54525,0</coordinates></Point></Placemark><Placemark><name>PE004</name><styleUrl>#style_pontos</styleUrl><Point><coordinates>-35.623816,-9.545275,0</coordinates></Point></Placemark><Placemark><name>PE005</name><styleUrl>#style_pontos</styleUrl><Point><coordinates>-35.621454,-9.542999,0</coordinates></Point></Placemark><Placemark><name>PE006</name><styleUrl>#style_pontos</styleUrl><Point><coordinates>-35.6217,-9.54335,0</coordinates></Point></Placemark><Placemark><name>PE007</name><styleUrl>#style_pontos</styleUrl><Point><coordinates>-35.619954,-9.53921,0</coordinates></Point></Placemark><Placemark><name>PE008</name><styleUrl>#style_pontos</styleUrl><Point><coordinates>-35.619791,-9.539096,0</coordinates></Point></Placemark><Placemark><name>PE009</name><styleUrl>#style_pontos</styleUrl><Point><coordinates>-35.61885,-9.5373,0</coordinates></Point></Placemark><Placemark><name>PE010</name><styleUrl>#style_pontos</styleUrl><Point><coordinates>-35.619,-9.53737,0</coordinates></Point></Placemark><Placemark><name>PE011</name><styleUrl>#style_pontos</styleUrl><Point><coordinates>-35.618029,-9.535198,0</coordinates></Point></Placemark><Placemark><name>PE012</name><styleUrl>#style_pontos</styleUrl><Point><coordinates>-35.617724,-9.534849,0</coordinates></Point></Placemark><Placemark><name>IP001</name><styleUrl>#style_pontos</styleUrl><Point><coordinates>-35.623353,-9.52841,0</coordinates></Point></Placemark><Placemark><name>IP002</name><styleUrl>#style_pontos</styleUrl><Point><coordinates>-35.594871,-9.515937,0</coordinates></Point></Placemark><Placemark><name>IP003</name><styleUrl>#style_pontos</styleUrl><Point><coordinates>-35.622268,-9.529166,0</coordinates></Point></Placemark><Placemark><name>IP004</name><styleUrl>#style_pontos</styleUrl><Point><coordinates>-35.621077,-9.530151,0</coordinates></Point></Placemark><Placemark><name>IP005</name><styleUrl>#style_pontos</styleUrl><Point><coordinates>-35.621199,-9.53023,0</coordinates></Point></Placemark><Placemark><name>IP006</name><styleUrl>#style_pontos</styleUrl><Point><coordinates>-35.615408,-9.532576,0</coordinates></Point></Placemark><Placemark><name>IP007</name><styleUrl>#style_pontos</styleUrl><Point><coordinates>-35.615411,-9.532379,0</coordinates></Point></Placemark><Placemark><name>IP008</name><styleUrl>#style_pontos</styleUrl><Point><coordinates>-35.610001,-9.530228,0</coordinates></Point></Placemark><Placemark><name>IP009</name><styleUrl>#style_pontos</styleUrl><Point><coordinates>-35.607682,-9.529841,0</coordinates></Point></Placemark><Placemark><name>IP010</name><styleUrl>#style_pontos</styleUrl><Point><coordinates>-35.607162,-9.529627,0</coordinates></Point></Placemark><Placemark><name>IP011</name><styleUrl>#style_pontos</styleUrl><Point><coordinates>-35.604899,-9.528546,0</coordinates></Point></Placemark><Placemark><name>IP012</name><styleUrl>#style_pontos</styleUrl><Point><coordinates>-35.604858,-9.528243,0</coordinates></Point></Placemark><Placemark><name>IP013</name><styleUrl>#style_pontos</styleUrl><Point><coordinates>-35.607704,-9.528383,0</coordinates></Point></Placemark><Placemark><name>IP014</name><styleUrl>#style_pontos</styleUrl><Point><coordinates>-35.605142,-9.526441,0</coordinates></Point></Placemark><Placemark><name>IP015</name><styleUrl>#style_pontos</styleUrl><Point><coordinates>-35.603757,-9.526533,0</coordinates></Point></Placemark><Placemark><name>IP016</name><styleUrl>#style_pontos</styleUrl><Point><coordinates>-35.603501,-9.526424,0</coordinates></Point></Placemark><Placemark><name>IP017</name><styleUrl>#style_pontos</styleUrl><Point><coordinates>-35.602322,-9.524366,0</coordinates></Point></Placemark><Placemark><name>IP018</name><styleUrl>#style_pontos</styleUrl><Point><coordinates>-35.602062,-9.524281,0</coordinates></Point></Placemark><Placemark><name>IP019</name><styleUrl>#style_pontos</styleUrl><Point><coordinates>-35.600851,-9.522685,0</coordinates></Point></Placemark><Placemark><name>IP020</name><styleUrl>#style_pontos</styleUrl><Point><coordinates>-35.60051,-9.522037,0</coordinates></Point></Placemark><Placemark><name>IP021</name><styleUrl>#style_pontos</styleUrl><Point><coordinates>-35.598544,-9.520318,0</coordinates></Point></Placemark><Placemark><name>IP022</name><styleUrl>#style_pontos</styleUrl><Point><coordinates>-35.596348,-9.518134,0</coordinates></Point></Placemark><Placemark><name>IP023</name><styleUrl>#style_pontos</styleUrl><Point><coordinates>-35.596497,-9.51816,0</coordinates></Point></Placemark><Placemark><name>IP024</name><styleUrl>#style_pontos</styleUrl><Point><coordinates>-35.594748,-9.516151,0</coordinates></Point></Placemark><Placemark><name>IP025</name><styleUrl>#style_pontos</styleUrl><Point><coordinates>-35.593333,-9.512701,0</coordinates></Point></Placemark><Placemark><name>IP026</name><styleUrl>#style_pontos</styleUrl><Point><coordinates>-35.59348,-9.512822,0</coordinates></Point></Placemark><Placemark><name>IP027</name><styleUrl>#style_pontos</styleUrl><Point><coordinates>-35.591504,-9.50845,0</coordinates></Point></Placemark><Placemark><name>IP028</name><styleUrl>#style_pontos</styleUrl><Point><coordinates>-35.590945,-9.507929,0</coordinates></Point></Placemark><Placemark><name>IP029</name><styleUrl>#style_pontos</styleUrl><Point><coordinates>-35.589436,-9.50593,0</coordinates></Point></Placemark><Placemark><name>IP030</name><styleUrl>#style_pontos</styleUrl><Point><coordinates>-35.589501,-9.505809,0</coordinates></Point></Placemark><Placemark><name>IP031</name><styleUrl>#style_pontos</styleUrl><Point><coordinates>-35.588291,-9.504304,0</coordinates></Point></Placemark><Placemark><name>IP032</name><styleUrl>#style_pontos</styleUrl><Point><coordinates>-35.588302,-9.504114,0</coordinates></Point></Placemark><Placemark><name>IP033</name><styleUrl>#style_pontos</styleUrl><Point><coordinates>-35.585217,-9.499317,0</coordinates></Point></Placemark><Placemark><name>IP034</name><styleUrl>#style_pontos</styleUrl><Point><coordinates>-35.584966,-9.498788,0</coordinates></Point></Placemark><Placemark><name>IP035</name><styleUrl>#style_pontos</styleUrl><Point><coordinates>-35.581313,-9.494701,0</coordinates></Point></Placemark><Placemark><name>IP036</name><styleUrl>#style_pontos</styleUrl><Point><coordinates>-35.581488,-9.49468,0</coordinates></Point></Placemark><Placemark><name>IP037</name><styleUrl>#style_pontos</styleUrl><Point><coordinates>-35.579615,-9.492915,0</coordinates></Point></Placemark><Placemark><name>IP038</name><styleUrl>#style_pontos</styleUrl><Point><coordinates>-35.579703,-9.493113,0</coordinates></Point></Placemark><Placemark><name>IP039</name><styleUrl>#style_pontos</styleUrl><Point><coordinates>-35.577723,-9.49108,0</coordinates></Point></Placemark><Placemark><name>IP040</name><styleUrl>#style_pontos</styleUrl><Point><coordinates>-35.577329,-9.490833,0</coordinates></Point></Placemark><Placemark><name>IP041</name><styleUrl>#style_pontos</styleUrl><Point><coordinates>-35.5756,-9.488593,0</coordinates></Point></Placemark><Placemark><name>IP042</name><styleUrl>#style_pontos</styleUrl><Point><coordinates>-35.601462,-9.523293,0</coordinates></Point></Placemark><Placemark><name>IP043</name><styleUrl>#style_pontos</styleUrl><Point><coordinates>-35.59198,-9.50314,0</coordinates></Point></Placemark><Placemark><name>CV001</name><styleUrl>#style_pontos</styleUrl><Point><coordinates>-35.794291,-9.531443,0</coordinates></Point></Placemark><Placemark><name>CV002</name><styleUrl>#style_pontos</styleUrl><Point><coordinates>-35.790835,-9.5329385,0</coordinates></Point></Placemark><Placemark><name>CV004</name><styleUrl>#style_pontos</styleUrl><Point><coordinates>-35.790435,-9.529064,0</coordinates></Point></Placemark><Placemark><name>CV005</name><styleUrl>#style_pontos</styleUrl><Point><coordinates>-35.785663,-9.530577,0</coordinates></Point></Placemark><Placemark><name>CV006</name><styleUrl>#style_pontos</styleUrl><Point><coordinates>-35.78422,-9.53023,0</coordinates></Point></Placemark><Placemark><name>CV007</name><styleUrl>#style_pontos</styleUrl><Point><coordinates>-35.78619,-9.527763,0</coordinates></Point></Placemark><Placemark><name>CV008</name><styleUrl>#style_pontos</styleUrl><Point><coordinates>-35.78455,-9.52591,0</coordinates></Point></Placemark><Placemark><name>CV009</name><styleUrl>#style_pontos</styleUrl><Point><coordinates>-35.78201,-9.52599,0</coordinates></Point></Placemark><Placemark><name>CV011</name><styleUrl>#style_pontos</styleUrl><Point><coordinates>-35.78275,-9.529417,0</coordinates></Point></Placemark><Placemark><name>CV012</name><styleUrl>#style_pontos</styleUrl><Point><coordinates>-35.782335,-9.530818,0</coordinates></Point></Placemark><Placemark><name>CV013</name><styleUrl>#style_pontos</styleUrl><Point><coordinates>-35.78136,-9.533164,0</coordinates></Point></Placemark><Placemark><name>CV014</name><styleUrl>#style_pontos</styleUrl><Point><coordinates>-35.779795,-9.522485,0</coordinates></Point></Placemark><Placemark><name>CV016</name><styleUrl>#style_pontos</styleUrl><Point><coordinates>-35.778202,-9.521484,0</coordinates></Point></Placemark><Placemark><name>CV017</name><styleUrl>#style_pontos</styleUrl><Point><coordinates>-35.7762,-9.52404,0</coordinates></Point></Placemark><Placemark><name>CV018</name><styleUrl>#style_pontos</styleUrl><Point><coordinates>-35.77988,-9.52641,0</coordinates></Point></Placemark><Placemark><name>CV021</name><styleUrl>#style_pontos</styleUrl><Point><coordinates>-35.776843,-9.532768,0</coordinates></Point></Placemark><Placemark><name>CV022</name><styleUrl>#style_pontos</styleUrl><Point><coordinates>-35.77845,-9.53363,0</coordinates></Point></Placemark><Placemark><name>CV023</name><styleUrl>#style_pontos</styleUrl><Point><coordinates>-35.78005,-9.53452,0</coordinates></Point></Placemark><Placemark><name>CV024</name><styleUrl>#style_pontos</styleUrl><Point><coordinates>-35.78039,-9.5341,0</coordinates></Point></Placemark><Placemark><name>CV025</name><styleUrl>#style_pontos</styleUrl><Point><coordinates>-35.78161,-9.53543,0</coordinates></Point></Placemark><Placemark><name>CV027</name><styleUrl>#style_pontos</styleUrl><Point><coordinates>-35.779023,-9.536556,0</coordinates></Point></Placemark><Placemark><name>CV029</name><styleUrl>#style_pontos</styleUrl><Point><coordinates>-35.784943,-9.536969,0</coordinates></Point></Placemark><Placemark><name>CV030</name><styleUrl>#style_pontos</styleUrl><Point><coordinates>-35.786484,-9.537796,0</coordinates></Point></Placemark><Placemark><name>CV031</name><styleUrl>#style_pontos</styleUrl><Point><coordinates>-35.788991,-9.539181,0</coordinates></Point></Placemark><Placemark><name>CV032</name><styleUrl>#style_pontos</styleUrl><Point><coordinates>-35.790854,-9.54014,0</coordinates></Point></Placemark><Placemark><name>CV033</name><styleUrl>#style_pontos</styleUrl><Point><coordinates>-35.788481,-9.540877,0</coordinates></Point></Placemark><Placemark><name>CV037</name><styleUrl>#style_pontos</styleUrl><Point><coordinates>-35.77539,-9.54024,0</coordinates></Point></Placemark><Placemark><name>CV038</name><styleUrl>#style_pontos</styleUrl><Point><coordinates>-35.77696,-9.54113,0</coordinates></Point></Placemark><Placemark><name>CV041</name><styleUrl>#style_pontos</styleUrl><Point><coordinates>-35.77744,-9.53767,0</coordinates></Point></Placemark><Placemark><name>CV042</name><styleUrl>#style_pontos</styleUrl><Point><coordinates>-35.78238,-9.53513,0</coordinates></Point></Placemark><Placemark><name>CV043</name><styleUrl>#style_pontos</styleUrl><Point><coordinates>-35.77937,-9.54023,0</coordinates></Point></Placemark><Placemark><name>CV044</name><styleUrl>#style_pontos</styleUrl><Point><coordinates>-35.78297,-9.53669,0</coordinates></Point></Placemark><Placemark><name>CV046</name><styleUrl>#style_pontos</styleUrl><Point><coordinates>-35.782167,-9.538035,0</coordinates></Point></Placemark><Placemark><name>CV049</name><styleUrl>#style_pontos</styleUrl><Point><coordinates>-35.78131,-9.54041,0</coordinates></Point></Placemark><Placemark><name>CV051</name><styleUrl>#style_pontos</styleUrl><Point><coordinates>-35.7861109692127,-9.54300346050153,0</coordinates></Point></Placemark><Placemark><name>CV052</name><styleUrl>#style_pontos</styleUrl><Point><coordinates>-35.78743,-9.54273,0</coordinates></Point></Placemark><Placemark><name>CV053</name><styleUrl>#style_pontos</styleUrl><Point><coordinates>-35.788273,-9.544162,0</coordinates></Point></Placemark><Placemark><name>CV054</name><styleUrl>#style_pontos</styleUrl><Point><coordinates>-35.79495,-9.53388,0</coordinates></Point></Placemark><Placemark><name>CV055</name><styleUrl>#style_pontos</styleUrl><Point><coordinates>-35.79333,-9.53666,0</coordinates></Point></Placemark><Placemark><name>CV056</name><styleUrl>#style_pontos</styleUrl><Point><coordinates>-35.79007,-9.54235,0</coordinates></Point></Placemark><Placemark><name>CV057</name><styleUrl>#style_pontos</styleUrl><Point><coordinates>-35.78785,-9.5462,0</coordinates></Point></Placemark><Placemark><name>CV058</name><styleUrl>#style_pontos</styleUrl><Point><coordinates>-35.78576,-9.54978,0</coordinates></Point></Placemark><Placemark><name>CV059</name><styleUrl>#style_pontos</styleUrl><Point><coordinates>-35.78166,-9.55698,0</coordinates></Point></Placemark><Placemark><name>CV060</name><styleUrl>#style_pontos</styleUrl><Point><coordinates>-35.77999,-9.56012,0</coordinates></Point></Placemark><Placemark><name>CV061</name><styleUrl>#style_pontos</styleUrl><Point><coordinates>-35.78103,-9.55736,0</coordinates></Point></Placemark><Placemark><name>CV062</name><styleUrl>#style_pontos</styleUrl><Point><coordinates>-35.78113,-9.55724,0</coordinates></Point></Placemark><Placemark><name>CV063</name><styleUrl>#style_pontos</styleUrl><Point><coordinates>-35.779486,-9.556544,0</coordinates></Point></Placemark><Placemark><name>CV064</name><styleUrl>#style_pontos</styleUrl><Point><coordinates>-35.77892,-9.556107,0</coordinates></Point></Placemark><Placemark><name>CV065</name><styleUrl>#style_pontos</styleUrl><Point><coordinates>-35.77748,-9.555361,0</coordinates></Point></Placemark><Placemark><name>CV066</name><styleUrl>#style_pontos</styleUrl><Point><coordinates>-35.776669,-9.555109,0</coordinates></Point></Placemark><Placemark><name>CV067</name><styleUrl>#style_pontos</styleUrl><Point><coordinates>-35.7758,-9.55446,0</coordinates></Point></Placemark><Placemark><name>CV068</name><styleUrl>#style_pontos</styleUrl><Point><coordinates>-35.775768,-9.554593,0</coordinates></Point></Placemark><Placemark><name>CV069</name><styleUrl>#style_pontos</styleUrl><Point><coordinates>-35.773802,-9.553439,0</coordinates></Point></Placemark><Placemark><name>CV070</name><styleUrl>#style_pontos</styleUrl><Point><coordinates>-35.772894,-9.553172,0</coordinates></Point></Placemark><Placemark><name>CV071</name><styleUrl>#style_pontos</styleUrl><Point><coordinates>-35.771242,-9.552114,0</coordinates></Point></Placemark><Placemark><name>CV072</name><styleUrl>#style_pontos</styleUrl><Point><coordinates>-35.771198,-9.552267,0</coordinates></Point></Placemark><Placemark><name>CV073</name><styleUrl>#style_pontos</styleUrl><Point><coordinates>-35.76814,-9.5548,0</coordinates></Point></Placemark><Placemark><name>CV074</name><styleUrl>#style_pontos</styleUrl><Point><coordinates>-35.77006,-9.55571,0</coordinates></Point></Placemark><Placemark><name>CV075</name><styleUrl>#style_pontos</styleUrl><Point><coordinates>-35.77049,-9.55598,0</coordinates></Point></Placemark><Placemark><name>CV076</name><styleUrl>#style_pontos</styleUrl><Point><coordinates>-35.77339,-9.55739,0</coordinates></Point></Placemark><Placemark><name>CV077</name><styleUrl>#style_pontos</styleUrl><Point><coordinates>-35.77364,-9.55758,0</coordinates></Point></Placemark><Placemark><name>CV078</name><styleUrl>#style_pontos</styleUrl><Point><coordinates>-35.77553,-9.55848,0</coordinates></Point></Placemark><Placemark><name>CV079</name><styleUrl>#style_pontos</styleUrl><Point><coordinates>-35.77605,-9.55883,0</coordinates></Point></Placemark><Placemark><name>CV080</name><styleUrl>#style_pontos</styleUrl><Point><coordinates>-35.778257,-9.559892,0</coordinates></Point></Placemark><Placemark><name>CV081</name><styleUrl>#style_pontos</styleUrl><Point><coordinates>-35.77806,-9.559993,0</coordinates></Point></Placemark><Placemark><name>CV082</name><styleUrl>#style_pontos</styleUrl><Point><coordinates>-35.766421,-9.556721,0</coordinates></Point></Placemark><Placemark><name>CV083</name><styleUrl>#style_pontos</styleUrl><Point><coordinates>-35.766415,-9.556634,0</coordinates></Point></Placemark><Placemark><name>CV084</name><styleUrl>#style_pontos</styleUrl><Point><coordinates>-35.765909,-9.557737,0</coordinates></Point></Placemark><Placemark><name>CV085</name><styleUrl>#style_pontos</styleUrl><Point><coordinates>-35.765077,-9.559139,0</coordinates></Point></Placemark><Placemark><name>CV086</name><styleUrl>#style_pontos</styleUrl><Point><coordinates>-35.76657,-9.55454,0</coordinates></Point></Placemark><Placemark><name>CV087</name><styleUrl>#style_pontos</styleUrl><Point><coordinates>-35.766293,-9.554359,0</coordinates></Point></Placemark><Placemark><name>CV088</name><styleUrl>#style_pontos</styleUrl><Point><coordinates>-35.7646,-9.55356,0</coordinates></Point></Placemark><Placemark><name>CV089</name><styleUrl>#style_pontos</styleUrl><Point><coordinates>-35.763645,-9.552958,0</coordinates></Point></Placemark><Placemark><name>CV090</name><styleUrl>#style_pontos</styleUrl><Point><coordinates>-35.762474,-9.552454,0</coordinates></Point></Placemark><Placemark><name>CV091</name><styleUrl>#style_pontos</styleUrl><Point><coordinates>-35.761039,-9.551715,0</coordinates></Point></Placemark><Placemark><name>CV092</name><styleUrl>#style_pontos</styleUrl><Point><coordinates>-35.760771,-9.551474,0</coordinates></Point></Placemark><Placemark><name>CV093</name><styleUrl>#style_pontos</styleUrl><Point><coordinates>-35.75878,-9.55053,0</coordinates></Point></Placemark><Placemark><name>CV094</name><styleUrl>#style_pontos</styleUrl><Point><coordinates>-35.758854,-9.550554,0</coordinates></Point></Placemark><Placemark><name>CV095</name><styleUrl>#style_pontos</styleUrl><Point><coordinates>-35.75686,-9.54956,0</coordinates></Point></Placemark><Placemark><name>CV096</name><styleUrl>#style_pontos</styleUrl><Point><coordinates>-35.75665,-9.5494,0</coordinates></Point></Placemark><Placemark><name>CV097</name><styleUrl>#style_pontos</styleUrl><Point><coordinates>-35.75461,-9.54844,0</coordinates></Point></Placemark><Placemark><name>CV098</name><styleUrl>#style_pontos</styleUrl><Point><coordinates>-35.754453,-9.548308,0</coordinates></Point></Placemark><Placemark><name>CV099</name><styleUrl>#style_pontos</styleUrl><Point><coordinates>-35.752982,-9.547645,0</coordinates></Point></Placemark><Placemark><name>CV100</name><styleUrl>#style_pontos</styleUrl><Point><coordinates>-35.752987,-9.547567,0</coordinates></Point></Placemark><Placemark><name>CV101</name><styleUrl>#style_pontos</styleUrl><Point><coordinates>-35.75285,-9.54595,0</coordinates></Point></Placemark><Placemark><name>CV102</name><styleUrl>#style_pontos</styleUrl><Point><coordinates>-35.75382,-9.54415,0</coordinates></Point></Placemark><Placemark><name>CV103</name><styleUrl>#style_pontos</styleUrl><Point><coordinates>-35.75402,-9.54374,0</coordinates></Point></Placemark><Placemark><name>CV104</name><styleUrl>#style_pontos</styleUrl><Point><coordinates>-35.753068,-9.542998,0</coordinates></Point></Placemark><Placemark><name>CV105</name><styleUrl>#style_pontos</styleUrl><Point><coordinates>-35.75256,-9.54234,0</coordinates></Point></Placemark><Placemark><name>CV106</name><styleUrl>#style_pontos</styleUrl><Point><coordinates>-35.75325,-9.54098,0</coordinates></Point></Placemark><Placemark><name>CV107</name><styleUrl>#style_pontos</styleUrl><Point><coordinates>-35.75347,-9.54058,0</coordinates></Point></Placemark><Placemark><name>CV108</name><styleUrl>#style_pontos</styleUrl><Point><coordinates>-35.75447,-9.53896,0</coordinates></Point></Placemark><Placemark><name>CV109</name><styleUrl>#style_pontos</styleUrl><Point><coordinates>-35.75458,-9.53909,0</coordinates></Point></Placemark><Placemark><name>CV110</name><styleUrl>#style_pontos</styleUrl><Point><coordinates>-35.75597,-9.53977,0</coordinates></Point></Placemark><Placemark><name>CV111</name><styleUrl>#style_pontos</styleUrl><Point><coordinates>-35.75605,-9.53979,0</coordinates></Point></Placemark><Placemark><name>CV112</name><styleUrl>#style_pontos</styleUrl><Point><coordinates>-35.75773,-9.54066,0</coordinates></Point></Placemark><Placemark><name>CV113</name><styleUrl>#style_pontos</styleUrl><Point><coordinates>-35.75772,-9.54071,0</coordinates></Point></Placemark><Placemark><name>CV114</name><styleUrl>#style_pontos</styleUrl><Point><coordinates>-35.75895,-9.54122,0</coordinates></Point></Placemark><Placemark><name>CV115</name><styleUrl>#style_pontos</styleUrl><Point><coordinates>-35.75841,-9.54103,0</coordinates></Point></Placemark><Placemark><name>CV116</name><styleUrl>#style_pontos</styleUrl><Point><coordinates>-35.75917,-9.54243,0</coordinates></Point></Placemark><Placemark><name>CV117</name><styleUrl>#style_pontos</styleUrl><Point><coordinates>-35.75914,-9.54238,0</coordinates></Point></Placemark><Placemark><name>CV118</name><styleUrl>#style_pontos</styleUrl><Point><coordinates>-35.75949,-9.54383,0</coordinates></Point></Placemark><Placemark><name>CV119</name><styleUrl>#style_pontos</styleUrl><Point><coordinates>-35.76006,-9.54415,0</coordinates></Point></Placemark><Placemark><name>CV120</name><styleUrl>#style_pontos</styleUrl><Point><coordinates>-35.76043,-9.54438,0</coordinates></Point></Placemark><Placemark><name>CV121</name><styleUrl>#style_pontos</styleUrl><Point><coordinates>-35.76158,-9.54489,0</coordinates></Point></Placemark><Placemark><name>CV122</name><styleUrl>#style_pontos</styleUrl><Point><coordinates>-35.765111,-9.544952,0</coordinates></Point></Placemark><Placemark><name>CV123</name><styleUrl>#style_pontos</styleUrl><Point><coordinates>-35.765285,-9.545136,0</coordinates></Point></Placemark><Placemark><name>CV124</name><styleUrl>#style_pontos</styleUrl><Point><coordinates>-35.766689,-9.545765,0</coordinates></Point></Placemark><Placemark><name>CV125</name><styleUrl>#style_pontos</styleUrl><Point><coordinates>-35.766664,-9.545793,0</coordinates></Point></Placemark><Placemark><name>CV126</name><styleUrl>#style_pontos</styleUrl><Point><coordinates>-35.76789,-9.54375,0</coordinates></Point></Placemark><Placemark><name>CV128</name><styleUrl>#style_pontos</styleUrl><Point><coordinates>-35.76878,-9.54211,0</coordinates></Point></Placemark><Placemark><name>CV129</name><styleUrl>#style_pontos</styleUrl><Point><coordinates>-35.76894,-9.54187,0</coordinates></Point></Placemark><Placemark><name>CV130</name><styleUrl>#style_pontos</styleUrl><Point><coordinates>-35.77027,-9.54114,0</coordinates></Point></Placemark><Placemark><name>CV131</name><styleUrl>#style_pontos</styleUrl><Point><coordinates>-35.7704,-9.54125,0</coordinates></Point></Placemark><Placemark><name>CV132</name><styleUrl>#style_pontos</styleUrl><Point><coordinates>-35.770304,-9.543022,0</coordinates></Point></Placemark><Placemark><name>CV133</name><styleUrl>#style_pontos</styleUrl><Point><coordinates>-35.770348,-9.542762,0</coordinates></Point></Placemark><Placemark><name>CV134</name><styleUrl>#style_pontos</styleUrl><Point><coordinates>-35.755727,-9.551884,0</coordinates></Point></Placemark><Placemark><name>CV135</name><styleUrl>#style_pontos</styleUrl><Point><coordinates>-35.75275,-9.55297,0</coordinates></Point></Placemark><Placemark><name>CV136</name><styleUrl>#style_pontos</styleUrl><Point><coordinates>-35.752813,-9.552976,0</coordinates></Point></Placemark><Placemark><name>CV137</name><styleUrl>#style_pontos</styleUrl><Point><coordinates>-35.753494,-9.551489,0</coordinates></Point></Placemark><Placemark><name>CV138</name><styleUrl>#style_pontos</styleUrl><Point><coordinates>-35.753581,-9.551524,0</coordinates></Point></Placemark><Placemark><name>CV139</name><styleUrl>#style_pontos</styleUrl><Point><coordinates>-35.751808,-9.54982,0</coordinates></Point></Placemark><Placemark><name>CV140</name><styleUrl>#style_pontos</styleUrl><Point><coordinates>-35.751971,-9.549663,0</coordinates></Point></Placemark><Placemark><name>CV141</name><styleUrl>#style_pontos</styleUrl><Point><coordinates>-35.747795,-9.547805,0</coordinates></Point></Placemark><Placemark><name>CV142</name><styleUrl>#style_pontos</styleUrl><Point><coordinates>-35.774493,-9.536836,0</coordinates></Point></Placemark><Placemark><name>CV143</name><styleUrl>#style_pontos</styleUrl><Point><coordinates>-35.746412,-9.547111,0</coordinates></Point></Placemark><Placemark><name>CV144</name><styleUrl>#style_pontos</styleUrl><Point><coordinates>-35.746131,-9.546748,0</coordinates></Point></Placemark><Placemark><name>CV145</name><styleUrl>#style_pontos</styleUrl><Point><coordinates>-35.745408,-9.547663,0</coordinates></Point></Placemark><Placemark><name>CV146</name><styleUrl>#style_pontos</styleUrl><Point><coordinates>-35.74467,-9.54899,0</coordinates></Point></Placemark><Placemark><name>CV147</name><styleUrl>#style_pontos</styleUrl><Point><coordinates>-35.7463241,-9.550631,0</coordinates></Point></Placemark><Placemark><name>CV148</name><styleUrl>#style_pontos</styleUrl><Point><coordinates>-35.74991,-9.55245,0</coordinates></Point></Placemark><Placemark><name>CV149</name><styleUrl>#style_pontos</styleUrl><Point><coordinates>-35.74455,-9.550353,0</coordinates></Point></Placemark><Placemark><name>CV150</name><styleUrl>#style_pontos</styleUrl><Point><coordinates>-35.744588,-9.550372,0</coordinates></Point></Placemark><Placemark><name>CV151</name><styleUrl>#style_pontos</styleUrl><Point><coordinates>-35.74671,-9.55291,0</coordinates></Point></Placemark><Placemark><name>CV152</name><styleUrl>#style_pontos</styleUrl><Point><coordinates>-35.779442,-9.561258,0</coordinates></Point></Placemark><Placemark><name>CV154</name><styleUrl>#style_pontos</styleUrl><Point><coordinates>-35.781287,-9.539591,0</coordinates></Point></Placemark><Placemark><name>CV155</name><styleUrl>#style_pontos</styleUrl><Point><coordinates>-35.77518,-9.532021,0</coordinates></Point></Placemark><Placemark><name>CV156</name><styleUrl>#style_pontos</styleUrl><Point><coordinates>-35.771999,-9.531163,0</coordinates></Point></Placemark><Placemark><name>CV157</name><styleUrl>#style_pontos</styleUrl><Point><coordinates>-35.770216,-9.531701,0</coordinates></Point></Placemark><Placemark><name>CV159</name><styleUrl>#style_pontos</styleUrl><Point><coordinates>-35.77718,-9.53239,0</coordinates></Point></Placemark><Placemark><name>CV160</name><styleUrl>#style_pontos</styleUrl><Point><coordinates>-35.77894,-9.53672,0</coordinates></Point></Placemark><Placemark><name>CV161</name><styleUrl>#style_pontos</styleUrl><Point><coordinates>-35.778708,-9.533273,0</coordinates></Point></Placemark><Placemark><name>CV162</name><styleUrl>#style_pontos</styleUrl><Point><coordinates>-35.756011,-9.551754,0</coordinates></Point></Placemark><Placemark><name>CV163</name><styleUrl>#style_pontos</styleUrl><Point><coordinates>-35.748878,-9.555496,0</coordinates></Point></Placemark><Placemark><name>CV164</name><styleUrl>#style_pontos</styleUrl><Point><coordinates>-35.748485,-9.553772,0</coordinates></Point></Placemark><Placemark><name>CV165</name><styleUrl>#style_pontos</styleUrl><Point><coordinates>-35.749365,-9.555555,0</coordinates></Point></Placemark><Placemark><name>CV166</name><styleUrl>#style_pontos</styleUrl><Point><coordinates>-35.755183,-9.554801,0</coordinates></Point></Placemark><Placemark><name>CV167</name><styleUrl>#style_pontos</styleUrl><Point><coordinates>-35.758196,-9.556341,0</coordinates></Point></Placemark><Placemark><name>CV168</name><styleUrl>#style_pontos</styleUrl><Point><coordinates>-35.76331,-9.55891,0</coordinates></Point></Placemark><Placemark><name>CV169</name><styleUrl>#style_pontos</styleUrl><Point><coordinates>-35.77217,-9.5634,0</coordinates></Point></Placemark><Placemark><name>CV170</name><styleUrl>#style_pontos</styleUrl><Point><coordinates>-35.76568,-9.56008,0</coordinates></Point></Placemark><Placemark><name>CV171</name><styleUrl>#style_pontos</styleUrl><Point><coordinates>-35.76896,-9.56172,0</coordinates></Point></Placemark><Placemark><name>CV175</name><styleUrl>#style_pontos</styleUrl><Point><coordinates>-35.746355,-9.545677,0</coordinates></Point></Placemark><Placemark><name>CV176</name><styleUrl>#style_pontos</styleUrl><Point><coordinates>-35.741805,-9.548574,0</coordinates></Point></Placemark><Placemark><name>CV177</name><styleUrl>#style_pontos</styleUrl><Point><coordinates>-35.743545,-9.54235,0</coordinates></Point></Placemark><Placemark><name>CV178</name><styleUrl>#style_pontos</styleUrl><Point><coordinates>-35.743675,-9.54223,0</coordinates></Point></Placemark><Placemark><name>CV179</name><styleUrl>#style_pontos</styleUrl><Point><coordinates>-35.745535,-9.539088,0</coordinates></Point></Placemark><Placemark><name>CV180</name><styleUrl>#style_pontos</styleUrl><Point><coordinates>-35.749163,-9.541009,0</coordinates></Point></Placemark><Placemark><name>CV181</name><styleUrl>#style_pontos</styleUrl><Point><coordinates>-35.749163,-9.541009,0</coordinates></Point></Placemark><Placemark><name>CV182</name><styleUrl>#style_pontos</styleUrl><Point><coordinates>-35.752161,-9.542477,0</coordinates></Point></Placemark><Placemark><name>CV183</name><styleUrl>#style_pontos</styleUrl><Point><coordinates>-35.78298,-9.54129,0</coordinates></Point></Placemark><Placemark><name>CV186</name><styleUrl>#style_pontos</styleUrl><Point><coordinates>-35.784598,-9.542187,0</coordinates></Point></Placemark><Placemark><name>CV187</name><styleUrl>#style_pontos</styleUrl><Point><coordinates>-35.7749,-9.56474,0</coordinates></Point></Placemark><Placemark><name>CV188</name><styleUrl>#style_pontos</styleUrl><Point><coordinates>-35.76356,-9.559,0</coordinates></Point></Placemark><Placemark><name>CV189</name><styleUrl>#style_pontos</styleUrl><Point><coordinates>-35.7423,-9.549,0</coordinates></Point></Placemark><Placemark><name>CV190</name><styleUrl>#style_pontos</styleUrl><Point><coordinates>-35.7485,-9.5453,0</coordinates></Point></Placemark><Placemark><name>CV191</name><styleUrl>#style_pontos</styleUrl><Point><coordinates>-35.74991,-9.54606,0</coordinates></Point></Placemark><Placemark><name>CV192</name><styleUrl>#style_pontos</styleUrl><Point><coordinates>-35.7457,-9.55043,0</coordinates></Point></Placemark><Placemark><name>CV193</name><styleUrl>#style_pontos</styleUrl><Point><coordinates>-35.74627,-9.55019,0</coordinates></Point></Placemark><Placemark><name>CV194</name><styleUrl>#style_pontos</styleUrl><Point><coordinates>-35.74686,-9.55045,0</coordinates></Point></Placemark><Placemark><name>CV199</name><styleUrl>#style_pontos</styleUrl><Point><coordinates>-35.75033,-9.54771,0</coordinates></Point></Placemark><Placemark><name>CV200</name><styleUrl>#style_pontos</styleUrl><Point><coordinates>-35.76246,-9.54443,0</coordinates></Point></Placemark><Placemark><name>CV202</name><styleUrl>#style_pontos</styleUrl><Point><coordinates>-35.76253,-9.54443,0</coordinates></Point></Placemark><Placemark><name>CV203</name><styleUrl>#style_pontos</styleUrl><Point><coordinates>-35.758356,-9.545603,0</coordinates></Point></Placemark><Placemark><name>CV204</name><styleUrl>#style_pontos</styleUrl><Point><coordinates>-35.7565,-9.54467,0</coordinates></Point></Placemark><Placemark><name>CV205</name><styleUrl>#style_pontos</styleUrl><Point><coordinates>-35.75802,-9.54664,0</coordinates></Point></Placemark><Placemark><name>CV206</name><styleUrl>#style_pontos</styleUrl><Point><coordinates>-35.75405,-9.54466,0</coordinates></Point></Placemark><Placemark><name>CV207</name><styleUrl>#style_pontos</styleUrl><Point><coordinates>-35.75623,-9.54416,0</coordinates></Point></Placemark><Placemark><name>CV208</name><styleUrl>#style_pontos</styleUrl><Point><coordinates>-35.774156,-9.535982,0</coordinates></Point></Placemark><Placemark><name>CV209</name><styleUrl>#style_pontos</styleUrl><Point><coordinates>-35.77593,-9.536789,0</coordinates></Point></Placemark><Placemark><name>CV210</name><styleUrl>#style_pontos</styleUrl><Point><coordinates>-35.758198,-9.545492,0</coordinates></Point></Placemark><Placemark><name>CV211</name><styleUrl>#style_pontos</styleUrl><Point><coordinates>-35.758403,-9.543858,0</coordinates></Point></Placemark><Placemark><name>CV212</name><styleUrl>#style_pontos</styleUrl><Point><coordinates>-35.77904,-9.529427,0</coordinates></Point></Placemark><Placemark><name>CV213</name><styleUrl>#style_pontos</styleUrl><Point><coordinates>-35.777938,-9.541649,0</coordinates></Point></Placemark><Placemark><name>CV214</name><styleUrl>#style_pontos</styleUrl><Point><coordinates>-35.776392,-9.54079,0</coordinates></Point></Placemark><Placemark><name>CV215</name><styleUrl>#style_pontos</styleUrl><Point><coordinates>-35.773153,-9.539097,0</coordinates></Point></Placemark><Placemark><name>CV216</name><styleUrl>#style_pontos</styleUrl><Point><coordinates>-35.7925,-9.5368,0</coordinates></Point></Placemark><Placemark><name>CV217</name><styleUrl>#style_pontos</styleUrl><Point><coordinates>-35.7924,-9.5367,0</coordinates></Point></Placemark><Placemark><name>CV218</name><styleUrl>#style_pontos</styleUrl><Point><coordinates>-35.7899,-9.5353,0</coordinates></Point></Placemark><Placemark><name>CV219</name><styleUrl>#style_pontos</styleUrl><Point><coordinates>-35.7902,-9.5354,0</coordinates></Point></Placemark><Placemark><name>CV220</name><styleUrl>#style_pontos</styleUrl><Point><coordinates>-35.7898,-9.5341,0</coordinates></Point></Placemark><Placemark><name>CV221</name><styleUrl>#style_pontos</styleUrl><Point><coordinates>-35.7899,-9.534,0</coordinates></Point></Placemark><Placemark><name>CV222</name><styleUrl>#style_pontos</styleUrl><Point><coordinates>-35.7911,-9.5321,0</coordinates></Point></Placemark><Placemark><name>CV223</name><styleUrl>#style_pontos</styleUrl><Point><coordinates>-35.7909,-9.5326,0</coordinates></Point></Placemark><Placemark><name>CV224</name><styleUrl>#style_pontos</styleUrl><Point><coordinates>-35.792,-9.5308,0</coordinates></Point></Placemark><Placemark><name>CV225</name><styleUrl>#style_pontos</styleUrl><Point><coordinates>-35.791817,-9.531081,0</coordinates></Point></Placemark><Placemark><name>CV226</name><styleUrl>#style_pontos</styleUrl><Point><coordinates>-35.775513,-9.530087,0</coordinates></Point></Placemark><Placemark><name>CV228</name><styleUrl>#style_pontos</styleUrl><Point><coordinates>-35.77682,-9.52286,0</coordinates></Point></Placemark><Placemark><name>CV229</name><styleUrl>#style_pontos</styleUrl><Point><coordinates>-35.767462,-9.530478,0</coordinates></Point></Placemark><Placemark><name>CV230</name><styleUrl>#style_pontos</styleUrl><Point><coordinates>-35.778639,-9.525334,0</coordinates></Point></Placemark><Placemark><name>CV236</name><styleUrl>#style_pontos</styleUrl><Point><coordinates>-35.770194,-9.532279,0</coordinates></Point></Placemark><Placemark><name>CV238</name><styleUrl>#style_pontos</styleUrl><Point><coordinates>-35.772489,-9.531633,0</coordinates></Point></Placemark><Placemark><name>CV240</name><styleUrl>#style_pontos</styleUrl><Point><coordinates>-35.766339,-9.536419,0</coordinates></Point></Placemark><Placemark><name>CV241</name><styleUrl>#style_pontos</styleUrl><Point><coordinates>-35.766176,-9.536219,0</coordinates></Point></Placemark><Placemark><name>CV242</name><styleUrl>#style_pontos</styleUrl><Point><coordinates>-35.746426,-9.560358,0</coordinates></Point></Placemark><Placemark><name>CV243</name><styleUrl>#style_pontos</styleUrl><Point><coordinates>-35.746923,-9.559762,0</coordinates></Point></Placemark><Placemark><name>CV244</name><styleUrl>#style_pontos</styleUrl><Point><coordinates>-35.748821,-9.556255,0</coordinates></Point></Placemark><Placemark><name>CV245</name><styleUrl>#style_pontos</styleUrl><Point><coordinates>-35.755566,-9.555101,0</coordinates></Point></Placemark><Placemark><name>CV246</name><styleUrl>#style_pontos</styleUrl><Point><coordinates>-35.764166,-9.54119,0</coordinates></Point></Placemark><Placemark><name>CV247</name><styleUrl>#style_pontos</styleUrl><Point><coordinates>-35.7766,-9.5281,0</coordinates></Point></Placemark><Placemark><name>CV248</name><styleUrl>#style_pontos</styleUrl><Point><coordinates>-35.78121,-9.527685,0</coordinates></Point></Placemark><Placemark><name>CV249</name><styleUrl>#style_pontos</styleUrl><Point><coordinates>-35.775,-9.5311,0</coordinates></Point></Placemark><Placemark><name>CV250</name><styleUrl>#style_pontos</styleUrl><Point><coordinates>-35.783593,-9.5362,0</coordinates></Point></Placemark><Placemark><name>CV251</name><styleUrl>#style_pontos</styleUrl><Point><coordinates>-35.774113,-9.534497,0</coordinates></Point></Placemark><Placemark><name>CV252</name><styleUrl>#style_pontos</styleUrl><Point><coordinates>-35.77732,-9.53617,0</coordinates></Point></Placemark><Placemark><name>CV253</name><styleUrl>#style_pontos</styleUrl><Point><coordinates>-35.74023,-9.54405,0</coordinates></Point></Placemark><Placemark><name>CV254</name><styleUrl>#style_pontos</styleUrl><Point><coordinates>-35.772018,-9.536323,0</coordinates></Point></Placemark><Placemark><name>SD001</name><styleUrl>#style_pontos</styleUrl><Point><coordinates>-35.796217,-9.54139,0</coordinates></Point></Placemark><Placemark><name>SD002</name><styleUrl>#style_pontos</styleUrl><Point><coordinates>-35.795411,-9.542493,0</coordinates></Point></Placemark><Placemark><name>SD003</name><styleUrl>#style_pontos</styleUrl><Point><coordinates>-35.794142,-9.544007,0</coordinates></Point></Placemark><Placemark><name>SD004</name><styleUrl>#style_pontos</styleUrl><Point><coordinates>-35.793732,-9.544359,0</coordinates></Point></Placemark><Placemark><name>SD005</name><styleUrl>#style_pontos</styleUrl><Point><coordinates>-35.791498,-9.546993,0</coordinates></Point></Placemark><Placemark><name>SD006</name><styleUrl>#style_pontos</styleUrl><Point><coordinates>-35.79137,-9.547292,0</coordinates></Point></Placemark><Placemark><name>SD007</name><styleUrl>#style_pontos</styleUrl><Point><coordinates>-35.789308,-9.549611,0</coordinates></Point></Placemark><Placemark><name>SD008</name><styleUrl>#style_pontos</styleUrl><Point><coordinates>-35.789214,-9.549847,0</coordinates></Point></Placemark><Placemark><name>SD009</name><styleUrl>#style_pontos</styleUrl><Point><coordinates>-35.787062,-9.552295,0</coordinates></Point></Placemark><Placemark><name>SD010</name><styleUrl>#style_pontos</styleUrl><Point><coordinates>-35.786783,-9.552785,0</coordinates></Point></Placemark><Placemark><name>SD011</name><styleUrl>#style_pontos</styleUrl><Point><coordinates>-35.786016,-9.553646,0</coordinates></Point></Placemark><Placemark><name>SD012</name><styleUrl>#style_pontos</styleUrl><Point><coordinates>-35.785335,-9.554927,0</coordinates></Point></Placemark><Placemark><name>SD013</name><styleUrl>#style_pontos</styleUrl><Point><coordinates>-35.785004,-9.555444,0</coordinates></Point></Placemark><Placemark><name>SD014</name><styleUrl>#style_pontos</styleUrl><Point><coordinates>-35.785087,-9.556095,0</coordinates></Point></Placemark><Placemark><name>SD015</name><styleUrl>#style_pontos</styleUrl><Point><coordinates>-35.785404,-9.556166,0</coordinates></Point></Placemark><Placemark><name>SD016</name><styleUrl>#style_pontos</styleUrl><Point><coordinates>-35.786914,-9.557056,0</coordinates></Point></Placemark><Placemark><name>SD017</name><styleUrl>#style_pontos</styleUrl><Point><coordinates>-35.787793,-9.557501,0</coordinates></Point></Placemark><Placemark><name>SD018</name><styleUrl>#style_pontos</styleUrl><Point><coordinates>-35.789894,-9.558309,0</coordinates></Point></Placemark><Placemark><name>SD019</name><styleUrl>#style_pontos</styleUrl><Point><coordinates>-35.790145,-9.557019,0</coordinates></Point></Placemark><Placemark><name>SD020</name><styleUrl>#style_pontos</styleUrl><Point><coordinates>-35.790701,-9.555154,0</coordinates></Point></Placemark><Placemark><name>SD021</name><styleUrl>#style_pontos</styleUrl><Point><coordinates>-35.790707,-9.5547,0</coordinates></Point></Placemark><Placemark><name>SD022</name><styleUrl>#style_pontos</styleUrl><Point><coordinates>-35.791001,-9.553715,0</coordinates></Point></Placemark><Placemark><name>SD023</name><styleUrl>#style_pontos</styleUrl><Point><coordinates>-35.790158,-9.551986,0</coordinates></Point></Placemark><Placemark><name>SD024</name><styleUrl>#style_pontos</styleUrl><Point><coordinates>-35.789778,-9.551705,0</coordinates></Point></Placemark><Placemark><name>SD025</name><styleUrl>#style_pontos</styleUrl><Point><coordinates>-35.788936,-9.552425,0</coordinates></Point></Placemark><Placemark><name>SD026</name><styleUrl>#style_pontos</styleUrl><Point><coordinates>-35.788396,-9.553543,0</coordinates></Point></Placemark><Placemark><name>SD027</name><styleUrl>#style_pontos</styleUrl><Point><coordinates>-35.787664,-9.554707,0</coordinates></Point></Placemark><Placemark><name>SD028</name><styleUrl>#style_pontos</styleUrl><Point><coordinates>-35.786338,-9.557222,0</coordinates></Point></Placemark><Placemark><name>SD029</name><styleUrl>#style_pontos</styleUrl><Point><coordinates>-35.785786,-9.558025,0</coordinates></Point></Placemark><Placemark><name>SD030</name><styleUrl>#style_pontos</styleUrl><Point><coordinates>-35.785221,-9.559087,0</coordinates></Point></Placemark><Placemark><name>SD031</name><styleUrl>#style_pontos</styleUrl><Point><coordinates>-35.784636,-9.559996,0</coordinates></Point></Placemark><Placemark><name>SD032</name><styleUrl>#style_pontos</styleUrl><Point><coordinates>-35.78294,-9.561199,0</coordinates></Point></Placemark><Placemark><name>SD033</name><styleUrl>#style_pontos</styleUrl><Point><coordinates>-35.782852,-9.561143,0</coordinates></Point></Placemark><Placemark><name>SD034</name><styleUrl>#style_pontos</styleUrl><Point><coordinates>-35.782368,-9.562937,0</coordinates></Point></Placemark><Placemark><name>SD035</name><styleUrl>#style_pontos</styleUrl><Point><coordinates>-35.782472,-9.563492,0</coordinates></Point></Placemark><Placemark><name>SD036</name><styleUrl>#style_pontos</styleUrl><Point><coordinates>-35.781195,-9.565518,0</coordinates></Point></Placemark><Placemark><name>SD037</name><styleUrl>#style_pontos</styleUrl><Point><coordinates>-35.779218,-9.565714,0</coordinates></Point></Placemark><Placemark><name>SD038</name><styleUrl>#style_pontos</styleUrl><Point><coordinates>-35.779688,-9.561813,0</coordinates></Point></Placemark><Placemark><name>SD039</name><styleUrl>#style_pontos</styleUrl><Point><coordinates>-35.780203,-9.560637,0</coordinates></Point></Placemark><Placemark><name>SD040</name><styleUrl>#style_pontos</styleUrl><Point><coordinates>-35.781922,-9.557243,0</coordinates></Point></Placemark><Placemark><name>SD041</name><styleUrl>#style_pontos</styleUrl><Point><coordinates>-35.784121,-9.553238,0</coordinates></Point></Placemark><Placemark><name>SD042</name><styleUrl>#style_pontos</styleUrl><Point><coordinates>-35.786441,-9.549237,0</coordinates></Point></Placemark><Placemark><name>SD043</name><styleUrl>#style_pontos</styleUrl><Point><coordinates>-35.788007,-9.546368,0</coordinates></Point></Placemark><Placemark><name>SD044</name><styleUrl>#style_pontos</styleUrl><Point><coordinates>-35.789631,-9.543505,0</coordinates></Point></Placemark><Placemark><name>SD045</name><styleUrl>#style_pontos</styleUrl><Point><coordinates>-35.792728,-9.538304,0</coordinates></Point></Placemark><Placemark><name>SD046</name><styleUrl>#style_pontos</styleUrl><Point><coordinates>-35.795982,-9.53464,0</coordinates></Point></Placemark><Placemark><name>SD047</name><styleUrl>#style_pontos</styleUrl><Point><coordinates>-35.783033,-9.55771,0</coordinates></Point></Placemark><Placemark><name>CB001</name><styleUrl>#style_pontos</styleUrl><Point><coordinates>-35.77584,-9.57889,0</coordinates></Point></Placemark><Placemark><name>CB002</name><styleUrl>#style_pontos</styleUrl><Point><coordinates>-35.77854,-9.57809,0</coordinates></Point></Placemark><Placemark><name>CB003</name><styleUrl>#style_pontos</styleUrl><Point><coordinates>-35.77835,-9.57796,0</coordinates></Point></Placemark><Placemark><name>CB004</name><styleUrl>#style_pontos</styleUrl><Point><coordinates>-35.778129,-9.574008,0</coordinates></Point></Placemark><Placemark><name>CB005</name><styleUrl>#style_pontos</styleUrl><Point><coordinates>-35.778016,-9.573721,0</coordinates></Point></Placemark><Placemark><name>CB006</name><styleUrl>#style_pontos</styleUrl><Point><coordinates>-35.778126,-9.569481,0</coordinates></Point></Placemark><Placemark><name>CB007</name><styleUrl>#style_pontos</styleUrl><Point><coordinates>-35.781599,-9.568946,0</coordinates></Point></Placemark><Placemark><name>CB008</name><styleUrl>#style_pontos</styleUrl><Point><coordinates>-35.78919,-9.56788,0</coordinates></Point></Placemark><Placemark><name>CB009</name><styleUrl>#style_pontos</styleUrl><Point><coordinates>-35.788678,-9.567897,0</coordinates></Point></Placemark><Placemark><name>CB010</name><styleUrl>#style_pontos</styleUrl><Point><coordinates>-35.790676,-9.566938,0</coordinates></Point></Placemark><Placemark><name>CB011</name><styleUrl>#style_pontos</styleUrl><Point><coordinates>-35.79083,-9.56787,0</coordinates></Point></Placemark><Placemark><name>CB012</name><styleUrl>#style_pontos</styleUrl><Point><coordinates>-35.790423,-9.567659,0</coordinates></Point></Placemark><Placemark><name>CB013</name><styleUrl>#style_pontos</styleUrl><Point><coordinates>-35.790476,-9.56857,0</coordinates></Point></Placemark><Placemark><name>CB014</name><styleUrl>#style_pontos</styleUrl><Point><coordinates>-35.789631,-9.568884,0</coordinates></Point></Placemark><Placemark><name>CB015</name><styleUrl>#style_pontos</styleUrl><Point><coordinates>-35.786178,-9.569357,0</coordinates></Point></Placemark><Placemark><name>CB016</name><styleUrl>#style_pontos</styleUrl><Point><coordinates>-35.782167,-9.569975,0</coordinates></Point></Placemark><Placemark><name>CB017</name><styleUrl>#style_pontos</styleUrl><Point><coordinates>-35.77817,-9.57054,0</coordinates></Point></Placemark><Placemark><name>CB018</name><styleUrl>#style_pontos</styleUrl><Point><coordinates>-35.777729,-9.571171,0</coordinates></Point></Placemark><Placemark><name>CB019</name><styleUrl>#style_pontos</styleUrl><Point><coordinates>-35.7787,-9.57933,0</coordinates></Point></Placemark><Placemark><name>CB020</name><styleUrl>#style_pontos</styleUrl><Point><coordinates>-35.77576,-9.57903,0</coordinates></Point></Placemark><Placemark><name>CB021</name><styleUrl>#style_pontos</styleUrl><Point><coordinates>-35.78114,-9.57637,0</coordinates></Point></Placemark><Placemark><name>CB022</name><styleUrl>#style_pontos</styleUrl><Point><coordinates>-35.78416,-9.57596,0</coordinates></Point></Placemark><Placemark><name>CB023</name><styleUrl>#style_pontos</styleUrl><Point><coordinates>-35.78575,-9.57577,0</coordinates></Point></Placemark><Placemark><name>CB024</name><styleUrl>#style_pontos</styleUrl><Point><coordinates>-35.78854,-9.57735,0</coordinates></Point></Placemark><Placemark><name>CB025</name><styleUrl>#style_pontos</styleUrl><Point><coordinates>-35.78836,-9.57635,0</coordinates></Point></Placemark><Placemark><name>CB026</name><styleUrl>#style_pontos</styleUrl><Point><coordinates>-35.78657,-9.57555,0</coordinates></Point></Placemark><Placemark><name>CB027</name><styleUrl>#style_pontos</styleUrl><Point><coordinates>-35.78449,-9.57589,0</coordinates></Point></Placemark><Placemark><name>CB028</name><styleUrl>#style_pontos</styleUrl><Point><coordinates>-35.784183,-9.575873,0</coordinates></Point></Placemark><Placemark><name>CB029</name><styleUrl>#style_pontos</styleUrl><Point><coordinates>-35.791263,-9.570289,0</coordinates></Point></Placemark><Placemark><name>CB030</name><styleUrl>#style_pontos</styleUrl><Point><coordinates>-35.793072,-9.570389,0</coordinates></Point></Placemark><Placemark><name>CB031</name><styleUrl>#style_pontos</styleUrl><Point><coordinates>-35.791538,-9.57173,0</coordinates></Point></Placemark><Placemark><name>CB032</name><styleUrl>#style_pontos</styleUrl><Point><coordinates>-35.791142,-9.570036,0</coordinates></Point></Placemark><Placemark><name>CB033</name><styleUrl>#style_pontos</styleUrl><Point><coordinates>-35.776717,-9.583952,0</coordinates></Point></Placemark><Placemark><name>TM001</name><styleUrl>#style_pontos</styleUrl><Point><coordinates>-35.771596,-9.576641,0</coordinates></Point></Placemark><Placemark><name>TM002</name><styleUrl>#style_pontos</styleUrl><Point><coordinates>-35.77331,-9.57831,0</coordinates></Point></Placemark><Placemark><name>TM003</name><styleUrl>#style_pontos</styleUrl><Point><coordinates>-35.77403,-9.58019,0</coordinates></Point></Placemark><Placemark><name>TM004</name><styleUrl>#style_pontos</styleUrl><Point><coordinates>-35.7731139,-9.5716044,0</coordinates></Point></Placemark><Placemark><name>TM005</name><styleUrl>#style_pontos</styleUrl><Point><coordinates>-35.7702238,-9.5697119,0</coordinates></Point></Placemark><Placemark><name>TM006</name><styleUrl>#style_pontos</styleUrl><Point><coordinates>-35.7692536,-9.5688986,0</coordinates></Point></Placemark><Placemark><name>TM007</name><styleUrl>#style_pontos</styleUrl><Point><coordinates>-35.7666779,-9.5671029,0</coordinates></Point></Placemark><Placemark><name>TM008</name><styleUrl>#style_pontos</styleUrl><Point><coordinates>-35.765244,-9.5660432,0</coordinates></Point></Placemark><Placemark><name>TM009</name><styleUrl>#style_pontos</styleUrl><Point><coordinates>-35.7633551,-9.564677,0</coordinates></Point></Placemark><Placemark><name>TM010</name><styleUrl>#style_pontos</styleUrl><Point><coordinates>-35.7610313,-9.562989,0</coordinates></Point></Placemark><Placemark><name>TM011</name><styleUrl>#style_pontos</styleUrl><Point><coordinates>-35.7590114,-9.5614646,0</coordinates></Point></Placemark><Placemark><name>TM012</name><styleUrl>#style_pontos</styleUrl><Point><coordinates>-35.7578758,-9.5604525,0</coordinates></Point></Placemark><Placemark><name>TM013</name><styleUrl>#style_pontos</styleUrl><Point><coordinates>-35.7563734,-9.5594282,0</coordinates></Point></Placemark><Placemark><name>TM014</name><styleUrl>#style_pontos</styleUrl><Point><coordinates>-35.7547933,-9.5596326,0</coordinates></Point></Placemark><Placemark><name>TM015</name><styleUrl>#style_pontos</styleUrl><Point><coordinates>-35.7513398,-9.5611191,0</coordinates></Point></Placemark><Placemark><name>TM016</name><styleUrl>#style_pontos</styleUrl><Point><coordinates>-35.7495479,-9.5614201,0</coordinates></Point></Placemark><Placemark><name>TM017</name><styleUrl>#style_pontos</styleUrl><Point><coordinates>-35.7470805,-9.5618654,0</coordinates></Point></Placemark><Placemark><name>TM018</name><styleUrl>#style_pontos</styleUrl><Point><coordinates>-35.7489489,-9.5614067,0</coordinates></Point></Placemark><Placemark><name>TM019</name><styleUrl>#style_pontos</styleUrl><Point><coordinates>-35.7502928,-9.5611488,0</coordinates></Point></Placemark><Placemark><name>TM020</name><styleUrl>#style_pontos</styleUrl><Point><coordinates>-35.7514176,-9.5609613,0</coordinates></Point></Placemark><Placemark><name>TM021</name><styleUrl>#style_pontos</styleUrl><Point><coordinates>-35.752934,-9.560744,0</coordinates></Point></Placemark><Placemark><name>TM022</name><styleUrl>#style_pontos</styleUrl><Point><coordinates>-35.754718,-9.5595621,0</coordinates></Point></Placemark><Placemark><name>TM023</name><styleUrl>#style_pontos</styleUrl><Point><coordinates>-35.7562398,-9.5591787,0</coordinates></Point></Placemark><Placemark><name>TM024</name><styleUrl>#style_pontos</styleUrl><Point><coordinates>-35.7590565,-9.5613246,0</coordinates></Point></Placemark><Placemark><name>TM025</name><styleUrl>#style_pontos</styleUrl><Point><coordinates>-35.7611665,-9.5628738,0</coordinates></Point></Placemark><Placemark><name>TM026</name><styleUrl>#style_pontos</styleUrl><Point><coordinates>-35.7642211,-9.56504,0</coordinates></Point></Placemark><Placemark><name>TM027</name><styleUrl>#style_pontos</styleUrl><Point><coordinates>-35.7660185,-9.5664151,0</coordinates></Point></Placemark><Placemark><name>TM028</name><styleUrl>#style_pontos</styleUrl><Point><coordinates>-35.7678531,-9.5677383,0</coordinates></Point></Placemark><Placemark><name>TM029</name><styleUrl>#style_pontos</styleUrl><Point><coordinates>-35.7706492,-9.569772,0</coordinates></Point></Placemark><Placemark><name>TM030</name><styleUrl>#style_pontos</styleUrl><Point><coordinates>-35.77262,-9.5711,0</coordinates></Point></Placemark><Placemark><name>TM031</name><styleUrl>#style_pontos</styleUrl><Point><coordinates>-35.7640285,-9.5598038,0</coordinates></Point></Placemark><Placemark><name>TM032</name><styleUrl>#style_pontos</styleUrl><Point><coordinates>-35.7575507,-9.5620796,0</coordinates></Point></Placemark><Placemark><name>TM033</name><styleUrl>#style_pontos</styleUrl><Point><coordinates>-35.7560815,-9.5642327,0</coordinates></Point></Placemark><Placemark><name>TM034</name><styleUrl>#style_pontos</styleUrl><Point><coordinates>-35.7546361,-9.5646077,0</coordinates></Point></Placemark><Placemark><name>TM035</name><styleUrl>#style_pontos</styleUrl><Point><coordinates>-35.7522994,-9.5650136,0</coordinates></Point></Placemark><Placemark><name>TM036</name><styleUrl>#style_pontos</styleUrl><Point><coordinates>-35.7499013,-9.5653569,0</coordinates></Point></Placemark><Placemark><name>TM037</name><styleUrl>#style_pontos</styleUrl><Point><coordinates>-35.7484379,-9.5656271,0</coordinates></Point></Placemark><Placemark><name>TM038</name><styleUrl>#style_pontos</styleUrl><Point><coordinates>-35.7482,-9.56568,0</coordinates></Point></Placemark><Placemark><name>TM039</name><styleUrl>#style_pontos</styleUrl><Point><coordinates>-35.7502071,-9.5651953,0</coordinates></Point></Placemark><Placemark><name>TM040</name><styleUrl>#style_pontos</styleUrl><Point><coordinates>-35.7529863,-9.5647544,0</coordinates></Point></Placemark><Placemark><name>TM041</name><styleUrl>#style_pontos</styleUrl><Point><coordinates>-35.7549778,-9.5644956,0</coordinates></Point></Placemark><Placemark><name>TM042</name><styleUrl>#style_pontos</styleUrl><Point><coordinates>-35.7560259,-9.5639522,0</coordinates></Point></Placemark><Placemark><name>TM043</name><styleUrl>#style_pontos</styleUrl><Point><coordinates>-35.7575084,-9.5620002,0</coordinates></Point></Placemark><Placemark><name>TM044</name><styleUrl>#style_pontos</styleUrl><Point><coordinates>-35.7471647,-9.5653574,0</coordinates></Point></Placemark><Placemark><name>TM045</name><styleUrl>#style_pontos</styleUrl><Point><coordinates>-35.7499722,-9.5706116,0</coordinates></Point></Placemark><Placemark><name>TM046</name><styleUrl>#style_pontos</styleUrl><Point><coordinates>-35.7491094,-9.5689264,0</coordinates></Point></Placemark><Placemark><name>TM047</name><styleUrl>#style_pontos</styleUrl><Point><coordinates>-35.77463,-9.58058,0</coordinates></Point></Placemark><Placemark><name>TM048</name><styleUrl>#style_pontos</styleUrl><Point><coordinates>-35.7496606,-9.5702379,0</coordinates></Point></Placemark><Placemark><name>TM049</name><styleUrl>#style_pontos</styleUrl><Point><coordinates>-35.7489783,-9.568945,0</coordinates></Point></Placemark><Placemark><name>TM050</name><styleUrl>#style_pontos</styleUrl><Point><coordinates>-35.746107,-9.5636196,0</coordinates></Point></Placemark><Placemark><name>TM051</name><styleUrl>#style_pontos</styleUrl><Point><coordinates>-35.77164,-9.57843,0</coordinates></Point></Placemark><Placemark><name>TM052</name><styleUrl>#style_pontos</styleUrl><Point><coordinates>-35.77274,-9.57955,0</coordinates></Point></Placemark><Placemark><name>TM053</name><styleUrl>#style_pontos</styleUrl><Point><coordinates>-35.77851,-9.57709,0</coordinates></Point></Placemark><Placemark><name>TM054</name><styleUrl>#style_pontos</styleUrl><Point><coordinates>-35.771592,-9.563237,0</coordinates></Point></Placemark><Placemark><name>TM055</name><styleUrl>#style_pontos</styleUrl><Point><coordinates>-35.76784,-9.56128,0</coordinates></Point></Placemark><Placemark><name>TM056</name><styleUrl>#style_pontos</styleUrl><Point><coordinates>-35.765353,-9.560148,0</coordinates></Point></Placemark><Placemark><name>TM057</name><styleUrl>#style_pontos</styleUrl><Point><coordinates>-35.7501661,-9.5692591,0</coordinates></Point></Placemark><Placemark><name>TM058</name><styleUrl>#style_pontos</styleUrl><Point><coordinates>-35.750116,-9.56932,0</coordinates></Point></Placemark><Placemark><name>TM059</name><styleUrl>#style_pontos</styleUrl><Point><coordinates>-35.7523107,-9.5691829,0</coordinates></Point></Placemark><Placemark><name>TM060</name><styleUrl>#style_pontos</styleUrl><Point><coordinates>-35.7522934,-9.5692603,0</coordinates></Point></Placemark><Placemark><name>TM061</name><styleUrl>#style_pontos</styleUrl><Point><coordinates>-35.754997,-9.570982,0</coordinates></Point></Placemark><Placemark><name>TM062</name><styleUrl>#style_pontos</styleUrl><Point><coordinates>-35.756921,-9.570402,0</coordinates></Point></Placemark><Placemark><name>TM063</name><styleUrl>#style_pontos</styleUrl><Point><coordinates>-35.758516,-9.570904,0</coordinates></Point></Placemark><Placemark><name>TM064</name><styleUrl>#style_pontos</styleUrl><Point><coordinates>-35.7616814,-9.5732439,0</coordinates></Point></Placemark><Placemark><name>TM065</name><styleUrl>#style_pontos</styleUrl><Point><coordinates>-35.7638828,-9.5748793,0</coordinates></Point></Placemark><Placemark><name>TM066</name><styleUrl>#style_pontos</styleUrl><Point><coordinates>-35.765921,-9.5763454,0</coordinates></Point></Placemark><Placemark><name>TM067</name><styleUrl>#style_pontos</styleUrl><Point><coordinates>-35.768344,-9.576581,0</coordinates></Point></Placemark><Placemark><name>TM068</name><styleUrl>#style_pontos</styleUrl><Point><coordinates>-35.76833,-9.578225,0</coordinates></Point></Placemark><Placemark><name>TM069</name><styleUrl>#style_pontos</styleUrl><Point><coordinates>-35.7659309,-9.576436,0</coordinates></Point></Placemark><Placemark><name>TM070</name><styleUrl>#style_pontos</styleUrl><Point><coordinates>-35.763597,-9.574759,0</coordinates></Point></Placemark><Placemark><name>TM071</name><styleUrl>#style_pontos</styleUrl><Point><coordinates>-35.761832,-9.573358,0</coordinates></Point></Placemark><Placemark><name>TM072</name><styleUrl>#style_pontos</styleUrl><Point><coordinates>-35.762762,-9.590262,0</coordinates></Point></Placemark><Placemark><name>TM073</name><styleUrl>#style_pontos</styleUrl><Point><coordinates>-35.757207,-9.570036,0</coordinates></Point></Placemark><Placemark><name>TM074</name><styleUrl>#style_pontos</styleUrl><Point><coordinates>-35.7544865,-9.5680504,0</coordinates></Point></Placemark><Placemark><name>TM075</name><styleUrl>#style_pontos</styleUrl><Point><coordinates>-35.754618,-9.568019,0</coordinates></Point></Placemark><Placemark><name>TM076</name><styleUrl>#style_pontos</styleUrl><Point><coordinates>-35.7571764,-9.5699742,0</coordinates></Point></Placemark><Placemark><name>TM078</name><styleUrl>#style_pontos</styleUrl><Point><coordinates>-35.7677242,-9.5886766,0</coordinates></Point></Placemark><Placemark><name>TM079</name><styleUrl>#style_pontos</styleUrl><Point><coordinates>-35.7673854,-9.5920415,0</coordinates></Point></Placemark><Placemark><name>TM080</name><styleUrl>#style_pontos</styleUrl><Point><coordinates>-35.767864,-9.594725,0</coordinates></Point></Placemark><Placemark><name>TM081</name><styleUrl>#style_pontos</styleUrl><Point><coordinates>-35.768008,-9.5975081,0</coordinates></Point></Placemark><Placemark><name>TM082</name><styleUrl>#style_pontos</styleUrl><Point><coordinates>-35.767707,-9.5974062,0</coordinates></Point></Placemark><Placemark><name>TM083</name><styleUrl>#style_pontos</styleUrl><Point><coordinates>-35.7673876,-9.5965806,0</coordinates></Point></Placemark><Placemark><name>TM084</name><styleUrl>#style_pontos</styleUrl><Point><coordinates>-35.7677336,-9.5950699,0</coordinates></Point></Placemark><Placemark><name>TM085</name><styleUrl>#style_pontos</styleUrl><Point><coordinates>-35.7669477,-9.5914115,0</coordinates></Point></Placemark><Placemark><name>TM086</name><styleUrl>#style_pontos</styleUrl><Point><coordinates>-35.7676311,-9.5887347,0</coordinates></Point></Placemark><Placemark><name>TM087</name><styleUrl>#style_pontos</styleUrl><Point><coordinates>-35.768615,-9.587083,0</coordinates></Point></Placemark><Placemark><name>TM088</name><styleUrl>#style_pontos</styleUrl><Point><coordinates>-35.7711489,-9.5865845,0</coordinates></Point></Placemark><Placemark><name>TM089</name><styleUrl>#style_pontos</styleUrl><Point><coordinates>-35.7735763,-9.5832919,0</coordinates></Point></Placemark><Placemark><name>TM090</name><styleUrl>#style_pontos</styleUrl><Point><coordinates>-35.762901,-9.590233,0</coordinates></Point></Placemark><Placemark><name>TM091</name><styleUrl>#style_pontos</styleUrl><Point><coordinates>-35.7632893,-9.5869269,0</coordinates></Point></Placemark><Placemark><name>TM092</name><styleUrl>#style_pontos</styleUrl><Point><coordinates>-35.763803,-9.587937,0</coordinates></Point></Placemark><Placemark><name>TM093</name><styleUrl>#style_pontos</styleUrl><Point><coordinates>-35.761607,-9.591903,0</coordinates></Point></Placemark><Placemark><name>TM094</name><styleUrl>#style_pontos</styleUrl><Point><coordinates>-35.761617,-9.59206,0</coordinates></Point></Placemark><Placemark><name>TM095</name><styleUrl>#style_pontos</styleUrl><Point><coordinates>-35.773998,-9.580654,0</coordinates></Point></Placemark><Placemark><name>TM096</name><styleUrl>#style_pontos</styleUrl><Point><coordinates>-35.773123,-9.584509,0</coordinates></Point></Placemark><Placemark><name>TM097</name><styleUrl>#style_pontos</styleUrl><Point><coordinates>-35.771807,-9.586423,0</coordinates></Point></Placemark><Placemark><name>TM098</name><styleUrl>#style_pontos</styleUrl><Point><coordinates>-35.761652,-9.588497,0</coordinates></Point></Placemark><Placemark><name>TM099</name><styleUrl>#style_pontos</styleUrl><Point><coordinates>-35.766088,-9.582484,0</coordinates></Point></Placemark><Placemark><name>TM100</name><styleUrl>#style_pontos</styleUrl><Point><coordinates>-35.765786,-9.582557,0</coordinates></Point></Placemark><Placemark><name>TM101</name><styleUrl>#style_pontos</styleUrl><Point><coordinates>-35.767816,-9.580161,0</coordinates></Point></Placemark><Placemark><name>TM102</name><styleUrl>#style_pontos</styleUrl><Point><coordinates>-35.767765,-9.579895,0</coordinates></Point></Placemark><Placemark><name>TM103</name><styleUrl>#style_pontos</styleUrl><Point><coordinates>-35.769621,-9.577772,0</coordinates></Point></Placemark><Placemark><name>TM104</name><styleUrl>#style_pontos</styleUrl><Point><coordinates>-35.7691,-9.5781,0</coordinates></Point></Placemark><Placemark><name>TM105</name><styleUrl>#style_pontos</styleUrl><Point><coordinates>-35.771807,-9.574483,0</coordinates></Point></Placemark><Placemark><name>TM106</name><styleUrl>#style_pontos</styleUrl><Point><coordinates>-35.773114,-9.573117,0</coordinates></Point></Placemark><Placemark><name>TM107</name><styleUrl>#style_pontos</styleUrl><Point><coordinates>-35.774708,-9.571148,0</coordinates></Point></Placemark><Placemark><name>TM108</name><styleUrl>#style_pontos</styleUrl><Point><coordinates>-35.774489,-9.570643,0</coordinates></Point></Placemark><Placemark><name>TM109</name><styleUrl>#style_pontos</styleUrl><Point><coordinates>-35.776447,-9.567273,0</coordinates></Point></Placemark><Placemark><name>TM110</name><styleUrl>#style_pontos</styleUrl><Point><coordinates>-35.776897,-9.567289,0</coordinates></Point></Placemark><Placemark><name>TM111</name><styleUrl>#style_pontos</styleUrl><Point><coordinates>-35.771411,-9.576544,0</coordinates></Point></Placemark><Placemark><name>TM112</name><styleUrl>#style_pontos</styleUrl><Point><coordinates>-35.76363,-9.585922,0</coordinates></Point></Placemark><Placemark><name>TM114</name><styleUrl>#style_pontos</styleUrl><Point><coordinates>-35.759628,-9.590693,0</coordinates></Point></Placemark><Placemark><name>TM115</name><styleUrl>#style_pontos</styleUrl><Point><coordinates>-35.764017,-9.584773,0</coordinates></Point></Placemark><Placemark><name>TM116</name><styleUrl>#style_pontos</styleUrl><Point><coordinates>-35.763588,-9.583623,0</coordinates></Point></Placemark><Placemark><name>TM117</name><styleUrl>#style_pontos</styleUrl><Point><coordinates>-35.763516,-9.560245,0</coordinates></Point></Placemark><Placemark><name>SL001</name><styleUrl>#style_pontos</styleUrl><Point><coordinates>-35.762792,-9.58453,0</coordinates></Point></Placemark><Placemark><name>SL002</name><styleUrl>#style_pontos</styleUrl><Point><coordinates>-35.760683,-9.582995,0</coordinates></Point></Placemark><Placemark><name>SL003</name><styleUrl>#style_pontos</styleUrl><Point><coordinates>-35.758415,-9.581333,0</coordinates></Point></Placemark><Placemark><name>SL004</name><styleUrl>#style_pontos</styleUrl><Point><coordinates>-35.75628,-9.580056,0</coordinates></Point></Placemark><Placemark><name>SL005</name><styleUrl>#style_pontos</styleUrl><Point><coordinates>-35.754104,-9.578913,0</coordinates></Point></Placemark><Placemark><name>SL006</name><styleUrl>#style_pontos</styleUrl><Point><coordinates>-35.75169,-9.577686,0</coordinates></Point></Placemark><Placemark><name>SL007</name><styleUrl>#style_pontos</styleUrl><Point><coordinates>-35.750194,-9.57199,0</coordinates></Point></Placemark><Placemark><name>SL008</name><styleUrl>#style_pontos</styleUrl><Point><coordinates>-35.750742,-9.574797,0</coordinates></Point></Placemark><Placemark><name>SL009</name><styleUrl>#style_pontos</styleUrl><Point><coordinates>-35.751428,-9.576244,0</coordinates></Point></Placemark><Placemark><name>SL010</name><styleUrl>#style_pontos</styleUrl><Point><coordinates>-35.753389,-9.577235,0</coordinates></Point></Placemark><Placemark><name>SL011</name><styleUrl>#style_pontos</styleUrl><Point><coordinates>-35.755816,-9.578506,0</coordinates></Point></Placemark><Placemark><name>SL012</name><styleUrl>#style_pontos</styleUrl><Point><coordinates>-35.757649,-9.579447,0</coordinates></Point></Placemark><Placemark><name>SL013</name><styleUrl>#style_pontos</styleUrl><Point><coordinates>-35.76032,-9.581208,0</coordinates></Point></Placemark><Placemark><name>SL014</name><styleUrl>#style_pontos</styleUrl><Point><coordinates>-35.759121,-9.589447,0</coordinates></Point></Placemark><Placemark><name>SL015</name><styleUrl>#style_pontos</styleUrl><Point><coordinates>-35.759012,-9.589328,0</coordinates></Point></Placemark><Placemark><name>SL016</name><styleUrl>#style_pontos</styleUrl><Point><coordinates>-35.757671,-9.586662,0</coordinates></Point></Placemark><Placemark><name>SL017</name><styleUrl>#style_pontos</styleUrl><Point><coordinates>-35.757573,-9.586314,0</coordinates></Point></Placemark><Placemark><name>SL018</name><styleUrl>#style_pontos</styleUrl><Point><coordinates>-35.758692,-9.585224,0</coordinates></Point></Placemark><Placemark><name>SL019</name><styleUrl>#style_pontos</styleUrl><Point><coordinates>-35.759533,-9.584926,0</coordinates></Point></Placemark><Placemark><name>SL020</name><styleUrl>#style_pontos</styleUrl><Point><coordinates>-35.760177,-9.589876,0</coordinates></Point></Placemark><Placemark><name>SL021</name><styleUrl>#style_pontos</styleUrl><Point><coordinates>-35.757034,-9.591794,0</coordinates></Point></Placemark><Placemark><name>AN001</name><styleUrl>#style_pontos</styleUrl><Point><coordinates>-35.734283,-9.584185,0</coordinates></Point></Placemark><Placemark><name>AN002</name><styleUrl>#style_pontos</styleUrl><Point><coordinates>-35.735955,-9.580435,0</coordinates></Point></Placemark><Placemark><name>AN003</name><styleUrl>#style_pontos</styleUrl><Point><coordinates>-35.737388,-9.576762,0</coordinates></Point></Placemark><Placemark><name>AN004</name><styleUrl>#style_pontos</styleUrl><Point><coordinates>-35.738865,-9.573814,0</coordinates></Point></Placemark><Placemark><name>AN005</name><styleUrl>#style_pontos</styleUrl><Point><coordinates>-35.741811,-9.570518,0</coordinates></Point></Placemark><Placemark><name>AN006</name><styleUrl>#style_pontos</styleUrl><Point><coordinates>-35.743313,-9.568042,0</coordinates></Point></Placemark><Placemark><name>AN007</name><styleUrl>#style_pontos</styleUrl><Point><coordinates>-35.744422,-9.565339,0</coordinates></Point></Placemark><Placemark><name>AN008</name><styleUrl>#style_pontos</styleUrl><Point><coordinates>-35.745039,-9.564168,0</coordinates></Point></Placemark><Placemark><name>AN009</name><styleUrl>#style_pontos</styleUrl><Point><coordinates>-35.737464,-9.576843,0</coordinates></Point></Placemark><Placemark><name>AN010</name><styleUrl>#style_pontos</styleUrl><Point><coordinates>-35.735706,-9.581519,0</coordinates></Point></Placemark><Placemark><name>AN011</name><styleUrl>#style_pontos</styleUrl><Point><coordinates>-35.734385,-9.584392,0</coordinates></Point></Placemark><Placemark><name>AN012</name><styleUrl>#style_pontos</styleUrl><Point><coordinates>-35.741045,-9.573258,0</coordinates></Point></Placemark><Placemark><name>AN013</name><styleUrl>#style_pontos</styleUrl><Point><coordinates>-35.741415,-9.573254,0</coordinates></Point></Placemark><Placemark><name>AN014</name><styleUrl>#style_pontos</styleUrl><Point><coordinates>-35.742708,-9.573668,0</coordinates></Point></Placemark><Placemark><name>AN015</name><styleUrl>#style_pontos</styleUrl><Point><coordinates>-35.743151,-9.573689,0</coordinates></Point></Placemark><Placemark><name>AN016</name><styleUrl>#style_pontos</styleUrl><Point><coordinates>-35.746099,-9.574383,0</coordinates></Point></Placemark><Placemark><name>AN017</name><styleUrl>#style_pontos</styleUrl><Point><coordinates>-35.746002,-9.574416,0</coordinates></Point></Placemark><Placemark><name>AN018</name><styleUrl>#style_pontos</styleUrl><Point><coordinates>-35.743684,-9.565361,0</coordinates></Point></Placemark><Placemark><name>AN019</name><styleUrl>#style_pontos</styleUrl><Point><coordinates>-35.743458,-9.565044,0</coordinates></Point></Placemark><Placemark><name>AN020</name><styleUrl>#style_pontos</styleUrl><Point><coordinates>-35.741692,-9.563382,0</coordinates></Point></Placemark><Placemark><name>AN021</name><styleUrl>#style_pontos</styleUrl><Point><coordinates>-35.741619,-9.563229,0</coordinates></Point></Placemark><Placemark><name>AN022</name><styleUrl>#style_pontos</styleUrl><Point><coordinates>-35.742316,-9.558732,0</coordinates></Point></Placemark><Placemark><name>AN023</name><styleUrl>#style_pontos</styleUrl><Point><coordinates>-35.74176,-9.558108,0</coordinates></Point></Placemark><Placemark><name>AN024</name><styleUrl>#style_pontos</styleUrl><Point><coordinates>-35.744541,-9.560712,0</coordinates></Point></Placemark><Placemark><name>AN025</name><styleUrl>#style_pontos</styleUrl><Point><coordinates>-35.745189,-9.561736,0</coordinates></Point></Placemark><Placemark><name>BB001</name><styleUrl>#style_pontos</styleUrl><Point><coordinates>-35.739998,-9.5439575,0</coordinates></Point></Placemark><Placemark><name>BB002</name><styleUrl>#style_pontos</styleUrl><Point><coordinates>-35.741255,-9.542133,0</coordinates></Point></Placemark><Placemark><name>BB003</name><styleUrl>#style_pontos</styleUrl><Point><coordinates>-35.744983,-9.534333,0</coordinates></Point></Placemark><Placemark><name>BB004</name><styleUrl>#style_pontos</styleUrl><Point><coordinates>-35.744762,-9.535097,0</coordinates></Point></Placemark><Placemark><name>BB005</name><styleUrl>#style_pontos</styleUrl><Point><coordinates>-35.74334,-9.537903,0</coordinates></Point></Placemark><Placemark><name>BB006</name><styleUrl>#style_pontos</styleUrl><Point><coordinates>-35.74316,-9.537889,0</coordinates></Point></Placemark><Placemark><name>BB007</name><styleUrl>#style_pontos</styleUrl><Point><coordinates>-35.739648,-9.556262,0</coordinates></Point></Placemark><Placemark><name>BB008</name><styleUrl>#style_pontos</styleUrl><Point><coordinates>-35.7352,-9.552002,0</coordinates></Point></Placemark><Placemark><name>BB009</name><styleUrl>#style_pontos</styleUrl><Point><coordinates>-35.733003,-9.549837,0</coordinates></Point></Placemark><Placemark><name>BB010</name><styleUrl>#style_pontos</styleUrl><Point><coordinates>-35.721237,-9.538445,0</coordinates></Point></Placemark><Placemark><name>BB011</name><styleUrl>#style_pontos</styleUrl><Point><coordinates>-35.722095,-9.539653,0</coordinates></Point></Placemark><Placemark><name>BB012</name><styleUrl>#style_pontos</styleUrl><Point><coordinates>-35.721735,-9.539891,0</coordinates></Point></Placemark><Placemark><name>BB013</name><styleUrl>#style_pontos</styleUrl><Point><coordinates>-35.718555,-9.543222,0</coordinates></Point></Placemark><Placemark><name>BB014</name><styleUrl>#style_pontos</styleUrl><Point><coordinates>-35.720118,-9.541584,0</coordinates></Point></Placemark><Placemark><name>BB015</name><styleUrl>#style_pontos</styleUrl><Point><coordinates>-35.720203,-9.541495,0</coordinates></Point></Placemark><Placemark><name>BB016</name><styleUrl>#style_pontos</styleUrl><Point><coordinates>-35.717633,-9.544918,0</coordinates></Point></Placemark><Placemark><name>BB017</name><styleUrl>#style_pontos</styleUrl><Point><coordinates>-35.7175,-9.545051,0</coordinates></Point></Placemark><Placemark><name>BB018</name><styleUrl>#style_pontos</styleUrl><Point><coordinates>-35.717845,-9.545997,0</coordinates></Point></Placemark><Placemark><name>BB019</name><styleUrl>#style_pontos</styleUrl><Point><coordinates>-35.72016,-9.548298,0</coordinates></Point></Placemark><Placemark><name>BB020</name><styleUrl>#style_pontos</styleUrl><Point><coordinates>-35.72009,-9.54839,0</coordinates></Point></Placemark><Placemark><name>BB021</name><styleUrl>#style_pontos</styleUrl><Point><coordinates>-35.721862,-9.547438,0</coordinates></Point></Placemark><Placemark><name>BB022</name><styleUrl>#style_pontos</styleUrl><Point><coordinates>-35.724659,-9.548788,0</coordinates></Point></Placemark><Placemark><name>BB023</name><styleUrl>#style_pontos</styleUrl><Point><coordinates>-35.732565,-9.549262,0</coordinates></Point></Placemark><Placemark><name>BB024</name><styleUrl>#style_pontos</styleUrl><Point><coordinates>-35.735153,-9.5517,0</coordinates></Point></Placemark><Placemark><name>BB025</name><styleUrl>#style_pontos</styleUrl><Point><coordinates>-35.738313,-9.554771,0</coordinates></Point></Placemark><Placemark><name>BB026</name><styleUrl>#style_pontos</styleUrl><Point><coordinates>-35.737632,-9.549042,0</coordinates></Point></Placemark><Placemark><name>BB027</name><styleUrl>#style_pontos</styleUrl><Point><coordinates>-35.736083,-9.552005,0</coordinates></Point></Placemark><Placemark><name>BB028</name><styleUrl>#style_pontos</styleUrl><Point><coordinates>-35.73703,-9.549672,0</coordinates></Point></Placemark><Placemark><name>BB029</name><styleUrl>#style_pontos</styleUrl><Point><coordinates>-35.741538,-9.541048,0</coordinates></Point></Placemark><Placemark><name>BB030</name><styleUrl>#style_pontos</styleUrl><Point><coordinates>-35.7444,-9.533027,0</coordinates></Point></Placemark><Placemark><name>BB031</name><styleUrl>#style_pontos</styleUrl><Point><coordinates>-35.74211,-9.534522,0</coordinates></Point></Placemark><Placemark><name>BB032</name><styleUrl>#style_pontos</styleUrl><Point><coordinates>-35.740503,-9.537603,0</coordinates></Point></Placemark><Placemark><name>BB033</name><styleUrl>#style_pontos</styleUrl><Point><coordinates>-35.737408,-9.54348,0</coordinates></Point></Placemark><Placemark><name>BB034</name><styleUrl>#style_pontos</styleUrl><Point><coordinates>-35.735187,-9.547737,0</coordinates></Point></Placemark><Placemark><name>BB035</name><styleUrl>#style_pontos</styleUrl><Point><coordinates>-35.734753,-9.548094,0</coordinates></Point></Placemark><Placemark><name>BB036</name><styleUrl>#style_pontos</styleUrl><Point><coordinates>-35.737205,-9.543402,0</coordinates></Point></Placemark><Placemark><name>BB037</name><styleUrl>#style_pontos</styleUrl><Point><coordinates>-35.740272,-9.537573,0</coordinates></Point></Placemark><Placemark><name>BB038</name><styleUrl>#style_pontos</styleUrl><Point><coordinates>-35.741868,-9.534548,0</coordinates></Point></Placemark><Placemark><name>BB039</name><styleUrl>#style_pontos</styleUrl><Point><coordinates>-35.744338,-9.532945,0</coordinates></Point></Placemark><Placemark><name>BB040</name><styleUrl>#style_pontos</styleUrl><Point><coordinates>-35.745242,-9.534252,0</coordinates></Point></Placemark><Placemark><name>BB041</name><styleUrl>#style_pontos</styleUrl><Point><coordinates>-35.744755,-9.535257,0</coordinates></Point></Placemark><Placemark><name>BB042</name><styleUrl>#style_pontos</styleUrl><Point><coordinates>-35.74262,-9.539305,0</coordinates></Point></Placemark><Placemark><name>BB043</name><styleUrl>#style_pontos</styleUrl><Point><coordinates>-35.736466,-9.545797,0</coordinates></Point></Placemark><Placemark><name>BB044</name><styleUrl>#style_pontos</styleUrl><Point><coordinates>-35.735875,-9.545058,0</coordinates></Point></Placemark><Placemark><name>BB045</name><styleUrl>#style_pontos</styleUrl><Point><coordinates>-35.723156,-9.559923,0</coordinates></Point></Placemark><Placemark><name>BB046</name><styleUrl>#style_pontos</styleUrl><Point><coordinates>-35.744108,-9.536104,0</coordinates></Point></Placemark><Placemark><name>BB047</name><styleUrl>#style_pontos</styleUrl><Point><coordinates>-35.71515,-9.586785,0</coordinates></Point></Placemark><Placemark><name>BB048</name><styleUrl>#style_pontos</styleUrl><Point><coordinates>-35.730028,-9.5532277,0</coordinates></Point></Placemark><Placemark><name>BB049</name><styleUrl>#style_pontos</styleUrl><Point><coordinates>-35.729685,-9.554845,0</coordinates></Point></Placemark><Placemark><name>BB050</name><styleUrl>#style_pontos</styleUrl><Point><coordinates>-35.728276,-9.556279,0</coordinates></Point></Placemark><Placemark><name>BB051</name><styleUrl>#style_pontos</styleUrl><Point><coordinates>-35.727512,-9.557003,0</coordinates></Point></Placemark><Placemark><name>BB052</name><styleUrl>#style_pontos</styleUrl><Point><coordinates>-35.725074,-9.559992,0</coordinates></Point></Placemark><Placemark><name>BB053</name><styleUrl>#style_pontos</styleUrl><Point><coordinates>-35.724225,-9.563313,0</coordinates></Point></Placemark><Placemark><name>BB054</name><styleUrl>#style_pontos</styleUrl><Point><coordinates>-35.7231,-9.56548,0</coordinates></Point></Placemark><Placemark><name>BB055</name><styleUrl>#style_pontos</styleUrl><Point><coordinates>-35.721462,-9.567507,0</coordinates></Point></Placemark><Placemark><name>BB056</name><styleUrl>#style_pontos</styleUrl><Point><coordinates>-35.720338,-9.574973,0</coordinates></Point></Placemark><Placemark><name>BB057</name><styleUrl>#style_pontos</styleUrl><Point><coordinates>-35.720493,-9.577397,0</coordinates></Point></Placemark><Placemark><name>BB058</name><styleUrl>#style_pontos</styleUrl><Point><coordinates>-35.720046,-9.581232,0</coordinates></Point></Placemark><Placemark><name>BB059</name><styleUrl>#style_pontos</styleUrl><Point><coordinates>-35.714979,-9.585309,0</coordinates></Point></Placemark><Placemark><name>BB060</name><styleUrl>#style_pontos</styleUrl><Point><coordinates>-35.71975,-9.581403,0</coordinates></Point></Placemark><Placemark><name>BB061</name><styleUrl>#style_pontos</styleUrl><Point><coordinates>-35.720509,-9.578627,0</coordinates></Point></Placemark><Placemark><name>BB062</name><styleUrl>#style_pontos</styleUrl><Point><coordinates>-35.720312,-9.577218,0</coordinates></Point></Placemark><Placemark><name>BB063</name><styleUrl>#style_pontos</styleUrl><Point><coordinates>-35.720262,-9.574647,0</coordinates></Point></Placemark><Placemark><name>BB064</name><styleUrl>#style_pontos</styleUrl><Point><coordinates>-35.721033,-9.570623,0</coordinates></Point></Placemark><Placemark><name>BB065</name><styleUrl>#style_pontos</styleUrl><Point><coordinates>-35.718858,-9.568157,0</coordinates></Point></Placemark><Placemark><name>BB066</name><styleUrl>#style_pontos</styleUrl><Point><coordinates>-35.713805,-9.570055,0</coordinates></Point></Placemark><Placemark><name>BB067</name><styleUrl>#style_pontos</styleUrl><Point><coordinates>-35.712515,-9.571183,0</coordinates></Point></Placemark><Placemark><name>BB068</name><styleUrl>#style_pontos</styleUrl><Point><coordinates>-35.709122,-9.572622,0</coordinates></Point></Placemark><Placemark><name>BB069</name><styleUrl>#style_pontos</styleUrl><Point><coordinates>-35.706338,-9.573302,0</coordinates></Point></Placemark><Placemark><name>BB070</name><styleUrl>#style_pontos</styleUrl><Point><coordinates>-35.706488,-9.573038,0</coordinates></Point></Placemark><Placemark><name>BB071</name><styleUrl>#style_pontos</styleUrl><Point><coordinates>-35.709055,-9.57251,0</coordinates></Point></Placemark><Placemark><name>BB072</name><styleUrl>#style_pontos</styleUrl><Point><coordinates>-35.7123,-9.571278,0</coordinates></Point></Placemark><Placemark><name>BB073</name><styleUrl>#style_pontos</styleUrl><Point><coordinates>-35.713749,-9.569957,0</coordinates></Point></Placemark><Placemark><name>BB074</name><styleUrl>#style_pontos</styleUrl><Point><coordinates>-35.716098,-9.568523,0</coordinates></Point></Placemark><Placemark><name>BB075</name><styleUrl>#style_pontos</styleUrl><Point><coordinates>-35.718761,-9.56811,0</coordinates></Point></Placemark><Placemark><name>BB076</name><styleUrl>#style_pontos</styleUrl><Point><coordinates>-35.721373,-9.567445,0</coordinates></Point></Placemark><Placemark><name>BB077</name><styleUrl>#style_pontos</styleUrl><Point><coordinates>-35.722603,-9.566123,0</coordinates></Point></Placemark><Placemark><name>BB078</name><styleUrl>#style_pontos</styleUrl><Point><coordinates>-35.72394,-9.563628,0</coordinates></Point></Placemark><Placemark><name>BB079</name><styleUrl>#style_pontos</styleUrl><Point><coordinates>-35.728813,-9.549588,0</coordinates></Point></Placemark><Placemark><name>BB080</name><styleUrl>#style_pontos</styleUrl><Point><coordinates>-35.724896,-9.560106,0</coordinates></Point></Placemark><Placemark><name>BB081</name><styleUrl>#style_pontos</styleUrl><Point><coordinates>-35.72688,-9.557463,0</coordinates></Point></Placemark><Placemark><name>BB082</name><styleUrl>#style_pontos</styleUrl><Point><coordinates>-35.72935,-9.554964,0</coordinates></Point></Placemark><Placemark><name>BB083</name><styleUrl>#style_pontos</styleUrl><Point><coordinates>-35.699938,-9.578335,0</coordinates></Point></Placemark><Placemark><name>BB084</name><styleUrl>#style_pontos</styleUrl><Point><coordinates>-35.702189,-9.576269,0</coordinates></Point></Placemark><Placemark><name>BB085</name><styleUrl>#style_pontos</styleUrl><Point><coordinates>-35.702553,-9.576097,0</coordinates></Point></Placemark><Placemark><name>BB086</name><styleUrl>#style_pontos</styleUrl><Point><coordinates>-35.713637,-9.557753,0</coordinates></Point></Placemark><Placemark><name>BB087</name><styleUrl>#style_pontos</styleUrl><Point><coordinates>-35.711939,-9.558896,0</coordinates></Point></Placemark><Placemark><name>BB088</name><styleUrl>#style_pontos</styleUrl><Point><coordinates>-35.722803,-9.537377,0</coordinates></Point></Placemark><Placemark><name>BB089</name><styleUrl>#style_pontos</styleUrl><Point><coordinates>-35.722272,-9.538352,0</coordinates></Point></Placemark><Placemark><name>BB090</name><styleUrl>#style_pontos</styleUrl><Point><coordinates>-35.723471,-9.5587,0</coordinates></Point></Placemark><Placemark><name>BB091</name><styleUrl>#style_pontos</styleUrl><Point><coordinates>-35.71939,-9.55473,0</coordinates></Point></Placemark><Placemark><name>BB092</name><styleUrl>#style_pontos</styleUrl><Point><coordinates>-35.722427,-9.55678,0</coordinates></Point></Placemark><Placemark><name>BB093</name><styleUrl>#style_pontos</styleUrl><Point><coordinates>-35.716032,-9.554745,0</coordinates></Point></Placemark><Placemark><name>BB094</name><styleUrl>#style_pontos</styleUrl><Point><coordinates>-35.713882,-9.55699,0</coordinates></Point></Placemark><Placemark><name>BB095</name><styleUrl>#style_pontos</styleUrl><Point><coordinates>-35.713515,-9.559167,0</coordinates></Point></Placemark><Placemark><name>BB096</name><styleUrl>#style_pontos</styleUrl><Point><coordinates>-35.713551,-9.560687,0</coordinates></Point></Placemark><Placemark><name>BB097</name><styleUrl>#style_pontos</styleUrl><Point><coordinates>-35.711717,-9.561968,0</coordinates></Point></Placemark><Placemark><name>BB098</name><styleUrl>#style_pontos</styleUrl><Point><coordinates>-35.710408,-9.562717,0</coordinates></Point></Placemark><Placemark><name>BB099</name><styleUrl>#style_pontos</styleUrl><Point><coordinates>-35.70871,-9.56365,0</coordinates></Point></Placemark><Placemark><name>BB100</name><styleUrl>#style_pontos</styleUrl><Point><coordinates>-35.709557,-9.558955,0</coordinates></Point></Placemark><Placemark><name>BB101</name><styleUrl>#style_pontos</styleUrl><Point><coordinates>-35.722027,-9.556289,0</coordinates></Point></Placemark><Placemark><name>BB102</name><styleUrl>#style_pontos</styleUrl><Point><coordinates>-35.716455,-9.566797,0</coordinates></Point></Placemark><Placemark><name>BB103</name><styleUrl>#style_pontos</styleUrl><Point><coordinates>-35.716795,-9.56512,0</coordinates></Point></Placemark><Placemark><name>BB104</name><styleUrl>#style_pontos</styleUrl><Point><coordinates>-35.715613,-9.567667,0</coordinates></Point></Placemark><Placemark><name>BB105</name><styleUrl>#style_pontos</styleUrl><Point><coordinates>-35.715297,-9.56789,0</coordinates></Point></Placemark><Placemark><name>BB106</name><styleUrl>#style_pontos</styleUrl><Point><coordinates>-35.713675,-9.568638,0</coordinates></Point></Placemark><Placemark><name>BB107</name><styleUrl>#style_pontos</styleUrl><Point><coordinates>-35.705873,-9.571607,0</coordinates></Point></Placemark><Placemark><name>BB108</name><styleUrl>#style_pontos</styleUrl><Point><coordinates>-35.7037,-9.56973,0</coordinates></Point></Placemark><Placemark><name>BB109</name><styleUrl>#style_pontos</styleUrl><Point><coordinates>-35.70082,-9.567827,0</coordinates></Point></Placemark><Placemark><name>BB110</name><styleUrl>#style_pontos</styleUrl><Point><coordinates>-35.703038,-9.569193,0</coordinates></Point></Placemark><Placemark><name>BB111</name><styleUrl>#style_pontos</styleUrl><Point><coordinates>-35.706035,-9.568058,0</coordinates></Point></Placemark><Placemark><name>BB112</name><styleUrl>#style_pontos</styleUrl><Point><coordinates>-35.70686,-9.571665,0</coordinates></Point></Placemark><Placemark><name>BB113</name><styleUrl>#style_pontos</styleUrl><Point><coordinates>-35.724723,-9.563842,0</coordinates></Point></Placemark><Placemark><name>BB114</name><styleUrl>#style_pontos</styleUrl><Point><coordinates>-35.726205,-9.565672,0</coordinates></Point></Placemark><Placemark><name>BB115</name><styleUrl>#style_pontos</styleUrl><Point><coordinates>-35.726652,-9.56797,0</coordinates></Point></Placemark><Placemark><name>BB116</name><styleUrl>#style_pontos</styleUrl><Point><coordinates>-35.726378,-9.569993,0</coordinates></Point></Placemark><Placemark><name>BB117</name><styleUrl>#style_pontos</styleUrl><Point><coordinates>-35.725168,-9.57303,0</coordinates></Point></Placemark><Placemark><name>BB118</name><styleUrl>#style_pontos</styleUrl><Point><coordinates>-35.725115,-9.572602,0</coordinates></Point></Placemark><Placemark><name>BB119</name><styleUrl>#style_pontos</styleUrl><Point><coordinates>-35.725675,-9.570832,0</coordinates></Point></Placemark><Placemark><name>BB120</name><styleUrl>#style_pontos</styleUrl><Point><coordinates>-35.726472,-9.567915,0</coordinates></Point></Placemark><Placemark><name>BB121</name><styleUrl>#style_pontos</styleUrl><Point><coordinates>-35.726032,-9.565638,0</coordinates></Point></Placemark><Placemark><name>BB122</name><styleUrl>#style_pontos</styleUrl><Point><coordinates>-35.72978,-9.557935,0</coordinates></Point></Placemark><Placemark><name>BB123</name><styleUrl>#style_pontos</styleUrl><Point><coordinates>-35.730046,-9.558922,0</coordinates></Point></Placemark><Placemark><name>BB124</name><styleUrl>#style_pontos</styleUrl><Point><coordinates>-35.729635,-9.560659,0</coordinates></Point></Placemark><Placemark><name>BB125</name><styleUrl>#style_pontos</styleUrl><Point><coordinates>-35.729052,-9.562853,0</coordinates></Point></Placemark><Placemark><name>BB126</name><styleUrl>#style_pontos</styleUrl><Point><coordinates>-35.729516,-9.564613,0</coordinates></Point></Placemark><Placemark><name>BB127</name><styleUrl>#style_pontos</styleUrl><Point><coordinates>-35.730072,-9.56447,0</coordinates></Point></Placemark><Placemark><name>BB128</name><styleUrl>#style_pontos</styleUrl><Point><coordinates>-35.729035,-9.562638,0</coordinates></Point></Placemark><Placemark><name>BB129</name><styleUrl>#style_pontos</styleUrl><Point><coordinates>-35.729523,-9.560907,0</coordinates></Point></Placemark><Placemark><name>BB130</name><styleUrl>#style_pontos</styleUrl><Point><coordinates>-35.729677,-9.557918,0</coordinates></Point></Placemark><Placemark><name>BB131</name><styleUrl>#style_pontos</styleUrl><Point><coordinates>-35.738755,-9.557687,0</coordinates></Point></Placemark><Placemark><name>BB132</name><styleUrl>#style_pontos</styleUrl><Point><coordinates>-35.737528,-9.560457,0</coordinates></Point></Placemark><Placemark><name>BB133</name><styleUrl>#style_pontos</styleUrl><Point><coordinates>-35.734332,-9.559518,0</coordinates></Point></Placemark><Placemark><name>BB134</name><styleUrl>#style_pontos</styleUrl><Point><coordinates>-35.734185,-9.557362,0</coordinates></Point></Placemark><Placemark><name>BB135</name><styleUrl>#style_pontos</styleUrl><Point><coordinates>-35.73626,-9.55941,0</coordinates></Point></Placemark><Placemark><name>BB136</name><styleUrl>#style_pontos</styleUrl><Point><coordinates>-35.734507,-9.562337,0</coordinates></Point></Placemark><Placemark><name>BB137</name><styleUrl>#style_pontos</styleUrl><Point><coordinates>-35.733072,-9.563198,0</coordinates></Point></Placemark><Placemark><name>BB138</name><styleUrl>#style_pontos</styleUrl><Point><coordinates>-35.732457,-9.562362,0</coordinates></Point></Placemark><Placemark><name>BB139</name><styleUrl>#style_pontos</styleUrl><Point><coordinates>-35.73347,-9.560798,0</coordinates></Point></Placemark><Placemark><name>BB140</name><styleUrl>#style_pontos</styleUrl><Point><coordinates>-35.734652,-9.56074,0</coordinates></Point></Placemark><Placemark><name>BB141</name><styleUrl>#style_pontos</styleUrl><Point><coordinates>-35.73617,-9.560302,0</coordinates></Point></Placemark><Placemark><name>BB142</name><styleUrl>#style_pontos</styleUrl><Point><coordinates>-35.737765,-9.560624,0</coordinates></Point></Placemark><Placemark><name>BB143</name><styleUrl>#style_pontos</styleUrl><Point><coordinates>-35.723503,-9.55886,0</coordinates></Point></Placemark><Placemark><name>BB144</name><styleUrl>#style_pontos</styleUrl><Point><coordinates>-35.729633,-9.550488,0</coordinates></Point></Placemark><Placemark><name>BB145</name><styleUrl>#style_pontos</styleUrl><Point><coordinates>-35.729572,-9.547366,0</coordinates></Point></Placemark><Placemark><name>BB146</name><styleUrl>#style_pontos</styleUrl><Point><coordinates>-35.729892,-9.546658,0</coordinates></Point></Placemark><Placemark><name>BB147</name><styleUrl>#style_pontos</styleUrl><Point><coordinates>-35.73002,-9.543451,0</coordinates></Point></Placemark><Placemark><name>BB148</name><styleUrl>#style_pontos</styleUrl><Point><coordinates>-35.731097,-9.54148,0</coordinates></Point></Placemark><Placemark><name>BB149</name><styleUrl>#style_pontos</styleUrl><Point><coordinates>-35.702399,-9.577828,0</coordinates></Point></Placemark><Placemark><name>BB150</name><styleUrl>#style_pontos</styleUrl><Point><coordinates>-35.704028,-9.578484,0</coordinates></Point></Placemark><Placemark><name>BB151</name><styleUrl>#style_pontos</styleUrl><Point><coordinates>-35.705275,-9.57986,0</coordinates></Point></Placemark><Placemark><name>BB152</name><styleUrl>#style_pontos</styleUrl><Point><coordinates>-35.704623,-9.584701,0</coordinates></Point></Placemark><Placemark><name>BB153</name><styleUrl>#style_pontos</styleUrl><Point><coordinates>-35.704879,-9.579398,0</coordinates></Point></Placemark><Placemark><name>BB154</name><styleUrl>#style_pontos</styleUrl><Point><coordinates>-35.702307,-9.578002,0</coordinates></Point></Placemark><Placemark><name>BB155</name><styleUrl>#style_pontos</styleUrl><Point><coordinates>-35.726068,-9.558661,0</coordinates></Point></Placemark><Placemark><name>BD001</name><styleUrl>#style_pontos</styleUrl><Point><coordinates>-35.72616,-9.62132,0</coordinates></Point></Placemark><Placemark><name>BD002</name><styleUrl>#style_pontos</styleUrl><Point><coordinates>-35.72568,-9.62015,0</coordinates></Point></Placemark><Placemark><name>BD003</name><styleUrl>#style_pontos</styleUrl><Point><coordinates>-35.72563,-9.61991,0</coordinates></Point></Placemark><Placemark><name>BD004</name><styleUrl>#style_pontos</styleUrl><Point><coordinates>-35.72507,-9.61871,0</coordinates></Point></Placemark><Placemark><name>BD005</name><styleUrl>#style_pontos</styleUrl><Point><coordinates>-35.72503,-9.61837,0</coordinates></Point></Placemark><Placemark><name>BD006</name><styleUrl>#style_pontos</styleUrl><Point><coordinates>-35.72439,-9.6162,0</coordinates></Point></Placemark><Placemark><name>BD007</name><styleUrl>#style_pontos</styleUrl><Point><coordinates>-35.72431,-9.61618,0</coordinates></Point></Placemark><Placemark><name>BD008</name><styleUrl>#style_pontos</styleUrl><Point><coordinates>-35.72829,-9.61432,0</coordinates></Point></Placemark><Placemark><name>BD009</name><styleUrl>#style_pontos</styleUrl><Point><coordinates>-35.72591,-9.61432,0</coordinates></Point></Placemark><Placemark><name>BD010</name><styleUrl>#style_pontos</styleUrl><Point><coordinates>-35.72275,-9.61436,0</coordinates></Point></Placemark><Placemark><name>BD011</name><styleUrl>#style_pontos</styleUrl><Point><coordinates>-35.71951,-9.61441,0</coordinates></Point></Placemark><Placemark><name>BD012</name><styleUrl>#style_pontos</styleUrl><Point><coordinates>-35.71969,-9.61639,0</coordinates></Point></Placemark><Placemark><name>BD013</name><styleUrl>#style_pontos</styleUrl><Point><coordinates>-35.72123,-9.61845,0</coordinates></Point></Placemark><Placemark><name>BD014</name><styleUrl>#style_pontos</styleUrl><Point><coordinates>-35.72325,-9.62103,0</coordinates></Point></Placemark><Placemark><name>BD015</name><styleUrl>#style_pontos</styleUrl><Point><coordinates>-35.72459,-9.62312,0</coordinates></Point></Placemark><Placemark><name>BD016</name><styleUrl>#style_pontos</styleUrl><Point><coordinates>-35.72013,-9.6231,0</coordinates></Point></Placemark><Placemark><name>BD017</name><styleUrl>#style_pontos</styleUrl><Point><coordinates>-35.715244,-9.621262,0</coordinates></Point></Placemark><Placemark><name>BD018</name><styleUrl>#style_pontos</styleUrl><Point><coordinates>-35.713189,-9.618188,0</coordinates></Point></Placemark><Placemark><name>BD019</name><styleUrl>#style_pontos</styleUrl><Point><coordinates>-35.71523,-9.61579,0</coordinates></Point></Placemark><Placemark><name>BD020</name><styleUrl>#style_pontos</styleUrl><Point><coordinates>-35.71758,-9.61464,0</coordinates></Point></Placemark><Placemark><name>BD021</name><styleUrl>#style_pontos</styleUrl><Point><coordinates>-35.719153,-9.611049,0</coordinates></Point></Placemark><Placemark><name>BD022</name><styleUrl>#style_pontos</styleUrl><Point><coordinates>-35.72097,-9.60891,0</coordinates></Point></Placemark><Placemark><name>FE001</name><styleUrl>#style_pontos</styleUrl><Point><coordinates>-35.716773,-9.623447,0</coordinates></Point></Placemark><Placemark><name>FE002</name><styleUrl>#style_pontos</styleUrl><Point><coordinates>-35.716917,-9.625137,0</coordinates></Point></Placemark><Placemark><name>FE003</name><styleUrl>#style_pontos</styleUrl><Point><coordinates>-35.717855,-9.627027,0</coordinates></Point></Placemark><Placemark><name>FE004</name><styleUrl>#style_pontos</styleUrl><Point><coordinates>-35.719845,-9.626693,0</coordinates></Point></Placemark><Placemark><name>FE005</name><styleUrl>#style_pontos</styleUrl><Point><coordinates>-35.722173,-9.626665,0</coordinates></Point></Placemark><Placemark><name>FE006</name><styleUrl>#style_pontos</styleUrl><Point><coordinates>-35.723873,-9.627513,0</coordinates></Point></Placemark><Placemark><name>FE007</name><styleUrl>#style_pontos</styleUrl><Point><coordinates>-35.724945,-9.629637,0</coordinates></Point></Placemark><Placemark><name>FE008</name><styleUrl>#style_pontos</styleUrl><Point><coordinates>-35.725572,-9.633438,0</coordinates></Point></Placemark><Placemark><name>FE009</name><styleUrl>#style_pontos</styleUrl><Point><coordinates>-35.726641,-9.636616,0</coordinates></Point></Placemark><Placemark><name>FE010</name><styleUrl>#style_pontos</styleUrl><Point><coordinates>-35.72729,-9.637948,0</coordinates></Point></Placemark><Placemark><name>FE011</name><styleUrl>#style_pontos</styleUrl><Point><coordinates>-35.728582,-9.640752,0</coordinates></Point></Placemark><Placemark><name>FE012</name><styleUrl>#style_pontos</styleUrl><Point><coordinates>-35.728513,-9.644759,0</coordinates></Point></Placemark><Placemark><name>FE013</name><styleUrl>#style_pontos</styleUrl><Point><coordinates>-35.726289,-9.645539,0</coordinates></Point></Placemark><Placemark><name>FE014</name><styleUrl>#style_pontos</styleUrl><Point><coordinates>-35.728533,-9.643539,0</coordinates></Point></Placemark><Placemark><name>FE015</name><styleUrl>#style_pontos</styleUrl><Point><coordinates>-35.728478,-9.640655,0</coordinates></Point></Placemark><Placemark><name>FE016</name><styleUrl>#style_pontos</styleUrl><Point><coordinates>-35.727392,-9.63833,0</coordinates></Point></Placemark><Placemark><name>FE017</name><styleUrl>#style_pontos</styleUrl><Point><coordinates>-35.72645,-9.63645,0</coordinates></Point></Placemark><Placemark><name>FE018</name><styleUrl>#style_pontos</styleUrl><Point><coordinates>-35.725555,-9.633797,0</coordinates></Point></Placemark><Placemark><name>FE019</name><styleUrl>#style_pontos</styleUrl><Point><coordinates>-35.724963,-9.63025,0</coordinates></Point></Placemark><Placemark><name>FE020</name><styleUrl>#style_pontos</styleUrl><Point><coordinates>-35.72325,-9.627872,0</coordinates></Point></Placemark><Placemark><name>FE021</name><styleUrl>#style_pontos</styleUrl><Point><coordinates>-35.720492,-9.62798,0</coordinates></Point></Placemark><Placemark><name>FE022</name><styleUrl>#style_pontos</styleUrl><Point><coordinates>-35.7178,-9.628077,0</coordinates></Point></Placemark><Placemark><name>FE023</name><styleUrl>#style_pontos</styleUrl><Point><coordinates>-35.716932,-9.625972,0</coordinates></Point></Placemark><Placemark><name>FE024</name><styleUrl>#style_pontos</styleUrl><Point><coordinates>-35.7169405,-9.6286397,0</coordinates></Point></Placemark><Placemark><name>FE025</name><styleUrl>#style_pontos</styleUrl><Point><coordinates>-35.71585,-9.630397,0</coordinates></Point></Placemark><Placemark><name>FE026</name><styleUrl>#style_pontos</styleUrl><Point><coordinates>-35.715479,-9.63324,0</coordinates></Point></Placemark><Placemark><name>JC001</name><styleUrl>#style_pontos</styleUrl><Point><coordinates>-35.71568,-9.633473,0</coordinates></Point></Placemark><Placemark><name>JC002</name><styleUrl>#style_pontos</styleUrl><Point><coordinates>-35.718142,-9.635238,0</coordinates></Point></Placemark><Placemark><name>JC003</name><styleUrl>#style_pontos</styleUrl><Point><coordinates>-35.718253,-9.637938,0</coordinates></Point></Placemark><Placemark><name>JC004</name><styleUrl>#style_pontos</styleUrl><Point><coordinates>-35.717737,-9.640015,0</coordinates></Point></Placemark><Placemark><name>JC005</name><styleUrl>#style_pontos</styleUrl><Point><coordinates>-35.718275,-9.64225,0</coordinates></Point></Placemark><Placemark><name>JC006</name><styleUrl>#style_pontos</styleUrl><Point><coordinates>-35.719983,-9.648012,0</coordinates></Point></Placemark><Placemark><name>JC007</name><styleUrl>#style_pontos</styleUrl><Point><coordinates>-35.721638,-9.651078,0</coordinates></Point></Placemark><Placemark><name>JC008</name><styleUrl>#style_pontos</styleUrl><Point><coordinates>-35.723718,-9.654617,0</coordinates></Point></Placemark><Placemark><name>JC009</name><styleUrl>#style_pontos</styleUrl><Point><coordinates>-35.72342,-9.654212,0</coordinates></Point></Placemark><Placemark><name>JC010</name><styleUrl>#style_pontos</styleUrl><Point><coordinates>-35.72226,-9.652312,0</coordinates></Point></Placemark><Placemark><name>JC011</name><styleUrl>#style_pontos</styleUrl><Point><coordinates>-35.721043,-9.650582,0</coordinates></Point></Placemark><Placemark><name>JC012</name><styleUrl>#style_pontos</styleUrl><Point><coordinates>-35.719814,-9.647033,0</coordinates></Point></Placemark><Placemark><name>JC013</name><styleUrl>#style_pontos</styleUrl><Point><coordinates>-35.718204,-9.63686,0</coordinates></Point></Placemark><Placemark><name>JC014</name><styleUrl>#style_pontos</styleUrl><Point><coordinates>-35.709651,-9.635311,0</coordinates></Point></Placemark><Placemark><name>JC015</name><styleUrl>#style_pontos</styleUrl><Point><coordinates>-35.716165,-9.635715,0</coordinates></Point></Placemark><Placemark><name>JC016</name><styleUrl>#style_pontos</styleUrl><Point><coordinates>-35.719307,-9.644815,0</coordinates></Point></Placemark><Placemark><name>JC017</name><styleUrl>#style_pontos</styleUrl><Point><coordinates>-35.717901,-9.641563,0</coordinates></Point></Placemark><Placemark><name>JC018</name><styleUrl>#style_pontos</styleUrl><Point><coordinates>-35.703952,-9.63486,0</coordinates></Point></Placemark><Placemark><name>JC019</name><styleUrl>#style_pontos</styleUrl><Point><coordinates>-35.710009,-9.635231,0</coordinates></Point></Placemark><Placemark><name>JC020</name><styleUrl>#style_pontos</styleUrl><Point><coordinates>-35.703725,-9.635047,0</coordinates></Point></Placemark><Placemark><name>JC021</name><styleUrl>#style_pontos</styleUrl><Point><coordinates>-35.712753,-9.636767,0</coordinates></Point></Placemark><Placemark><name>JC022</name><styleUrl>#style_pontos</styleUrl><Point><coordinates>-35.715058,-9.636087,0</coordinates></Point></Placemark><Placemark><name>JC023</name><styleUrl>#style_pontos</styleUrl><Point><coordinates>-35.71537,-9.636438,0</coordinates></Point></Placemark><Placemark><name>JC024</name><styleUrl>#style_pontos</styleUrl><Point><coordinates>-35.7124,-9.6363538,0</coordinates></Point></Placemark><Placemark><name>JC025</name><styleUrl>#style_pontos</styleUrl><Point><coordinates>-35.720401,-9.640464,0</coordinates></Point></Placemark><Placemark><name>JC026</name><styleUrl>#style_pontos</styleUrl><Point><coordinates>-35.723833,-9.640421,0</coordinates></Point></Placemark><Placemark><name>JC027</name><styleUrl>#style_pontos</styleUrl><Point><coordinates>-35.7194505,-9.6380151,0</coordinates></Point></Placemark><Placemark><name>JC028</name><styleUrl>#style_pontos</styleUrl><Point><coordinates>-35.7195082,-9.6386444,0</coordinates></Point></Placemark><Placemark><name>SR001</name><styleUrl>#style_pontos</styleUrl><Point><coordinates>-35.72759,-9.61415,0</coordinates></Point></Placemark><Placemark><name>SR002</name><styleUrl>#style_pontos</styleUrl><Point><coordinates>-35.72511,-9.61422,0</coordinates></Point></Placemark><Placemark><name>SR003</name><styleUrl>#style_pontos</styleUrl><Point><coordinates>-35.72241,-9.6142,0</coordinates></Point></Placemark><Placemark><name>SR004</name><styleUrl>#style_pontos</styleUrl><Point><coordinates>-35.71946,-9.61419,0</coordinates></Point></Placemark><Placemark><name>SR005</name><styleUrl>#style_pontos</styleUrl><Point><coordinates>-35.72253,-9.604435,0</coordinates></Point></Placemark><Placemark><name>SR006</name><styleUrl>#style_pontos</styleUrl><Point><coordinates>-35.7231991,-9.5985979,0</coordinates></Point></Placemark><Placemark><name>SR007</name><styleUrl>#style_pontos</styleUrl><Point><coordinates>-35.726248,-9.591311,0</coordinates></Point></Placemark><Placemark><name>SR008</name><styleUrl>#style_pontos</styleUrl><Point><coordinates>-35.729385,-9.588625,0</coordinates></Point></Placemark><Placemark><name>SR009</name><styleUrl>#style_pontos</styleUrl><Point><coordinates>-35.730083,-9.588267,0</coordinates></Point></Placemark><Placemark><name>SR010</name><styleUrl>#style_pontos</styleUrl><Point><coordinates>-35.726237,-9.591573,0</coordinates></Point></Placemark><Placemark><name>SR011</name><styleUrl>#style_pontos</styleUrl><Point><coordinates>-35.726237,-9.591573,0</coordinates></Point></Placemark><Placemark><name>SR012</name><styleUrl>#style_pontos</styleUrl><Point><coordinates>-35.722751,-9.60404,0</coordinates></Point></Placemark><Placemark><name>SR013</name><styleUrl>#style_pontos</styleUrl><Point><coordinates>-35.722395,-9.606438,0</coordinates></Point></Placemark><Placemark><name>SR014</name><styleUrl>#style_pontos</styleUrl><Point><coordinates>-35.721052,-9.609082,0</coordinates></Point></Placemark><Placemark><name>SR015</name><styleUrl>#style_pontos</styleUrl><Point><coordinates>-35.722395,-9.606438,0</coordinates></Point></Placemark><Placemark><name>SR016</name><styleUrl>#style_pontos</styleUrl><Point><coordinates>-35.717916,-9.613944,0</coordinates></Point></Placemark><Placemark><name>SR017</name><styleUrl>#style_pontos</styleUrl><Point><coordinates>-35.73068,-9.614307,0</coordinates></Point></Placemark><Placemark><name>SR018</name><styleUrl>#style_pontos</styleUrl><Point><coordinates>-35.730627,-9.614125,0</coordinates></Point></Placemark><Placemark><name>SR019</name><styleUrl>#style_pontos</styleUrl><Point><coordinates>-35.728822,-9.61317,0</coordinates></Point></Placemark><Placemark><name>SR020</name><styleUrl>#style_pontos</styleUrl><Point><coordinates>-35.728439,-9.612979,0</coordinates></Point></Placemark><Placemark><name>SR021</name><styleUrl>#style_pontos</styleUrl><Point><coordinates>-35.726238,-9.611035,0</coordinates></Point></Placemark><Placemark><name>SR022</name><styleUrl>#style_pontos</styleUrl><Point><coordinates>-35.72623,-9.610995,0</coordinates></Point></Placemark><Placemark><name>SR023</name><styleUrl>#style_pontos</styleUrl><Point><coordinates>-35.725009,-9.609891,0</coordinates></Point></Placemark><Placemark><name>SR024</name><styleUrl>#style_pontos</styleUrl><Point><coordinates>-35.724342,-9.609122,0</coordinates></Point></Placemark><Placemark><name>SR025</name><styleUrl>#style_pontos</styleUrl><Point><coordinates>-35.722961,-9.6064975,0</coordinates></Point></Placemark><Placemark><name>SR026</name><styleUrl>#style_pontos</styleUrl><Point><coordinates>-35.722732,-9.606034,0</coordinates></Point></Placemark><Placemark><name>SR027</name><styleUrl>#style_pontos</styleUrl><Point><coordinates>-35.722108,-9.605002,0</coordinates></Point></Placemark><Placemark><name>SR028</name><styleUrl>#style_pontos</styleUrl><Point><coordinates>-35.719952,-9.60403,0</coordinates></Point></Placemark><Placemark><name>SR029</name><styleUrl>#style_pontos</styleUrl><Point><coordinates>-35.71915,-9.60239,0</coordinates></Point></Placemark><Placemark><name>SR030</name><styleUrl>#style_pontos</styleUrl><Point><coordinates>-35.7163,-9.6043,0</coordinates></Point></Placemark><Placemark><name>SR031</name><styleUrl>#style_pontos</styleUrl><Point><coordinates>-35.714463,-9.607188,0</coordinates></Point></Placemark><Placemark><name>SR032</name><styleUrl>#style_pontos</styleUrl><Point><coordinates>-35.713262,-9.608466,0</coordinates></Point></Placemark><Placemark><name>SR033</name><styleUrl>#style_pontos</styleUrl><Point><coordinates>-35.708965,-9.609508,0</coordinates></Point></Placemark><Placemark><name>SR034</name><styleUrl>#style_pontos</styleUrl><Point><coordinates>-35.709729,-9.609885,0</coordinates></Point></Placemark><Placemark><name>SR035</name><styleUrl>#style_pontos</styleUrl><Point><coordinates>-35.71312,-9.60835,0</coordinates></Point></Placemark><Placemark><name>SR036</name><styleUrl>#style_pontos</styleUrl><Point><coordinates>-35.714313,-9.607084,0</coordinates></Point></Placemark><Placemark><name>SR037</name><styleUrl>#style_pontos</styleUrl><Point><coordinates>-35.715515,-9.605283,0</coordinates></Point></Placemark><Placemark><name>SR038</name><styleUrl>#style_pontos</styleUrl><Point><coordinates>-35.716383,-9.603844,0</coordinates></Point></Placemark><Placemark><name>SR039</name><styleUrl>#style_pontos</styleUrl><Point><coordinates>-35.718789,-9.60177,0</coordinates></Point></Placemark><Placemark><name>SR040</name><styleUrl>#style_pontos</styleUrl><Point><coordinates>-35.721199,-9.601773,0</coordinates></Point></Placemark><Placemark><name>SR041</name><styleUrl>#style_pontos</styleUrl><Point><coordinates>-35.722025,-9.603433,0</coordinates></Point></Placemark><Placemark><name>SR042</name><styleUrl>#style_pontos</styleUrl><Point><coordinates>-35.726455,-9.60118,0</coordinates></Point></Placemark><Placemark><name>SR043</name><styleUrl>#style_pontos</styleUrl><Point><coordinates>-35.731312,-9.613957,0</coordinates></Point></Placemark><Placemark><name>SR044</name><styleUrl>#style_pontos</styleUrl><Point><coordinates>-35.723863,-9.599663,0</coordinates></Point></Placemark><Placemark><name>SR045</name><styleUrl>#style_pontos</styleUrl><Point><coordinates>-35.721199,-9.601773,0</coordinates></Point></Placemark><Placemark><name>SR046</name><styleUrl>#style_pontos</styleUrl><Point><coordinates>-35.724442,-9.594108,0</coordinates></Point></Placemark><Placemark><name>SR047</name><styleUrl>#style_pontos</styleUrl><Point><coordinates>-35.724363,-9.593981,0</coordinates></Point></Placemark><Placemark><name>SR048</name><styleUrl>#style_pontos</styleUrl><Point><coordinates>-35.71879,-9.61166,0</coordinates></Point></Placemark><Placemark><name>SR049</name><styleUrl>#style_pontos</styleUrl><Point><coordinates>-35.72333,-9.5988,0</coordinates></Point></Placemark><Placemark><name>SJ001</name><styleUrl>#style_pontos</styleUrl><Point><coordinates>-35.712172,-9.62354,0</coordinates></Point></Placemark><Placemark><name>SJ002</name><styleUrl>#style_pontos</styleUrl><Point><coordinates>-35.712171,-9.62333,0</coordinates></Point></Placemark><Placemark><name>SJ003</name><styleUrl>#style_pontos</styleUrl><Point><coordinates>-35.711521,-9.626393,0</coordinates></Point></Placemark><Placemark><name>SJ004</name><styleUrl>#style_pontos</styleUrl><Point><coordinates>-35.711536,-9.627558,0</coordinates></Point></Placemark><Placemark><name>SJ005</name><styleUrl>#style_pontos</styleUrl><Point><coordinates>-35.710143,-9.621566,0</coordinates></Point></Placemark><Placemark><name>SJ006</name><styleUrl>#style_pontos</styleUrl><Point><coordinates>-35.709768,-9.620489,0</coordinates></Point></Placemark><Placemark><name>SJ007</name><styleUrl>#style_pontos</styleUrl><Point><coordinates>-35.709648,-9.620646,0</coordinates></Point></Placemark><Placemark><name>SJ008</name><styleUrl>#style_pontos</styleUrl><Point><coordinates>-35.712722,-9.618492,0</coordinates></Point></Placemark><Placemark><name>SJ009</name><styleUrl>#style_pontos</styleUrl><Point><coordinates>-35.708308,-9.61973,0</coordinates></Point></Placemark><Placemark><name>SJ010</name><styleUrl>#style_pontos</styleUrl><Point><coordinates>-35.706733,-9.618912,0</coordinates></Point></Placemark><Placemark><name>SJ011</name><styleUrl>#style_pontos</styleUrl><Point><coordinates>-35.705585,-9.618058,0</coordinates></Point></Placemark><Placemark><name>SJ012</name><styleUrl>#style_pontos</styleUrl><Point><coordinates>-35.704508,-9.61739,0</coordinates></Point></Placemark><Placemark><name>SJ013</name><styleUrl>#style_pontos</styleUrl><Point><coordinates>-35.70251,-9.615872,0</coordinates></Point></Placemark><Placemark><name>SJ014</name><styleUrl>#style_pontos</styleUrl><Point><coordinates>-35.701815,-9.613132,0</coordinates></Point></Placemark><Placemark><name>SJ015</name><styleUrl>#style_pontos</styleUrl><Point><coordinates>-35.701487,-9.612832,0</coordinates></Point></Placemark><Placemark><name>SJ016</name><styleUrl>#style_pontos</styleUrl><Point><coordinates>-35.71172,-9.61928,0</coordinates></Point></Placemark><Placemark><name>SJ017</name><styleUrl>#style_pontos</styleUrl><Point><coordinates>-35.711226,-9.61948,0</coordinates></Point></Placemark><Placemark><name>SJ018</name><styleUrl>#style_pontos</styleUrl><Point><coordinates>-35.708515,-9.61993,0</coordinates></Point></Placemark><Placemark><name>SJ019</name><styleUrl>#style_pontos</styleUrl><Point><coordinates>-35.71153,-9.62486,0</coordinates></Point></Placemark><Placemark><name>SJ020</name><styleUrl>#style_pontos</styleUrl><Point><coordinates>-35.708341,-9.625139,0</coordinates></Point></Placemark><Placemark><name>BE001</name><styleUrl>#style_pontos</styleUrl><Point><coordinates>-35.761044,-9.621563,0</coordinates></Point></Placemark><Placemark><name>BE002</name><styleUrl>#style_pontos</styleUrl><Point><coordinates>-35.758978,-9.622003,0</coordinates></Point></Placemark><Placemark><name>BE003</name><styleUrl>#style_pontos</styleUrl><Point><coordinates>-35.757597,-9.622679,0</coordinates></Point></Placemark><Placemark><name>BE004</name><styleUrl>#style_pontos</styleUrl><Point><coordinates>-35.754553,-9.624364,0</coordinates></Point></Placemark><Placemark><name>BE005</name><styleUrl>#style_pontos</styleUrl><Point><coordinates>-35.752184,-9.625461,0</coordinates></Point></Placemark><Placemark><name>BE006</name><styleUrl>#style_pontos</styleUrl><Point><coordinates>-35.75145,-9.626708,0</coordinates></Point></Placemark><Placemark><name>BE007</name><styleUrl>#style_pontos</styleUrl><Point><coordinates>-35.750282,-9.629837,0</coordinates></Point></Placemark><Placemark><name>BE008</name><styleUrl>#style_pontos</styleUrl><Point><coordinates>-35.749335,-9.627794,0</coordinates></Point></Placemark><Placemark><name>BE009</name><styleUrl>#style_pontos</styleUrl><Point><coordinates>-35.750574,-9.627595,0</coordinates></Point></Placemark><Placemark><name>BE012</name><styleUrl>#style_pontos</styleUrl><Point><coordinates>-35.753736,-9.623796,0</coordinates></Point></Placemark><Placemark><name>BE013</name><styleUrl>#style_pontos</styleUrl><Point><coordinates>-35.751918,-9.623715,0</coordinates></Point></Placemark><Placemark><name>BE014</name><styleUrl>#style_pontos</styleUrl><Point><coordinates>-35.75184,-9.623733,0</coordinates></Point></Placemark><Placemark><name>BP001</name><styleUrl>#style_pontos</styleUrl><Point><coordinates>-35.74373,-9.644378,0</coordinates></Point></Placemark><Placemark><name>BP002</name><styleUrl>#style_pontos</styleUrl><Point><coordinates>-35.743039,-9.64791,0</coordinates></Point></Placemark><Placemark><name>BP003</name><styleUrl>#style_pontos</styleUrl><Point><coordinates>-35.742215,-9.649949,0</coordinates></Point></Placemark><Placemark><name>BP004</name><styleUrl>#style_pontos</styleUrl><Point><coordinates>-35.741025,-9.652974,0</coordinates></Point></Placemark><Placemark><name>BP005</name><styleUrl>#style_pontos</styleUrl><Point><coordinates>-35.74113,-9.65248,0</coordinates></Point></Placemark><Placemark><name>CJ001</name><styleUrl>#style_pontos</styleUrl><Point><coordinates>-35.75088,-9.613115,0</coordinates></Point></Placemark><Placemark><name>CJ002</name><styleUrl>#style_pontos</styleUrl><Point><coordinates>-35.75258,-9.620297,0</coordinates></Point></Placemark><Placemark><name>CJ003</name><styleUrl>#style_pontos</styleUrl><Point><coordinates>-35.75121,-9.617787,0</coordinates></Point></Placemark><Placemark><name>CJ004</name><styleUrl>#style_pontos</styleUrl><Point><coordinates>-35.74727,-9.612413,0</coordinates></Point></Placemark><Placemark><name>CJ005</name><styleUrl>#style_pontos</styleUrl><Point><coordinates>-35.745987,-9.613212,0</coordinates></Point></Placemark><Placemark><name>CJ006</name><styleUrl>#style_pontos</styleUrl><Point><coordinates>-35.745045,-9.614638,0</coordinates></Point></Placemark><Placemark><name>CJ007</name><styleUrl>#style_pontos</styleUrl><Point><coordinates>-35.74532,-9.615227,0</coordinates></Point></Placemark><Placemark><name>CJ008</name><styleUrl>#style_pontos</styleUrl><Point><coordinates>-35.746015,-9.613288,0</coordinates></Point></Placemark><Placemark><name>CJ009</name><styleUrl>#style_pontos</styleUrl><Point><coordinates>-35.747395,-9.612343,0</coordinates></Point></Placemark><Placemark><name>CJ010</name><styleUrl>#style_pontos</styleUrl><Point><coordinates>-35.749403,-9.611415,0</coordinates></Point></Placemark><Placemark><name>CJ011</name><styleUrl>#style_pontos</styleUrl><Point><coordinates>-35.751312,-9.617978,0</coordinates></Point></Placemark><Placemark><name>CJ012</name><styleUrl>#style_pontos</styleUrl><Point><coordinates>-35.752496,-9.620267,0</coordinates></Point></Placemark><Placemark><name>CJ013</name><styleUrl>#style_pontos</styleUrl><Point><coordinates>-35.749412,-9.614068,0</coordinates></Point></Placemark><Placemark><name>CJ014</name><styleUrl>#style_pontos</styleUrl><Point><coordinates>-35.75084,-9.613237,0</coordinates></Point></Placemark><Placemark><name>CJ015</name><styleUrl>#style_pontos</styleUrl><Point><coordinates>-35.748415,-9.615925,0</coordinates></Point></Placemark><Placemark><name>CJ016</name><styleUrl>#style_pontos</styleUrl><Point><coordinates>-35.749627,-9.613713,0</coordinates></Point></Placemark><Placemark><name>CJ017</name><styleUrl>#style_pontos</styleUrl><Point><coordinates>-35.749157,-9.611294,0</coordinates></Point></Placemark><Placemark><name>CB001</name><styleUrl>#style_pontos</styleUrl><Point><coordinates>-35.75293,-9.62033,0</coordinates></Point></Placemark><Placemark><name>CB002</name><styleUrl>#style_pontos</styleUrl><Point><coordinates>-35.755065,-9.617037,0</coordinates></Point></Placemark><Placemark><name>CB003</name><styleUrl>#style_pontos</styleUrl><Point><coordinates>-35.75275,-9.618245,0</coordinates></Point></Placemark><Placemark><name>CB004</name><styleUrl>#style_pontos</styleUrl><Point><coordinates>-35.755087,-9.617122,0</coordinates></Point></Placemark><Placemark><name>CB005</name><styleUrl>#style_pontos</styleUrl><Point><coordinates>-35.753485,-9.622217,0</coordinates></Point></Placemark><Placemark><name>CB006</name><styleUrl>#style_pontos</styleUrl><Point><coordinates>-35.757348,-9.620912,0</coordinates></Point></Placemark><Placemark><name>CB007</name><styleUrl>#style_pontos</styleUrl><Point><coordinates>-35.754091,-9.622134,0</coordinates></Point></Placemark><Placemark><name>CB008</name><styleUrl>#style_pontos</styleUrl><Point><coordinates>-35.76032,-9.619551,0</coordinates></Point></Placemark><Placemark><name>CB009</name><styleUrl>#style_pontos</styleUrl><Point><coordinates>-35.760553,-9.61934,0</coordinates></Point></Placemark><Placemark><name>CB010</name><styleUrl>#style_pontos</styleUrl><Point><coordinates>-35.75636,-9.621155,0</coordinates></Point></Placemark><Placemark><name>CB011</name><styleUrl>#style_pontos</styleUrl><Point><coordinates>-35.752067,-9.625135,0</coordinates></Point></Placemark><Placemark><name>FV001</name><styleUrl>#style_pontos</styleUrl><Point><coordinates>-35.778906,-9.592039,0</coordinates></Point></Placemark><Placemark><name>FV002</name><styleUrl>#style_pontos</styleUrl><Point><coordinates>-35.781345,-9.591268,0</coordinates></Point></Placemark><Placemark><name>FV003</name><styleUrl>#style_pontos</styleUrl><Point><coordinates>-35.781222,-9.591355,0</coordinates></Point></Placemark><Placemark><name>FV004</name><styleUrl>#style_pontos</styleUrl><Point><coordinates>-35.786172,-9.59049,0</coordinates></Point></Placemark><Placemark><name>FV005</name><styleUrl>#style_pontos</styleUrl><Point><coordinates>-35.788528,-9.589543,0</coordinates></Point></Placemark><Placemark><name>FV006</name><styleUrl>#style_pontos</styleUrl><Point><coordinates>-35.787249,-9.590439,0</coordinates></Point></Placemark><Placemark><name>FV007</name><styleUrl>#style_pontos</styleUrl><Point><coordinates>-35.793483,-9.589483,0</coordinates></Point></Placemark><Placemark><name>FV008</name><styleUrl>#style_pontos</styleUrl><Point><coordinates>-35.793937,-9.589518,0</coordinates></Point></Placemark><Placemark><name>FV009</name><styleUrl>#style_pontos</styleUrl><Point><coordinates>-35.795608,-9.589015,0</coordinates></Point></Placemark><Placemark><name>FV010</name><styleUrl>#style_pontos</styleUrl><Point><coordinates>-35.796697,-9.587277,0</coordinates></Point></Placemark><Placemark><name>FV011</name><styleUrl>#style_pontos</styleUrl><Point><coordinates>-35.79815,-9.585808,0</coordinates></Point></Placemark><Placemark><name>FV012</name><styleUrl>#style_pontos</styleUrl><Point><coordinates>-35.799182,-9.584233,0</coordinates></Point></Placemark><Placemark><name>FV013</name><styleUrl>#style_pontos</styleUrl><Point><coordinates>-35.799232,-9.583978,0</coordinates></Point></Placemark><Placemark><name>FV014</name><styleUrl>#style_pontos</styleUrl><Point><coordinates>-35.78994,-9.589334,0</coordinates></Point></Placemark><Placemark><name>PT001</name><styleUrl>#style_pontos</styleUrl><Point><coordinates>-35.756402,-9.615007,0</coordinates></Point></Placemark><Placemark><name>PT002</name><styleUrl>#style_pontos</styleUrl><Point><coordinates>-35.758122,-9.6018,0</coordinates></Point></Placemark><Placemark><name>PT004</name><styleUrl>#style_pontos</styleUrl><Point><coordinates>-35.755212,-9.593268,0</coordinates></Point></Placemark><Placemark><name>PT005</name><styleUrl>#style_pontos</styleUrl><Point><coordinates>-35.757107,-9.592132,0</coordinates></Point></Placemark><Placemark><name>PT006</name><styleUrl>#style_pontos</styleUrl><Point><coordinates>-35.7526,-9.59486,0</coordinates></Point></Placemark><Placemark><name>PT007</name><styleUrl>#style_pontos</styleUrl><Point><coordinates>-35.752993,-9.596158,0</coordinates></Point></Placemark><Placemark><name>PT008</name><styleUrl>#style_pontos</styleUrl><Point><coordinates>-35.754247,-9.601968,0</coordinates></Point></Placemark><Placemark><name>PT009</name><styleUrl>#style_pontos</styleUrl><Point><coordinates>-35.75236,-9.604137,0</coordinates></Point></Placemark><Placemark><name>PT010</name><styleUrl>#style_pontos</styleUrl><Point><coordinates>-35.750638,-9.606883,0</coordinates></Point></Placemark><Placemark><name>PT011</name><styleUrl>#style_pontos</styleUrl><Point><coordinates>-35.7471,-9.609245,0</coordinates></Point></Placemark><Placemark><name>PT012</name><styleUrl>#style_pontos</styleUrl><Point><coordinates>-35.745293,-9.609122,0</coordinates></Point></Placemark><Placemark><name>PT013</name><styleUrl>#style_pontos</styleUrl><Point><coordinates>-35.74531,-9.608018,0</coordinates></Point></Placemark><Placemark><name>PT014</name><styleUrl>#style_pontos</styleUrl><Point><coordinates>-35.74539,-9.60802,0</coordinates></Point></Placemark><Placemark><name>PT015</name><styleUrl>#style_pontos</styleUrl><Point><coordinates>-35.757193,-9.59961,0</coordinates></Point></Placemark><Placemark><name>PT016</name><styleUrl>#style_pontos</styleUrl><Point><coordinates>-35.758743,-9.602187,0</coordinates></Point></Placemark><Placemark><name>PT017</name><styleUrl>#style_pontos</styleUrl><Point><coordinates>-35.760163,-9.603703,0</coordinates></Point></Placemark><Placemark><name>PT018</name><styleUrl>#style_pontos</styleUrl><Point><coordinates>-35.760632,-9.604342,0</coordinates></Point></Placemark><Placemark><name>PT019</name><styleUrl>#style_pontos</styleUrl><Point><coordinates>-35.760592,-9.604395,0</coordinates></Point></Placemark><Placemark><name>PT020</name><styleUrl>#style_pontos</styleUrl><Point><coordinates>-35.759972,-9.604255,0</coordinates></Point></Placemark><Placemark><name>PT021</name><styleUrl>#style_pontos</styleUrl><Point><coordinates>-35.75884,-9.606457,0</coordinates></Point></Placemark><Placemark><name>PT022</name><styleUrl>#style_pontos</styleUrl><Point><coordinates>-35.758025,-9.609472,0</coordinates></Point></Placemark><Placemark><name>PT023</name><styleUrl>#style_pontos</styleUrl><Point><coordinates>-35.75754,-9.611318,0</coordinates></Point></Placemark><Placemark><name>PT024</name><styleUrl>#style_pontos</styleUrl><Point><coordinates>-35.757952,-9.609303,0</coordinates></Point></Placemark><Placemark><name>PT025</name><styleUrl>#style_pontos</styleUrl><Point><coordinates>-35.758703,-9.606555,0</coordinates></Point></Placemark><Placemark><name>PT026</name><styleUrl>#style_pontos</styleUrl><Point><coordinates>-35.75975,-9.60438,0</coordinates></Point></Placemark><Placemark><name>PT027</name><styleUrl>#style_pontos</styleUrl><Point><coordinates>-35.75946,-9.603328,0</coordinates></Point></Placemark><Placemark><name>PT028</name><styleUrl>#style_pontos</styleUrl><Point><coordinates>-35.75807,-9.604412,0</coordinates></Point></Placemark><Placemark><name>PT029</name><styleUrl>#style_pontos</styleUrl><Point><coordinates>-35.756503,-9.606188,0</coordinates></Point></Placemark><Placemark><name>PT030</name><styleUrl>#style_pontos</styleUrl><Point><coordinates>-35.755037,-9.608445,0</coordinates></Point></Placemark><Placemark><name>PT031</name><styleUrl>#style_pontos</styleUrl><Point><coordinates>-35.754405,-9.609512,0</coordinates></Point></Placemark><Placemark><name>PT032</name><styleUrl>#style_pontos</styleUrl><Point><coordinates>-35.753643,-9.611317,0</coordinates></Point></Placemark><Placemark><name>PT033</name><styleUrl>#style_pontos</styleUrl><Point><coordinates>-35.753085,-9.613887,0</coordinates></Point></Placemark><Placemark><name>PT034</name><styleUrl>#style_pontos</styleUrl><Point><coordinates>-35.759632,-9.594873,0</coordinates></Point></Placemark><Placemark><name>PT035</name><styleUrl>#style_pontos</styleUrl><Point><coordinates>-35.752525,-9.616265,0</coordinates></Point></Placemark><Placemark><name>PT036</name><styleUrl>#style_pontos</styleUrl><Point><coordinates>-35.752992,-9.613912,0</coordinates></Point></Placemark><Placemark><name>PT037</name><styleUrl>#style_pontos</styleUrl><Point><coordinates>-35.7533,-9.612512,0</coordinates></Point></Placemark><Placemark><name>PT038</name><styleUrl>#style_pontos</styleUrl><Point><coordinates>-35.75356,-9.610365,0</coordinates></Point></Placemark><Placemark><name>PT039</name><styleUrl>#style_pontos</styleUrl><Point><coordinates>-35.751827,-9.610492,0</coordinates></Point></Placemark><Placemark><name>PT040</name><styleUrl>#style_pontos</styleUrl><Point><coordinates>-35.75534,-9.607765,0</coordinates></Point></Placemark><Placemark><name>PT041</name><styleUrl>#style_pontos</styleUrl><Point><coordinates>-35.752208,-9.610257,0</coordinates></Point></Placemark><Placemark><name>PT042</name><styleUrl>#style_pontos</styleUrl><Point><coordinates>-35.750222,-9.610863,0</coordinates></Point></Placemark><Placemark><name>PT043</name><styleUrl>#style_pontos</styleUrl><Point><coordinates>-35.754487,-9.609077,0</coordinates></Point></Placemark><Placemark><name>PT044</name><styleUrl>#style_pontos</styleUrl><Point><coordinates>-35.75882,-9.603372,0</coordinates></Point></Placemark><Placemark><name>PT045</name><styleUrl>#style_pontos</styleUrl><Point><coordinates>-35.756645,-9.60581,0</coordinates></Point></Placemark><Placemark><name>PT046</name><styleUrl>#style_pontos</styleUrl><Point><coordinates>-35.757222,-9.599813,0</coordinates></Point></Placemark><Placemark><name>PT047</name><styleUrl>#style_pontos</styleUrl><Point><coordinates>-35.758572,-9.596385,0</coordinates></Point></Placemark><Placemark><name>PT048</name><styleUrl>#style_pontos</styleUrl><Point><coordinates>-35.758607,-9.596322,0</coordinates></Point></Placemark><Placemark><name>PT049</name><styleUrl>#style_pontos</styleUrl><Point><coordinates>-35.758122,-9.6018,0</coordinates></Point></Placemark><Placemark><name>PT050</name><styleUrl>#style_pontos</styleUrl><Point><coordinates>-35.759765,-9.594733,0</coordinates></Point></Placemark><Placemark><name>PT051</name><styleUrl>#style_pontos</styleUrl><Point><coordinates>-35.754198,-9.602009,0</coordinates></Point></Placemark><Placemark><name>PT052</name><styleUrl>#style_pontos</styleUrl><Point><coordinates>-35.754198,-9.602009,0</coordinates></Point></Placemark><Placemark><name>PT053</name><styleUrl>#style_pontos</styleUrl><Point><coordinates>-35.748591,-9.601188,0</coordinates></Point></Placemark><Placemark><name>PT054</name><styleUrl>#style_pontos</styleUrl><Point><coordinates>-35.743847,-9.604475,0</coordinates></Point></Placemark><Placemark><name>RN001</name><styleUrl>#style_pontos</styleUrl><Point><coordinates>-35.801585,-9.582098,0</coordinates></Point></Placemark><Placemark><name>RN002</name><styleUrl>#style_pontos</styleUrl><Point><coordinates>-35.801657,-9.582132,0</coordinates></Point></Placemark><Placemark><name>RN003</name><styleUrl>#style_pontos</styleUrl><Point><coordinates>-35.805057,-9.58138,0</coordinates></Point></Placemark><Placemark><name>RN004</name><styleUrl>#style_pontos</styleUrl><Point><coordinates>-35.80485,-9.581435,0</coordinates></Point></Placemark><Placemark><name>RN005</name><styleUrl>#style_pontos</styleUrl><Point><coordinates>-35.806032,-9.580002,0</coordinates></Point></Placemark><Placemark><name>RN006</name><styleUrl>#style_pontos</styleUrl><Point><coordinates>-35.806078,-9.579835,0</coordinates></Point></Placemark><Placemark><name>RN007</name><styleUrl>#style_pontos</styleUrl><Point><coordinates>-35.807989,-9.577688,0</coordinates></Point></Placemark><Placemark><name>RN008</name><styleUrl>#style_pontos</styleUrl><Point><coordinates>-35.808322,-9.577755,0</coordinates></Point></Placemark><Placemark><name>RN009</name><styleUrl>#style_pontos</styleUrl><Point><coordinates>-35.810102,-9.575568,0</coordinates></Point></Placemark><Placemark><name>RN010</name><styleUrl>#style_pontos</styleUrl><Point><coordinates>-35.807913,-9.574712,0</coordinates></Point></Placemark><Placemark><name>RN011</name><styleUrl>#style_pontos</styleUrl><Point><coordinates>-35.80798,-9.572415,0</coordinates></Point></Placemark><Placemark><name>RN012</name><styleUrl>#style_pontos</styleUrl><Point><coordinates>-35.809137,-9.571453,0</coordinates></Point></Placemark><Placemark><name>RN013</name><styleUrl>#style_pontos</styleUrl><Point><coordinates>-35.807737,-9.57145,0</coordinates></Point></Placemark><Placemark><name>RN014</name><styleUrl>#style_pontos</styleUrl><Point><coordinates>-35.80902,-9.570833,0</coordinates></Point></Placemark><Placemark><name>SA001</name><styleUrl>#style_pontos</styleUrl><Point><coordinates>-35.777563,-9.584792,0</coordinates></Point></Placemark><Placemark><name>SA002</name><styleUrl>#style_pontos</styleUrl><Point><coordinates>-35.778337,-9.586598,0</coordinates></Point></Placemark><Placemark><name>SA003</name><styleUrl>#style_pontos</styleUrl><Point><coordinates>-35.77621,-9.589773,0</coordinates></Point></Placemark><Placemark><name>SA004</name><styleUrl>#style_pontos</styleUrl><Point><coordinates>-35.776145,-9.589702,0</coordinates></Point></Placemark><Placemark><name>SA005</name><styleUrl>#style_pontos</styleUrl><Point><coordinates>-35.773458,-9.592737,0</coordinates></Point></Placemark><Placemark><name>SA006</name><styleUrl>#style_pontos</styleUrl><Point><coordinates>-35.772743,-9.592225,0</coordinates></Point></Placemark><Placemark><name>SA007</name><styleUrl>#style_pontos</styleUrl><Point><coordinates>-35.772947,-9.59302,0</coordinates></Point></Placemark><Placemark><name>SA008</name><styleUrl>#style_pontos</styleUrl><Point><coordinates>-35.771608,-9.595815,0</coordinates></Point></Placemark><Placemark><name>SA009</name><styleUrl>#style_pontos</styleUrl><Point><coordinates>-35.77163,-9.596475,0</coordinates></Point></Placemark><Placemark><name>SA010</name><styleUrl>#style_pontos</styleUrl><Point><coordinates>-35.772743,-9.592225,0</coordinates></Point></Placemark><Placemark><name>SA011</name><styleUrl>#style_pontos</styleUrl><Point><coordinates>-35.771055,-9.598975,0</coordinates></Point></Placemark><Placemark><name>SA012</name><styleUrl>#style_pontos</styleUrl><Point><coordinates>-35.770611,-9.600491,0</coordinates></Point></Placemark><Placemark><name>SA013</name><styleUrl>#style_pontos</styleUrl><Point><coordinates>-35.770533,-9.601413,0</coordinates></Point></Placemark><Placemark><name>SA014</name><styleUrl>#style_pontos</styleUrl><Point><coordinates>-35.770077,-9.60352,0</coordinates></Point></Placemark><Placemark><name>SA015</name><styleUrl>#style_pontos</styleUrl><Point><coordinates>-35.7699,-9.603903,0</coordinates></Point></Placemark><Placemark><name>SA016</name><styleUrl>#style_pontos</styleUrl><Point><coordinates>-35.768552,-9.610391,0</coordinates></Point></Placemark><Placemark><name>SA017</name><styleUrl>#style_pontos</styleUrl><Point><coordinates>-35.76559,-9.614162,0</coordinates></Point></Placemark><Placemark><name>SA018</name><styleUrl>#style_pontos</styleUrl><Point><coordinates>-35.768387,-9.610401,0</coordinates></Point></Placemark><Placemark><name>SA019</name><styleUrl>#style_pontos</styleUrl><Point><coordinates>-35.765716,-9.6138,0</coordinates></Point></Placemark><Placemark><name>SA020</name><styleUrl>#style_pontos</styleUrl><Point><coordinates>-35.763,-9.617368,0</coordinates></Point></Placemark><Placemark><name>SA021</name><styleUrl>#style_pontos</styleUrl><Point><coordinates>-35.762872,-9.617356,0</coordinates></Point></Placemark><Placemark><name>SA022</name><styleUrl>#style_pontos</styleUrl><Point><coordinates>-35.77018,-9.59897,0</coordinates></Point></Placemark><Placemark><name>SA023</name><styleUrl>#style_pontos</styleUrl><Point><coordinates>-35.770043,-9.598785,0</coordinates></Point></Placemark><Placemark><name>CT001</name><styleUrl>#style_pontos</styleUrl><Point><coordinates>-35.740289,-9.653906,0</coordinates></Point></Placemark><Placemark><name>CT002</name><styleUrl>#style_pontos</styleUrl><Point><coordinates>-35.740223,-9.654766,0</coordinates></Point></Placemark><Placemark><name>CT003</name><styleUrl>#style_pontos</styleUrl><Point><coordinates>-35.739198,-9.657424,0</coordinates></Point></Placemark><Placemark><name>CT004</name><styleUrl>#style_pontos</styleUrl><Point><coordinates>-35.739053,-9.660359,0</coordinates></Point></Placemark><Placemark><name>CT005</name><styleUrl>#style_pontos</styleUrl><Point><coordinates>-35.741612,-9.661253,0</coordinates></Point></Placemark><Placemark><name>CT006</name><styleUrl>#style_pontos</styleUrl><Point><coordinates>-35.738817,-9.660756,0</coordinates></Point></Placemark><Placemark><name>CT007</name><styleUrl>#style_pontos</styleUrl><Point><coordinates>-35.7387,-9.66098,0</coordinates></Point></Placemark><Placemark><name>CT008</name><styleUrl>#style_pontos</styleUrl><Point><coordinates>-35.7387,-9.661,0</coordinates></Point></Placemark><Placemark><name>CT009</name><styleUrl>#style_pontos</styleUrl><Point><coordinates>-35.73869,-9.66102,0</coordinates></Point></Placemark><Placemark><name>CT010</name><styleUrl>#style_pontos</styleUrl><Point><coordinates>-35.738657,-9.66111,0</coordinates></Point></Placemark><Placemark><name>CT011</name><styleUrl>#style_pontos</styleUrl><Point><coordinates>-35.738473,-9.661538,0</coordinates></Point></Placemark><Placemark><name>CT012</name><styleUrl>#style_pontos</styleUrl><Point><coordinates>-35.7379,-9.66288,0</coordinates></Point></Placemark><Placemark><name>CT013</name><styleUrl>#style_pontos</styleUrl><Point><coordinates>-35.73829,-9.66199,0</coordinates></Point></Placemark><Placemark><name>CT014</name><styleUrl>#style_pontos</styleUrl><Point><coordinates>-35.738194,-9.662198,0</coordinates></Point></Placemark><Placemark><name>CT015</name><styleUrl>#style_pontos</styleUrl><Point><coordinates>-35.73817,-9.662254,0</coordinates></Point></Placemark><Placemark><name>CT016</name><styleUrl>#style_pontos</styleUrl><Point><coordinates>-35.738106,-9.662355,0</coordinates></Point></Placemark><Placemark><name>CT017</name><styleUrl>#style_pontos</styleUrl><Point><coordinates>-35.737993,-9.662666,0</coordinates></Point></Placemark><Placemark><name>CT018</name><styleUrl>#style_pontos</styleUrl><Point><coordinates>-35.73793,-9.66282,0</coordinates></Point></Placemark><Placemark><name>CT019</name><styleUrl>#style_pontos</styleUrl><Point><coordinates>-35.73791,-9.66291,0</coordinates></Point></Placemark><Placemark><name>CT020</name><styleUrl>#style_pontos</styleUrl><Point><coordinates>-35.737861,-9.662995,0</coordinates></Point></Placemark><Placemark><name>CT021</name><styleUrl>#style_pontos</styleUrl><Point><coordinates>-35.738586,-9.66324,0</coordinates></Point></Placemark><Placemark><name>CT022</name><styleUrl>#style_pontos</styleUrl><Point><coordinates>-35.737741,-9.663251,0</coordinates></Point></Placemark><Placemark><name>CT023</name><styleUrl>#style_pontos</styleUrl><Point><coordinates>-35.737363,-9.6633,0</coordinates></Point></Placemark><Placemark><name>CT024</name><styleUrl>#style_pontos</styleUrl><Point><coordinates>-35.737087,-9.663262,0</coordinates></Point></Placemark><Placemark><name>CT025</name><styleUrl>#style_pontos</styleUrl><Point><coordinates>-35.738132,-9.661561,0</coordinates></Point></Placemark><Placemark><name>CT026</name><styleUrl>#style_pontos</styleUrl><Point><coordinates>-35.738738,-9.661767,0</coordinates></Point></Placemark><Placemark><name>CT027</name><styleUrl>#style_pontos</styleUrl><Point><coordinates>-35.738569,-9.661719,0</coordinates></Point></Placemark><Placemark><name>CT028</name><styleUrl>#style_pontos</styleUrl><Point><coordinates>-35.742421,-9.662401,0</coordinates></Point></Placemark><Placemark><name>CT029</name><styleUrl>#style_pontos</styleUrl><Point><coordinates>-35.741966,-9.666697,0</coordinates></Point></Placemark><Placemark><name>CT030</name><styleUrl>#style_pontos</styleUrl><Point><coordinates>-35.743293,-9.666777,0</coordinates></Point></Placemark><Placemark><name>CT031</name><styleUrl>#style_pontos</styleUrl><Point><coordinates>-35.740617,-9.668268,0</coordinates></Point></Placemark><Placemark><name>CT032</name><styleUrl>#style_pontos</styleUrl><Point><coordinates>-35.738379,-9.667738,0</coordinates></Point></Placemark><Placemark><name>CT033</name><styleUrl>#style_pontos</styleUrl><Point><coordinates>-35.73664,-9.667723,0</coordinates></Point></Placemark><Placemark><name>CT034</name><styleUrl>#style_pontos</styleUrl><Point><coordinates>-35.736499,-9.667912,0</coordinates></Point></Placemark><Placemark><name>CT035</name><styleUrl>#style_pontos</styleUrl><Point><coordinates>-35.73636,-9.668204,0</coordinates></Point></Placemark><Placemark><name>CT037</name><styleUrl>#style_pontos</styleUrl><Point><coordinates>-35.732294,-9.664201,0</coordinates></Point></Placemark><Placemark><name>CT038</name><styleUrl>#style_pontos</styleUrl><Point><coordinates>-35.72916,-9.661894,0</coordinates></Point></Placemark><Placemark><name>CT039</name><styleUrl>#style_pontos</styleUrl><Point><coordinates>-35.733828,-9.668221,0</coordinates></Point></Placemark><Placemark><name>CT040</name><styleUrl>#style_pontos</styleUrl><Point><coordinates>-35.733646,-9.666664,0</coordinates></Point></Placemark><Placemark><name>CT041</name><styleUrl>#style_pontos</styleUrl><Point><coordinates>-35.73177,-9.666912,0</coordinates></Point></Placemark><Placemark><name>CT042</name><styleUrl>#style_pontos</styleUrl><Point><coordinates>-35.730593,-9.666801,0</coordinates></Point></Placemark><Placemark><name>CT043</name><styleUrl>#style_pontos</styleUrl><Point><coordinates>-35.729776,-9.663453,0</coordinates></Point></Placemark><Placemark><name>CT044</name><styleUrl>#style_pontos</styleUrl><Point><coordinates>-35.729714,-9.666118,0</coordinates></Point></Placemark><Placemark><name>CT045</name><styleUrl>#style_pontos</styleUrl><Point><coordinates>-35.72997,-9.667924,0</coordinates></Point></Placemark><Placemark><name>CT046</name><styleUrl>#style_pontos</styleUrl><Point><coordinates>-35.732547,-9.669789,0</coordinates></Point></Placemark><Placemark><name>CT047</name><styleUrl>#style_pontos</styleUrl><Point><coordinates>-35.737503,-9.670083,0</coordinates></Point></Placemark><Placemark><name>CT048</name><styleUrl>#style_pontos</styleUrl><Point><coordinates>-35.740947,-9.666895,0</coordinates></Point></Placemark><Placemark><name>CT049</name><styleUrl>#style_pontos</styleUrl><Point><coordinates>-35.742356,-9.66894,0</coordinates></Point></Placemark><Placemark><name>LV001</name><styleUrl>#style_pontos</styleUrl><Point><coordinates>-35.740384,-9.656006,0</coordinates></Point></Placemark><Placemark><name>LV002</name><styleUrl>#style_pontos</styleUrl><Point><coordinates>-35.742449,-9.66021,0</coordinates></Point></Placemark><Placemark><name>LV003</name><styleUrl>#style_pontos</styleUrl><Point><coordinates>-35.744071,-9.663829,0</coordinates></Point></Placemark><Placemark><name>LV004</name><styleUrl>#style_pontos</styleUrl><Point><coordinates>-35.744172,-9.663821,0</coordinates></Point></Placemark><Placemark><name>LV005</name><styleUrl>#style_pontos</styleUrl><Point><coordinates>-35.744522,-9.664383,0</coordinates></Point></Placemark><Placemark><name>LV006</name><styleUrl>#style_pontos</styleUrl><Point><coordinates>-35.747435,-9.662258,0</coordinates></Point></Placemark><Placemark><name>LV007</name><styleUrl>#style_pontos</styleUrl><Point><coordinates>-35.746907,-9.664864,0</coordinates></Point></Placemark><Placemark><name>LV008</name><styleUrl>#style_pontos</styleUrl><Point><coordinates>-35.746862,-9.664197,0</coordinates></Point></Placemark><Placemark><name>LV009</name><styleUrl>#style_pontos</styleUrl><Point><coordinates>-35.745434,-9.662215,0</coordinates></Point></Placemark><Placemark><name>LV010</name><styleUrl>#style_pontos</styleUrl><Point><coordinates>-35.748921,-9.65599,0</coordinates></Point></Placemark><Placemark><name>LV011</name><styleUrl>#style_pontos</styleUrl><Point><coordinates>-35.746705,-9.657505,0</coordinates></Point></Placemark><Placemark><name>LV012</name><styleUrl>#style_pontos</styleUrl><Point><coordinates>-35.746815,-9.657482,0</coordinates></Point></Placemark><Placemark><name>PG001</name><styleUrl>#style_pontos</styleUrl><Point><coordinates>-35.750079,-9.660822,0</coordinates></Point></Placemark><Placemark><name>PG002</name><styleUrl>#style_pontos</styleUrl><Point><coordinates>-35.751949,-9.658841,0</coordinates></Point></Placemark><Placemark><name>PG003</name><styleUrl>#style_pontos</styleUrl><Point><coordinates>-35.751034,-9.660373,0</coordinates></Point></Placemark><Placemark><name>PG004</name><styleUrl>#style_pontos</styleUrl><Point><coordinates>-35.753553,-9.658851,0</coordinates></Point></Placemark><Placemark><name>PG005</name><styleUrl>#style_pontos</styleUrl><Point><coordinates>-35.753439,-9.659019,0</coordinates></Point></Placemark><Placemark><name>PG006</name><styleUrl>#style_pontos</styleUrl><Point><coordinates>-35.754552,-9.658736,0</coordinates></Point></Placemark><Placemark><name>PG007</name><styleUrl>#style_pontos</styleUrl><Point><coordinates>-35.751879,-9.660858,0</coordinates></Point></Placemark><Placemark><name>PG008</name><styleUrl>#style_pontos</styleUrl><Point><coordinates>-35.754252,-9.661218,0</coordinates></Point></Placemark><Placemark><name>PG009</name><styleUrl>#style_pontos</styleUrl><Point><coordinates>-35.754305,-9.661327,0</coordinates></Point></Placemark><Placemark><name>PG010</name><styleUrl>#style_pontos</styleUrl><Point><coordinates>-35.749622,-9.663317,0</coordinates></Point></Placemark><Placemark><name>PG011</name><styleUrl>#style_pontos</styleUrl><Point><coordinates>-35.751439,-9.664569,0</coordinates></Point></Placemark><Placemark><name>PG012</name><styleUrl>#style_pontos</styleUrl><Point><coordinates>-35.753566,-9.66438,0</coordinates></Point></Placemark><Placemark><name>PG013</name><styleUrl>#style_pontos</styleUrl><Point><coordinates>-35.757403,-9.664156,0</coordinates></Point></Placemark><Placemark><name>PG014</name><styleUrl>#style_pontos</styleUrl><Point><coordinates>-35.757496,-9.662886,0</coordinates></Point></Placemark><Placemark><name>PG015</name><styleUrl>#style_pontos</styleUrl><Point><coordinates>-35.755958,-9.660577,0</coordinates></Point></Placemark><Placemark><name>PG016</name><styleUrl>#style_pontos</styleUrl><Point><coordinates>-35.765986,-9.658306,0</coordinates></Point></Placemark><Placemark><name>PG017</name><styleUrl>#style_pontos</styleUrl><Point><coordinates>-35.756758,-9.661513,0</coordinates></Point></Placemark><Placemark><name>PG018</name><styleUrl>#style_pontos</styleUrl><Point><coordinates>-35.757712,-9.663933,0</coordinates></Point></Placemark><Placemark><name>PG019</name><styleUrl>#style_pontos</styleUrl><Point><coordinates>-35.757717,-9.659622,0</coordinates></Point></Placemark><Placemark><name>PG020</name><styleUrl>#style_pontos</styleUrl><Point><coordinates>-35.758245,-9.660815,0</coordinates></Point></Placemark><Placemark><name>PG021</name><styleUrl>#style_pontos</styleUrl><Point><coordinates>-35.758382,-9.66142,0</coordinates></Point></Placemark><Placemark><name>PG022</name><styleUrl>#style_pontos</styleUrl><Point><coordinates>-35.76165,-9.660556,0</coordinates></Point></Placemark><Placemark><name>PG023</name><styleUrl>#style_pontos</styleUrl><Point><coordinates>-35.761588,-9.661047,0</coordinates></Point></Placemark><Placemark><name>PG024</name><styleUrl>#style_pontos</styleUrl><Point><coordinates>-35.761404,-9.662957,0</coordinates></Point></Placemark><Placemark><name>PG025</name><styleUrl>#style_pontos</styleUrl><Point><coordinates>-35.761355,-9.6632,0</coordinates></Point></Placemark><Placemark><name>PG026</name><styleUrl>#style_pontos</styleUrl><Point><coordinates>-35.750485,-9.656317,0</coordinates></Point></Placemark><Placemark><name>PG027</name><styleUrl>#style_pontos</styleUrl><Point><coordinates>-35.757744,-9.665618,0</coordinates></Point></Placemark><Placemark><name>PB001</name><styleUrl>#style_pontos</styleUrl><Point><coordinates>-35.760126,-9.680677,0</coordinates></Point></Placemark><Placemark><name>PB002</name><styleUrl>#style_pontos</styleUrl><Point><coordinates>-35.76333,-9.683525,0</coordinates></Point></Placemark><Placemark><name>PB003</name><styleUrl>#style_pontos</styleUrl><Point><coordinates>-35.767995,-9.68796,0</coordinates></Point></Placemark><Placemark><name>PB004</name><styleUrl>#style_pontos</styleUrl><Point><coordinates>-35.773574,-9.69127,0</coordinates></Point></Placemark><Placemark><name>PB005</name><styleUrl>#style_pontos</styleUrl><Point><coordinates>-35.777721,-9.692453,0</coordinates></Point></Placemark><Placemark><name>PB006</name><styleUrl>#style_pontos</styleUrl><Point><coordinates>-35.778815,-9.694875,0</coordinates></Point></Placemark><Placemark><name>PB007</name><styleUrl>#style_pontos</styleUrl><Point><coordinates>-35.777759,-9.696071,0</coordinates></Point></Placemark><Placemark><name>PB008</name><styleUrl>#style_pontos</styleUrl><Point><coordinates>-35.773957,-9.693991,0</coordinates></Point></Placemark><Placemark><name>PB009</name><styleUrl>#style_pontos</styleUrl><Point><coordinates>-35.771929,-9.692038,0</coordinates></Point></Placemark><Placemark><name>PB010</name><styleUrl>#style_pontos</styleUrl><Point><coordinates>-35.770871,-9.691025,0</coordinates></Point></Placemark><Placemark><name>PB011</name><styleUrl>#style_pontos</styleUrl><Point><coordinates>-35.768715,-9.688856,0</coordinates></Point></Placemark><Placemark><name>PB012</name><styleUrl>#style_pontos</styleUrl><Point><coordinates>-35.760116,-9.680947,0</coordinates></Point></Placemark><Placemark><name>PB013</name><styleUrl>#style_pontos</styleUrl><Point><coordinates>-35.775443,-9.690821,0</coordinates></Point></Placemark><Placemark><name>PD001</name><styleUrl>#style_pontos</styleUrl><Point><coordinates>-35.743434,-9.66591,0</coordinates></Point></Placemark><Placemark><name>PD002</name><styleUrl>#style_pontos</styleUrl><Point><coordinates>-35.744017,-9.668121,0</coordinates></Point></Placemark><Placemark><name>PD003</name><styleUrl>#style_pontos</styleUrl><Point><coordinates>-35.744856,-9.667869,0</coordinates></Point></Placemark><Placemark><name>PD004</name><styleUrl>#style_pontos</styleUrl><Point><coordinates>-35.747446,-9.668681,0</coordinates></Point></Placemark><Placemark><name>PD005</name><styleUrl>#style_pontos</styleUrl><Point><coordinates>-35.747683,-9.668656,0</coordinates></Point></Placemark><Placemark><name>PD006</name><styleUrl>#style_pontos</styleUrl><Point><coordinates>-35.750288,-9.669508,0</coordinates></Point></Placemark><Placemark><name>PD007</name><styleUrl>#style_pontos</styleUrl><Point><coordinates>-35.752642,-9.670249,0</coordinates></Point></Placemark><Placemark><name>PD008</name><styleUrl>#style_pontos</styleUrl><Point><coordinates>-35.754106,-9.670506,0</coordinates></Point></Placemark><Placemark><name>PD009</name><styleUrl>#style_pontos</styleUrl><Point><coordinates>-35.754637,-9.67084,0</coordinates></Point></Placemark><Placemark><name>PD010</name><styleUrl>#style_pontos</styleUrl><Point><coordinates>-35.7475,-9.66699,0</coordinates></Point></Placemark><Placemark><name>PD011</name><styleUrl>#style_pontos</styleUrl><Point><coordinates>-35.744996,-9.664964,0</coordinates></Point></Placemark><Placemark><name>PD012</name><styleUrl>#style_pontos</styleUrl><Point><coordinates>-35.747453,-9.664895,0</coordinates></Point></Placemark><Placemark><name>PD013</name><styleUrl>#style_pontos</styleUrl><Point><coordinates>-35.751323,-9.664619,0</coordinates></Point></Placemark><Placemark><name>PD014</name><styleUrl>#style_pontos</styleUrl><Point><coordinates>-35.753882,-9.664458,0</coordinates></Point></Placemark><Placemark><name>PD015</name><styleUrl>#style_pontos</styleUrl><Point><coordinates>-35.757017,-9.664211,0</coordinates></Point></Placemark><Placemark><name>PD016</name><styleUrl>#style_pontos</styleUrl><Point><coordinates>-35.750783,-9.665789,0</coordinates></Point></Placemark><Placemark><name>PD017</name><styleUrl>#style_pontos</styleUrl><Point><coordinates>-35.749999,-9.668989,0</coordinates></Point></Placemark><Placemark><name>PD018</name><styleUrl>#style_pontos</styleUrl><Point><coordinates>-35.753777,-9.675187,0</coordinates></Point></Placemark><Placemark><name>PD019</name><styleUrl>#style_pontos</styleUrl><Point><coordinates>-35.753847,-9.675196,0</coordinates></Point></Placemark><Placemark><name>TR003</name><styleUrl>#style_pontos</styleUrl><Point><coordinates>-35.762777,-9.673533,0</coordinates></Point></Placemark><Placemark><name>TR004</name><styleUrl>#style_pontos</styleUrl><Point><coordinates>-35.762898,-9.67322,0</coordinates></Point></Placemark><Placemark><name>TR005</name><styleUrl>#style_pontos</styleUrl><Point><coordinates>-35.761556,-9.672702,0</coordinates></Point></Placemark><Placemark><name>TR006</name><styleUrl>#style_pontos</styleUrl><Point><coordinates>-35.761018,-9.672739,0</coordinates></Point></Placemark><Placemark><name>TR007</name><styleUrl>#style_pontos</styleUrl><Point><coordinates>-35.758758,-9.671863,0</coordinates></Point></Placemark><Placemark><name>TR008</name><styleUrl>#style_pontos</styleUrl><Point><coordinates>-35.757499,-9.671692,0</coordinates></Point></Placemark><Placemark><name>TR009</name><styleUrl>#style_pontos</styleUrl><Point><coordinates>-35.75629,-9.671149,0</coordinates></Point></Placemark><Placemark><name>TR010</name><styleUrl>#style_pontos</styleUrl><Point><coordinates>-35.757802,-9.665347,0</coordinates></Point></Placemark><Placemark><name>TR011</name><styleUrl>#style_pontos</styleUrl><Point><coordinates>-35.757793,-9.667388,0</coordinates></Point></Placemark><Placemark><name>TR012</name><styleUrl>#style_pontos</styleUrl><Point><coordinates>-35.757258,-9.669899,0</coordinates></Point></Placemark><Placemark><name>TR013</name><styleUrl>#style_pontos</styleUrl><Point><coordinates>-35.765031,-9.672291,0</coordinates></Point></Placemark><Placemark><name>TR014</name><styleUrl>#style_pontos</styleUrl><Point><coordinates>-35.764574,-9.669701,0</coordinates></Point></Placemark><Placemark><name>TR015</name><styleUrl>#style_pontos</styleUrl><Point><coordinates>-35.764312,-9.667887,0</coordinates></Point></Placemark><Placemark><name>TR016</name><styleUrl>#style_pontos</styleUrl><Point><coordinates>-35.764312,-9.667887,0</coordinates></Point></Placemark><Placemark><name>TR017</name><styleUrl>#style_pontos</styleUrl><Point><coordinates>-35.764177,-9.673526,0</coordinates></Point></Placemark><Placemark><name>TR018</name><styleUrl>#style_pontos</styleUrl><Point><coordinates>-35.763533,-9.673687,0</coordinates></Point></Placemark><Placemark><name>TR019</name><styleUrl>#style_pontos</styleUrl><Point><coordinates>-35.765145,-9.670918,0</coordinates></Point></Placemark><Placemark><name>TR020</name><styleUrl>#style_pontos</styleUrl><Point><coordinates>-35.764741,-9.668517,0</coordinates></Point></Placemark><Placemark><name>TR021</name><styleUrl>#style_pontos</styleUrl><Point><coordinates>-35.764449,-9.664164,0</coordinates></Point></Placemark><Placemark><name>TR022</name><styleUrl>#style_pontos</styleUrl><Point><coordinates>-35.760534,-9.672028,0</coordinates></Point></Placemark><Placemark><name>TR023</name><styleUrl>#style_pontos</styleUrl><Point><coordinates>-35.758221,-9.669272,0</coordinates></Point></Placemark><Placemark><name>TR024</name><styleUrl>#style_pontos</styleUrl><Point><coordinates>-35.760472,-9.669901,0</coordinates></Point></Placemark><Placemark><name>TR025</name><styleUrl>#style_pontos</styleUrl><Point><coordinates>-35.755513,-9.677643,0</coordinates></Point></Placemark><Placemark><name>TR027</name><styleUrl>#style_pontos</styleUrl><Point><coordinates>-35.755553,-9.677419,0</coordinates></Point></Placemark><Placemark><name>TR028</name><styleUrl>#style_pontos</styleUrl><Point><coordinates>-35.755765,-9.675417,0</coordinates></Point></Placemark><Placemark><name>TR029</name><styleUrl>#style_pontos</styleUrl><Point><coordinates>-35.756278,-9.675498,0</coordinates></Point></Placemark><Placemark><name>TR030</name><styleUrl>#style_pontos</styleUrl><Point><coordinates>-35.758851,-9.676289,0</coordinates></Point></Placemark><Placemark><name>TR031</name><styleUrl>#style_pontos</styleUrl><Point><coordinates>-35.758864,-9.676275,0</coordinates></Point></Placemark><Placemark><name>TR032</name><styleUrl>#style_pontos</styleUrl><Point><coordinates>-35.76414,-9.673656,0</coordinates></Point></Placemark><Placemark><name>TR033</name><styleUrl>#style_pontos</styleUrl><Point><coordinates>-35.7640124,-9.6659048,0</coordinates></Point></Placemark><Placemark><name>TR034</name><styleUrl>#style_pontos</styleUrl><Point><coordinates>-35.7570418,-9.6705146,0</coordinates></Point></Placemark><Placemark><name>TR035</name><styleUrl>#style_pontos</styleUrl><Point><coordinates>-35.7576013,-9.6682088,0</coordinates></Point></Placemark><Placemark><name>VL001</name><styleUrl>#style_pontos</styleUrl><Point><coordinates>-35.758386,-9.654322,0</coordinates></Point></Placemark><Placemark><name>VL002</name><styleUrl>#style_pontos</styleUrl><Point><coordinates>-35.758189,-9.654271,0</coordinates></Point></Placemark><Placemark><name>VL003</name><styleUrl>#style_pontos</styleUrl><Point><coordinates>-35.756721,-9.656112,0</coordinates></Point></Placemark><Placemark><name>VL005</name><styleUrl>#style_pontos</styleUrl><Point><coordinates>-35.75539,-9.657521,0</coordinates></Point></Placemark><Placemark><name>VL006</name><styleUrl>#style_pontos</styleUrl><Point><coordinates>-35.75741,-9.653673,0</coordinates></Point></Placemark><Placemark><name>VL007</name><styleUrl>#style_pontos</styleUrl><Point><coordinates>-35.755472,-9.654062,0</coordinates></Point></Placemark><Placemark><name>VL008</name><styleUrl>#style_pontos</styleUrl><Point><coordinates>-35.754478,-9.656687,0</coordinates></Point></Placemark><Placemark><name>VL009</name><styleUrl>#style_pontos</styleUrl><Point><coordinates>-35.754797,-9.658887,0</coordinates></Point></Placemark><Placemark><name>VL010</name><styleUrl>#style_pontos</styleUrl><Point><coordinates>-35.757689,-9.659522,0</coordinates></Point></Placemark><Placemark><name>VL011</name><styleUrl>#style_pontos</styleUrl><Point><coordinates>-35.761099,-9.657562,0</coordinates></Point></Placemark><Placemark><name>VL012</name><styleUrl>#style_pontos</styleUrl><Point><coordinates>-35.760674,-9.658237,0</coordinates></Point></Placemark><Placemark><name>VL013</name><styleUrl>#style_pontos</styleUrl><Point><coordinates>-35.764986,-9.655928,0</coordinates></Point></Placemark><Placemark><name>VL014</name><styleUrl>#style_pontos</styleUrl><Point><coordinates>-35.764225,-9.656178,0</coordinates></Point></Placemark><Placemark><name>VL016</name><styleUrl>#style_pontos</styleUrl><Point><coordinates>-35.76463,-9.65412,0</coordinates></Point></Placemark><Placemark><name>VL018</name><styleUrl>#style_pontos</styleUrl><Point><coordinates>-35.755262,-9.65792,0</coordinates></Point></Placemark><Placemark><name>VL020</name><styleUrl>#style_pontos</styleUrl><Point><coordinates>-35.752927,-9.654556,0</coordinates></Point></Placemark><Placemark><name>VL021</name><styleUrl>#style_pontos</styleUrl><Point><coordinates>-35.76096,-9.650453,0</coordinates></Point></Placemark><Placemark><name>VL022</name><styleUrl>#style_pontos</styleUrl><Point><coordinates>-35.753668,-9.65345,0</coordinates></Point></Placemark><Placemark><name>VL023</name><styleUrl>#style_pontos</styleUrl><Point><coordinates>-35.763491,-9.653118,0</coordinates></Point></Placemark><Placemark><name>VL024</name><styleUrl>#style_pontos</styleUrl><Point><coordinates>-35.755143,-9.650205,0</coordinates></Point></Placemark><Placemark><name>VL025</name><styleUrl>#style_pontos</styleUrl><Point><coordinates>-35.7625885070476,-9.65684741345492,0</coordinates></Point></Placemark><Placemark><name>VL026</name><styleUrl>#style_pontos</styleUrl><Point><coordinates>-35.762814,-9.656833,0</coordinates></Point></Placemark><Placemark><name>Cﾃ�001</name><styleUrl>#style_pontos</styleUrl><Point><coordinates>-35.738015,-9.60516,0</coordinates></Point></Placemark><Placemark><name>Cﾃ�002</name><styleUrl>#style_pontos</styleUrl><Point><coordinates>-35.735392,-9.604965,0</coordinates></Point></Placemark><Placemark><name>Cﾃ�003</name><styleUrl>#style_pontos</styleUrl><Point><coordinates>-35.738442,-9.608373,0</coordinates></Point></Placemark><Placemark><name>Cﾃ�004</name><styleUrl>#style_pontos</styleUrl><Point><coordinates>-35.739588,-9.606392,0</coordinates></Point></Placemark><Placemark><name>Cﾃ�005</name><styleUrl>#style_pontos</styleUrl><Point><coordinates>-35.73608,-9.603443,0</coordinates></Point></Placemark><Placemark><name>Cﾃ�006</name><styleUrl>#style_pontos</styleUrl><Point><coordinates>-35.737752,-9.604835,0</coordinates></Point></Placemark><Placemark><name>Cﾃ�007</name><styleUrl>#style_pontos</styleUrl><Point><coordinates>-35.73477,-9.604583,0</coordinates></Point></Placemark><Placemark><name>Cﾃ�008</name><styleUrl>#style_pontos</styleUrl><Point><coordinates>-35.737327,-9.607673,0</coordinates></Point></Placemark><Placemark><name>Cﾃ�009</name><styleUrl>#style_pontos</styleUrl><Point><coordinates>-35.73613,-9.60357,0</coordinates></Point></Placemark><Placemark><name>Cﾃ�010</name><styleUrl>#style_pontos</styleUrl><Point><coordinates>-35.734928,-9.603075,0</coordinates></Point></Placemark><Placemark><name>Cﾃ�011</name><styleUrl>#style_pontos</styleUrl><Point><coordinates>-35.734973,-9.6030125,0</coordinates></Point></Placemark><Placemark><name>GL001</name><styleUrl>#style_pontos</styleUrl><Point><coordinates>-35.729867,-9.625035,0</coordinates></Point></Placemark><Placemark><name>GL002</name><styleUrl>#style_pontos</styleUrl><Point><coordinates>-35.730343,-9.625327,0</coordinates></Point></Placemark><Placemark><name>GL003</name><styleUrl>#style_pontos</styleUrl><Point><coordinates>-35.730128,-9.623628,0</coordinates></Point></Placemark><Placemark><name>GL004</name><styleUrl>#style_pontos</styleUrl><Point><coordinates>-35.731557,-9.625745,0</coordinates></Point></Placemark><Placemark><name>GL005</name><styleUrl>#style_pontos</styleUrl><Point><coordinates>-35.734672,-9.614742,0</coordinates></Point></Placemark><Placemark><name>GL006</name><styleUrl>#style_pontos</styleUrl><Point><coordinates>-35.737715,-9.608145,0</coordinates></Point></Placemark><Placemark><name>GL007</name><styleUrl>#style_pontos</styleUrl><Point><coordinates>-35.73667,-9.616223,0</coordinates></Point></Placemark><Placemark><name>GL008</name><styleUrl>#style_pontos</styleUrl><Point><coordinates>-35.736552,-9.627855,0</coordinates></Point></Placemark><Placemark><name>GL009</name><styleUrl>#style_pontos</styleUrl><Point><coordinates>-35.735183,-9.627373,0</coordinates></Point></Placemark><Placemark><name>GL010</name><styleUrl>#style_pontos</styleUrl><Point><coordinates>-35.734705,-9.619587,0</coordinates></Point></Placemark><Placemark><name>GL011</name><styleUrl>#style_pontos</styleUrl><Point><coordinates>-35.738643,-9.618782,0</coordinates></Point></Placemark><Placemark><name>GL012</name><styleUrl>#style_pontos</styleUrl><Point><coordinates>-35.73755,-9.61969,0</coordinates></Point></Placemark><Placemark><name>GL013</name><styleUrl>#style_pontos</styleUrl><Point><coordinates>-35.731852,-9.625972,0</coordinates></Point></Placemark><Placemark><name>GL014</name><styleUrl>#style_pontos</styleUrl><Point><coordinates>-35.730195,-9.62332,0</coordinates></Point></Placemark><Placemark><name>GL015</name><styleUrl>#style_pontos</styleUrl><Point><coordinates>-35.735205,-9.622692,0</coordinates></Point></Placemark><Placemark><name>GL016</name><styleUrl>#style_pontos</styleUrl><Point><coordinates>-35.739877,-9.614898,0</coordinates></Point></Placemark><Placemark><name>GL017</name><styleUrl>#style_pontos</styleUrl><Point><coordinates>-35.737582,-9.626752,0</coordinates></Point></Placemark><Placemark><name>GL018</name><styleUrl>#style_pontos</styleUrl><Point><coordinates>-35.735395,-9.606175,0</coordinates></Point></Placemark><Placemark><name>GL019</name><styleUrl>#style_pontos</styleUrl><Point><coordinates>-35.735135,-9.614898,0</coordinates></Point></Placemark><Placemark><name>GL020</name><styleUrl>#style_pontos</styleUrl><Point><coordinates>-35.734497,-9.605303,0</coordinates></Point></Placemark><Placemark><name>GL021</name><styleUrl>#style_pontos</styleUrl><Point><coordinates>-35.739318,-9.619328,0</coordinates></Point></Placemark><Placemark><name>GL022</name><styleUrl>#style_pontos</styleUrl><Point><coordinates>-35.73956,-9.614628,0</coordinates></Point></Placemark><Placemark><name>GL023</name><styleUrl>#style_pontos</styleUrl><Point><coordinates>-35.735402,-9.606058,0</coordinates></Point></Placemark><Placemark><name>GL024</name><styleUrl>#style_pontos</styleUrl><Point><coordinates>-35.738892,-9.620225,0</coordinates></Point></Placemark><Placemark><name>GL025</name><styleUrl>#style_pontos</styleUrl><Point><coordinates>-35.73832,-9.624778,0</coordinates></Point></Placemark><Placemark><name>GL026</name><styleUrl>#style_pontos</styleUrl><Point><coordinates>-35.737735,-9.627708,0</coordinates></Point></Placemark><Placemark><name>GL027</name><styleUrl>#style_pontos</styleUrl><Point><coordinates>-35.738277,-9.626524,0</coordinates></Point></Placemark><Placemark><name>GL028</name><styleUrl>#style_pontos</styleUrl><Point><coordinates>-35.736729,-9.629621,0</coordinates></Point></Placemark><Placemark><name>GL029</name><styleUrl>#style_pontos</styleUrl><Point><coordinates>-35.737867,-9.617356,0</coordinates></Point></Placemark><Placemark><name>GL030</name><styleUrl>#style_pontos</styleUrl><Point><coordinates>-35.73285,-9.622651,0</coordinates></Point></Placemark><Placemark><name>GL031</name><styleUrl>#style_pontos</styleUrl><Point><coordinates>-35.734894,-9.621052,0</coordinates></Point></Placemark><Placemark><name>GL032</name><styleUrl>#style_pontos</styleUrl><Point><coordinates>-35.735607,-9.618195,0</coordinates></Point></Placemark><Placemark><name>GL033</name><styleUrl>#style_pontos</styleUrl><Point><coordinates>-35.73726,-9.6156,0</coordinates></Point></Placemark><Placemark><name>GL034</name><styleUrl>#style_pontos</styleUrl><Point><coordinates>-35.73335,-9.622673,0</coordinates></Point></Placemark><Placemark><name>JP001</name><styleUrl>#style_pontos</styleUrl><Point><coordinates>-35.745486,-9.603473,0</coordinates></Point></Placemark><Placemark><name>JP002</name><styleUrl>#style_pontos</styleUrl><Point><coordinates>-35.748364,-9.601074,0</coordinates></Point></Placemark><Placemark><name>JP003</name><styleUrl>#style_pontos</styleUrl><Point><coordinates>-35.752477,-9.594592,0</coordinates></Point></Placemark><Placemark><name>JP004</name><styleUrl>#style_pontos</styleUrl><Point><coordinates>-35.754896,-9.593153,0</coordinates></Point></Placemark><Placemark><name>JP005</name><styleUrl>#style_pontos</styleUrl><Point><coordinates>-35.75122,-9.595518,0</coordinates></Point></Placemark><Placemark><name>JP006</name><styleUrl>#style_pontos</styleUrl><Point><coordinates>-35.751131,-9.595419,0</coordinates></Point></Placemark><Placemark><name>JP007</name><styleUrl>#style_pontos</styleUrl><Point><coordinates>-35.748866,-9.594355,0</coordinates></Point></Placemark><Placemark><name>JP008</name><styleUrl>#style_pontos</styleUrl><Point><coordinates>-35.7489,-9.594321,0</coordinates></Point></Placemark><Placemark><name>JP009</name><styleUrl>#style_pontos</styleUrl><Point><coordinates>-35.744007,-9.589592,0</coordinates></Point></Placemark><Placemark><name>JP010</name><styleUrl>#style_pontos</styleUrl><Point><coordinates>-35.74304,-9.604506,0</coordinates></Point></Placemark><Placemark><name>OU001</name><styleUrl>#style_pontos</styleUrl><Point><coordinates>-35.72984,-9.607545,0</coordinates></Point></Placemark><Placemark><name>OU002</name><styleUrl>#style_pontos</styleUrl><Point><coordinates>-35.730807,-9.603018,0</coordinates></Point></Placemark><Placemark><name>OU003</name><styleUrl>#style_pontos</styleUrl><Point><coordinates>-35.730843,-9.602503,0</coordinates></Point></Placemark><Placemark><name>OU004</name><styleUrl>#style_pontos</styleUrl><Point><coordinates>-35.730098,-9.610007,0</coordinates></Point></Placemark><Placemark><name>OU005</name><styleUrl>#style_pontos</styleUrl><Point><coordinates>-35.729697,-9.605572,0</coordinates></Point></Placemark><Placemark><name>OU006</name><styleUrl>#style_pontos</styleUrl><Point><coordinates>-35.730085,-9.604028,0</coordinates></Point></Placemark><Placemark><name>OU007</name><styleUrl>#style_pontos</styleUrl><Point><coordinates>-35.730138,-9.609818,0</coordinates></Point></Placemark><Placemark><name>OU008</name><styleUrl>#style_pontos</styleUrl><Point><coordinates>-35.729708,-9.605127,0</coordinates></Point></Placemark><Placemark><name>OU009</name><styleUrl>#style_pontos</styleUrl><Point><coordinates>-35.729898,-9.60722,0</coordinates></Point></Placemark><Placemark><name>OU010</name><styleUrl>#style_pontos</styleUrl><Point><coordinates>-35.729265,-9.600528,0</coordinates></Point></Placemark><Placemark><name>OU011</name><styleUrl>#style_pontos</styleUrl><Point><coordinates>-35.7301,-9.602113,0</coordinates></Point></Placemark><Placemark><name>OU012</name><styleUrl>#style_pontos</styleUrl><Point><coordinates>-35.730878,-9.600897,0</coordinates></Point></Placemark><Placemark><name>OU013</name><styleUrl>#style_pontos</styleUrl><Point><coordinates>-35.732262,-9.60349,0</coordinates></Point></Placemark><Placemark><name>OU014</name><styleUrl>#style_pontos</styleUrl><Point><coordinates>-35.729997,-9.602155,0</coordinates></Point></Placemark><Placemark><name>OU015</name><styleUrl>#style_pontos</styleUrl><Point><coordinates>-35.732188,-9.603292,0</coordinates></Point></Placemark><Placemark><name>OU016</name><styleUrl>#style_pontos</styleUrl><Point><coordinates>-35.730475,-9.603602,0</coordinates></Point></Placemark><Placemark><name>OU017</name><styleUrl>#style_pontos</styleUrl><Point><coordinates>-35.7317,-9.6019,0</coordinates></Point></Placemark><Placemark><name>PI001</name><styleUrl>#style_pontos</styleUrl><Point><coordinates>-35.735545,-9.639044,0</coordinates></Point></Placemark><Placemark><name>PI002</name><styleUrl>#style_pontos</styleUrl><Point><coordinates>-35.736649,-9.633282,0</coordinates></Point></Placemark><Placemark><name>PI003</name><styleUrl>#style_pontos</styleUrl><Point><coordinates>-35.731315,-9.638953,0</coordinates></Point></Placemark><Placemark><name>PI004</name><styleUrl>#style_pontos</styleUrl><Point><coordinates>-35.729809,-9.637581,0</coordinates></Point></Placemark><Placemark><name>PI005</name><styleUrl>#style_pontos</styleUrl><Point><coordinates>-35.730065,-9.635982,0</coordinates></Point></Placemark><Placemark><name>PI006</name><styleUrl>#style_pontos</styleUrl><Point><coordinates>-35.731454,-9.636509,0</coordinates></Point></Placemark><Placemark><name>PI007</name><styleUrl>#style_pontos</styleUrl><Point><coordinates>-35.732612,-9.637028,0</coordinates></Point></Placemark><Placemark><name>PI008</name><styleUrl>#style_pontos</styleUrl><Point><coordinates>-35.733286,-9.636305,0</coordinates></Point></Placemark><Placemark><name>SA001</name><styleUrl>#style_pontos</styleUrl><Point><coordinates>-35.740703,-9.607771,0</coordinates></Point></Placemark><Placemark><name>SA002</name><styleUrl>#style_pontos</styleUrl><Point><coordinates>-35.740355,-9.609895,0</coordinates></Point></Placemark><Placemark><name>PH001</name><styleUrl>#style_pontos</styleUrl><Point><coordinates>-35.740437,-9.632646,0</coordinates></Point></Placemark><Placemark><name>PH002</name><styleUrl>#style_pontos</styleUrl><Point><coordinates>-35.741238,-9.633,0</coordinates></Point></Placemark><Placemark><name>PH003</name><styleUrl>#style_pontos</styleUrl><Point><coordinates>-35.740565,-9.639211,0</coordinates></Point></Placemark><Placemark><name>PH004</name><styleUrl>#style_pontos</styleUrl><Point><coordinates>-35.744596,-9.624928,0</coordinates></Point></Placemark><Placemark><name>PH005</name><styleUrl>#style_pontos</styleUrl><Point><coordinates>-35.740024,-9.632094,0</coordinates></Point></Placemark><Placemark><name>PH006</name><styleUrl>#style_pontos</styleUrl><Point><coordinates>-35.741023,-9.629875,0</coordinates></Point></Placemark><Placemark><name>PH007</name><styleUrl>#style_pontos</styleUrl><Point><coordinates>-35.741938,-9.62813,0</coordinates></Point></Placemark><Placemark><name>PH008</name><styleUrl>#style_pontos</styleUrl><Point><coordinates>-35.741047,-9.629754,0</coordinates></Point></Placemark><Placemark><name>PH009</name><styleUrl>#style_pontos</styleUrl><Point><coordinates>-35.744496,-9.624021,0</coordinates></Point></Placemark><Placemark><name>PH010</name><styleUrl>#style_pontos</styleUrl><Point><coordinates>-35.743174,-9.626594,0</coordinates></Point></Placemark><Placemark><name>PH011</name><styleUrl>#style_pontos</styleUrl><Point><coordinates>-35.736847,-9.633476,0</coordinates></Point></Placemark><Placemark><name>FA001</name><styleUrl>#style_pontos</styleUrl><Point><coordinates>-35.735873,-9.638577,0</coordinates></Point></Placemark><Placemark><name>FA002</name><styleUrl>#style_pontos</styleUrl><Point><coordinates>-35.735482,-9.640665,0</coordinates></Point></Placemark><Placemark><name>FA003</name><styleUrl>#style_pontos</styleUrl><Point><coordinates>-35.734381,-9.646214,0</coordinates></Point></Placemark><Placemark><name>FA004</name><styleUrl>#style_pontos</styleUrl><Point><coordinates>-35.733735,-9.64927,0</coordinates></Point></Placemark><Placemark><name>FA005</name><styleUrl>#style_pontos</styleUrl><Point><coordinates>-35.733829,-9.652719,0</coordinates></Point></Placemark><Placemark><name>FA006</name><styleUrl>#style_pontos</styleUrl><Point><coordinates>-35.735176,-9.65842,0</coordinates></Point></Placemark><Placemark><name>FA007</name><styleUrl>#style_pontos</styleUrl><Point><coordinates>-35.733572,-9.660065,0</coordinates></Point></Placemark><Placemark><name>FA008</name><styleUrl>#style_pontos</styleUrl><Point><coordinates>-35.735504,-9.661247,0</coordinates></Point></Placemark><Placemark><name>FA009</name><styleUrl>#style_pontos</styleUrl><Point><coordinates>-35.736214,-9.65868,0</coordinates></Point></Placemark><Placemark><name>FA010</name><styleUrl>#style_pontos</styleUrl><Point><coordinates>-35.733359,-9.657439,0</coordinates></Point></Placemark><Placemark><name>FA011</name><styleUrl>#style_pontos</styleUrl><Point><coordinates>-35.733191,-9.655418,0</coordinates></Point></Placemark><Placemark><name>FA012</name><styleUrl>#style_pontos</styleUrl><Point><coordinates>-35.733075,-9.652587,0</coordinates></Point></Placemark><Placemark><name>FA013</name><styleUrl>#style_pontos</styleUrl><Point><coordinates>-35.739274,-9.648778,0</coordinates></Point></Placemark><Placemark><name>FA014</name><styleUrl>#style_pontos</styleUrl><Point><coordinates>-35.739143,-9.650802,0</coordinates></Point></Placemark><Placemark><name>FA015</name><styleUrl>#style_pontos</styleUrl><Point><coordinates>-35.738196,-9.650387,0</coordinates></Point></Placemark><Placemark><name>FA016</name><styleUrl>#style_pontos</styleUrl><Point><coordinates>-35.738147,-9.648683,0</coordinates></Point></Placemark><Placemark><name>FA017</name><styleUrl>#style_pontos</styleUrl><Point><coordinates>-35.736804,-9.645326,0</coordinates></Point></Placemark><Placemark><name>FA019</name><styleUrl>#style_pontos</styleUrl><Point><coordinates>-35.731521,-9.648582,0</coordinates></Point></Placemark><Placemark><name>FA020</name><styleUrl>#style_pontos</styleUrl><Point><coordinates>-35.734489,-9.644284,0</coordinates></Point></Placemark><Placemark><name>FA021</name><styleUrl>#style_pontos</styleUrl><Point><coordinates>-35.73449,-9.644285,0</coordinates></Point></Placemark><Placemark><name>FA022</name><styleUrl>#style_pontos</styleUrl><Point><coordinates>-35.732106,-9.649347,0</coordinates></Point></Placemark><Placemark><name>FA023</name><styleUrl>#style_pontos</styleUrl><Point><coordinates>-35.733829,-9.647461,0</coordinates></Point></Placemark><Placemark><name>FA024</name><styleUrl>#style_pontos</styleUrl><Point><coordinates>-35.737243,-9.652787,0</coordinates></Point></Placemark><Placemark><name>JG001</name><styleUrl>#style_pontos</styleUrl><Point><coordinates>-35.725175,-9.667908,0</coordinates></Point></Placemark><Placemark><name>JG002</name><styleUrl>#style_pontos</styleUrl><Point><coordinates>-35.725093,-9.66995,0</coordinates></Point></Placemark><Placemark><name>JG003</name><styleUrl>#style_pontos</styleUrl><Point><coordinates>-35.726286,-9.668896,0</coordinates></Point></Placemark><Placemark><name>JG004</name><styleUrl>#style_pontos</styleUrl><Point><coordinates>-35.72696,-9.668649,0</coordinates></Point></Placemark><Placemark><name>JG005</name><styleUrl>#style_pontos</styleUrl><Point><coordinates>-35.728431,-9.667068,0</coordinates></Point></Placemark><Placemark><name>JG006</name><styleUrl>#style_pontos</styleUrl><Point><coordinates>-35.72758,-9.668947,0</coordinates></Point></Placemark><Placemark><name>JG007</name><styleUrl>#style_pontos</styleUrl><Point><coordinates>-35.726553,-9.669091,0</coordinates></Point></Placemark><Placemark><name>JG008</name><styleUrl>#style_pontos</styleUrl><Point><coordinates>-35.723383,-9.667302,0</coordinates></Point></Placemark><Placemark><name>JG009</name><styleUrl>#style_pontos</styleUrl><Point><coordinates>-35.72048,-9.668396,0</coordinates></Point></Placemark><Placemark><name>JG010</name><styleUrl>#style_pontos</styleUrl><Point><coordinates>-35.719905,-9.671088,0</coordinates></Point></Placemark><Placemark><name>JG011</name><styleUrl>#style_pontos</styleUrl><Point><coordinates>-35.72691,-9.671578,0</coordinates></Point></Placemark><Placemark><name>JG012</name><styleUrl>#style_pontos</styleUrl><Point><coordinates>-35.722108,-9.673257,0</coordinates></Point></Placemark><Placemark><name>JG013</name><styleUrl>#style_pontos</styleUrl><Point><coordinates>-35.728232,-9.670097,0</coordinates></Point></Placemark><Placemark><name>JG014</name><styleUrl>#style_pontos</styleUrl><Point><coordinates>-35.719708,-9.6738,0</coordinates></Point></Placemark><Placemark><name>JG015</name><styleUrl>#style_pontos</styleUrl><Point><coordinates>-35.722105,-9.6718,0</coordinates></Point></Placemark><Placemark><name>JT01</name><styleUrl>#style_pontos</styleUrl><Point><coordinates>-35.700293,-9.641518,0</coordinates></Point></Placemark><Placemark><name>JT02</name><styleUrl>#style_pontos</styleUrl><Point><coordinates>-35.702603,-9.640815,0</coordinates></Point></Placemark><Placemark><name>JT04</name><styleUrl>#style_pontos</styleUrl><Point><coordinates>-35.707525,-9.645019,0</coordinates></Point></Placemark><Placemark><name>JT05</name><styleUrl>#style_pontos</styleUrl><Point><coordinates>-35.703507,-9.645176,0</coordinates></Point></Placemark><Placemark><name>JT06</name><styleUrl>#style_pontos</styleUrl><Point><coordinates>-35.700295,-9.647758,0</coordinates></Point></Placemark><Placemark><name>JT07</name><styleUrl>#style_pontos</styleUrl><Point><coordinates>-35.699869,-9.646209,0</coordinates></Point></Placemark><Placemark><name>JT08</name><styleUrl>#style_pontos</styleUrl><Point><coordinates>-35.699746,-9.650346,0</coordinates></Point></Placemark><Placemark><name>JT09</name><styleUrl>#style_pontos</styleUrl><Point><coordinates>-35.698764,-9.654402,0</coordinates></Point></Placemark><Placemark><name>JT10</name><styleUrl>#style_pontos</styleUrl><Point><coordinates>-35.712075,-9.64684,0</coordinates></Point></Placemark><Placemark><name>JT11</name><styleUrl>#style_pontos</styleUrl><Point><coordinates>-35.714077,-9.649151,0</coordinates></Point></Placemark><Placemark><name>JT12</name><styleUrl>#style_pontos</styleUrl><Point><coordinates>-35.717088,-9.652099,0</coordinates></Point></Placemark><Placemark><name>JT13</name><styleUrl>#style_pontos</styleUrl><Point><coordinates>-35.71911,-9.654026,0</coordinates></Point></Placemark><Placemark><name>JT14</name><styleUrl>#style_pontos</styleUrl><Point><coordinates>-35.716586,-9.653341,0</coordinates></Point></Placemark><Placemark><name>JT15</name><styleUrl>#style_pontos</styleUrl><Point><coordinates>-35.714683,-9.653326,0</coordinates></Point></Placemark><Placemark><name>JT16</name><styleUrl>#style_pontos</styleUrl><Point><coordinates>-35.711577,-9.653267,0</coordinates></Point></Placemark><Placemark><name>JT17</name><styleUrl>#style_pontos</styleUrl><Point><coordinates>-35.707489,-9.653323,0</coordinates></Point></Placemark><Placemark><name>JT18</name><styleUrl>#style_pontos</styleUrl><Point><coordinates>-35.701376,-9.653331,0</coordinates></Point></Placemark><Placemark><name>JT19</name><styleUrl>#style_pontos</styleUrl><Point><coordinates>-35.711575,-9.65124,0</coordinates></Point></Placemark><Placemark><name>JT21</name><styleUrl>#style_pontos</styleUrl><Point><coordinates>-35.714185,-9.651104,0</coordinates></Point></Placemark><Placemark><name>JT22</name><styleUrl>#style_pontos</styleUrl><Point><coordinates>-35.709862,-9.651259,0</coordinates></Point></Placemark><Placemark><name>JT23</name><styleUrl>#style_pontos</styleUrl><Point><coordinates>-35.707498,-9.65128,0</coordinates></Point></Placemark><Placemark><name>JT24</name><styleUrl>#style_pontos</styleUrl><Point><coordinates>-35.706325,-9.651163,0</coordinates></Point></Placemark><Placemark><name>JT25</name><styleUrl>#style_pontos</styleUrl><Point><coordinates>-35.70401,-9.651287,0</coordinates></Point></Placemark><Placemark><name>JT26</name><styleUrl>#style_pontos</styleUrl><Point><coordinates>-35.701138,-9.651318,0</coordinates></Point></Placemark><Placemark><name>JT27</name><styleUrl>#style_pontos</styleUrl><Point><coordinates>-35.701785,-9.651122,0</coordinates></Point></Placemark><Placemark><name>JT028</name><styleUrl>#style_pontos</styleUrl><Point><coordinates>-35.71188,-9.651113,0</coordinates></Point></Placemark><Placemark><name>JT029</name><styleUrl>#style_pontos</styleUrl><Point><coordinates>-35.709444,-9.651126,0</coordinates></Point></Placemark><Placemark><name>JT030</name><styleUrl>#style_pontos</styleUrl><Point><coordinates>-35.701218,-9.643194,0</coordinates></Point></Placemark><Placemark><name>JT031</name><styleUrl>#style_pontos</styleUrl><Point><coordinates>-35.708847,-9.642633,0</coordinates></Point></Placemark><Placemark><name>JT032</name><styleUrl>#style_pontos</styleUrl><Point><coordinates>-35.699599,-9.650851,0</coordinates></Point></Placemark><Placemark><name>MA001</name><styleUrl>#style_pontos</styleUrl><Point><coordinates>-35.721376,-9.654407,0</coordinates></Point></Placemark><Placemark><name>MA002</name><styleUrl>#style_pontos</styleUrl><Point><coordinates>-35.719913,-9.652078,0</coordinates></Point></Placemark><Placemark><name>MA003</name><styleUrl>#style_pontos</styleUrl><Point><coordinates>-35.715097,-9.646877,0</coordinates></Point></Placemark><Placemark><name>MA004</name><styleUrl>#style_pontos</styleUrl><Point><coordinates>-35.711457,-9.643761,0</coordinates></Point></Placemark><Placemark><name>MA005</name><styleUrl>#style_pontos</styleUrl><Point><coordinates>-35.709544,-9.642007,0</coordinates></Point></Placemark><Placemark><name>MA006</name><styleUrl>#style_pontos</styleUrl><Point><coordinates>-35.708837,-9.64148,0</coordinates></Point></Placemark><Placemark><name>MA007</name><styleUrl>#style_pontos</styleUrl><Point><coordinates>-35.706685,-9.640102,0</coordinates></Point></Placemark><Placemark><name>MA008</name><styleUrl>#style_pontos</styleUrl><Point><coordinates>-35.706492,-9.639947,0</coordinates></Point></Placemark><Placemark><name>PA001</name><styleUrl>#style_pontos</styleUrl><Point><coordinates>-35.710103,-9.663634,0</coordinates></Point></Placemark><Placemark><name>PA002</name><styleUrl>#style_pontos</styleUrl><Point><coordinates>-35.711057,-9.663376,0</coordinates></Point></Placemark><Placemark><name>PA003</name><styleUrl>#style_pontos</styleUrl><Point><coordinates>-35.712638,-9.665754,0</coordinates></Point></Placemark><Placemark><name>PA004</name><styleUrl>#style_pontos</styleUrl><Point><coordinates>-35.713515,-9.665724,0</coordinates></Point></Placemark><Placemark><name>PA005</name><styleUrl>#style_pontos</styleUrl><Point><coordinates>-35.714289,-9.667471,0</coordinates></Point></Placemark><Placemark><name>PA006</name><styleUrl>#style_pontos</styleUrl><Point><coordinates>-35.716121,-9.668849,0</coordinates></Point></Placemark><Placemark><name>PA007</name><styleUrl>#style_pontos</styleUrl><Point><coordinates>-35.716663,-9.668984,0</coordinates></Point></Placemark><Placemark><name>PA008</name><styleUrl>#style_pontos</styleUrl><Point><coordinates>-35.716085,-9.66972,0</coordinates></Point></Placemark><Placemark><name>PA009</name><styleUrl>#style_pontos</styleUrl><Point><coordinates>-35.717052,-9.670749,0</coordinates></Point></Placemark><Placemark><name>PA010</name><styleUrl>#style_pontos</styleUrl><Point><coordinates>-35.718592,-9.67006,0</coordinates></Point></Placemark><Placemark><name>PA011</name><styleUrl>#style_pontos</styleUrl><Point><coordinates>-35.718799,-9.673465,0</coordinates></Point></Placemark><Placemark><name>Pﾃ�001</name><styleUrl>#style_pontos</styleUrl><Point><coordinates>-35.728571,-9.661278,0</coordinates></Point></Placemark><Placemark><name>Pﾃ�002</name><styleUrl>#style_pontos</styleUrl><Point><coordinates>-35.72663,-9.660084,0</coordinates></Point></Placemark><Placemark><name>Pﾃ�003</name><styleUrl>#style_pontos</styleUrl><Point><coordinates>-35.724642,-9.658059,0</coordinates></Point></Placemark><Placemark><name>Pﾃ�004</name><styleUrl>#style_pontos</styleUrl><Point><coordinates>-35.723302,-9.656959,0</coordinates></Point></Placemark><Placemark><name>Pﾃ�005</name><styleUrl>#style_pontos</styleUrl><Point><coordinates>-35.724662,-9.659556,0</coordinates></Point></Placemark><Placemark><name>Pﾃ�006</name><styleUrl>#style_pontos</styleUrl><Point><coordinates>-35.727085,-9.667053,0</coordinates></Point></Placemark><Placemark><name>Pﾃ�007</name><styleUrl>#style_pontos</styleUrl><Point><coordinates>-35.72622,-9.662144,0</coordinates></Point></Placemark><Placemark><name>Pﾃ�008</name><styleUrl>#style_pontos</styleUrl><Point><coordinates>-35.720182,-9.656966,0</coordinates></Point></Placemark><Placemark><name>Pﾃ�009</name><styleUrl>#style_pontos</styleUrl><Point><coordinates>-35.719861,-9.656969,0</coordinates></Point></Placemark><Placemark><name>Pﾃ�010</name><styleUrl>#style_pontos</styleUrl><Point><coordinates>-35.717118,-9.656978,0</coordinates></Point></Placemark><Placemark><name>Pﾃ�011</name><styleUrl>#style_pontos</styleUrl><Point><coordinates>-35.713762,-9.656955,0</coordinates></Point></Placemark><Placemark><name>Pﾃ�012</name><styleUrl>#style_pontos</styleUrl><Point><coordinates>-35.713558,-9.657029,0</coordinates></Point></Placemark><Placemark><name>Pﾃ�013</name><styleUrl>#style_pontos</styleUrl><Point><coordinates>-35.711795,-9.657019,0</coordinates></Point></Placemark><Placemark><name>Pﾃ�014</name><styleUrl>#style_pontos</styleUrl><Point><coordinates>-35.711251,-9.657058,0</coordinates></Point></Placemark><Placemark><name>Pﾃ�015</name><styleUrl>#style_pontos</styleUrl><Point><coordinates>-35.724102,-9.6602,0</coordinates></Point></Placemark><Placemark><name>Pﾃ�016</name><styleUrl>#style_pontos</styleUrl><Point><coordinates>-35.72933,-9.665587,0</coordinates></Point></Placemark><Placemark><name>Pﾃ�017</name><styleUrl>#style_pontos</styleUrl><Point><coordinates>-35.727864,-9.664283,0</coordinates></Point></Placemark><Placemark><name>PT001</name><styleUrl>#style_pontos</styleUrl><Point><coordinates>-35.719135,-9.663056,0</coordinates></Point></Placemark><Placemark><name>PT002</name><styleUrl>#style_pontos</styleUrl><Point><coordinates>-35.717455,-9.66409,0</coordinates></Point></Placemark><Placemark><name>PT003</name><styleUrl>#style_pontos</styleUrl><Point><coordinates>-35.714701,-9.666755,0</coordinates></Point></Placemark><Placemark><name>PV001</name><styleUrl>#style_pontos</styleUrl><Point><coordinates>-35.709158,-9.656725,0</coordinates></Point></Placemark><Placemark><name>PV002</name><styleUrl>#style_pontos</styleUrl><Point><coordinates>-35.706722,-9.65665,0</coordinates></Point></Placemark><Placemark><name>PV003</name><styleUrl>#style_pontos</styleUrl><Point><coordinates>-35.707006,-9.656732,0</coordinates></Point></Placemark><Placemark><name>PV004</name><styleUrl>#style_pontos</styleUrl><Point><coordinates>-35.704867,-9.656673,0</coordinates></Point></Placemark><Placemark><name>PV005</name><styleUrl>#style_pontos</styleUrl><Point><coordinates>-35.704141,-9.656716,0</coordinates></Point></Placemark><Placemark><name>PV006</name><styleUrl>#style_pontos</styleUrl><Point><coordinates>-35.701778,-9.656706,0</coordinates></Point></Placemark><Placemark><name>PV007</name><styleUrl>#style_pontos</styleUrl><Point><coordinates>-35.699096,-9.656715,0</coordinates></Point></Placemark><Placemark><name>PV008</name><styleUrl>#style_pontos</styleUrl><Point><coordinates>-35.698576,-9.656105,0</coordinates></Point></Placemark><Placemark><name>PV009</name><styleUrl>#style_pontos</styleUrl><Point><coordinates>-35.697089,-9.660879,0</coordinates></Point></Placemark><Placemark><name>PV010</name><styleUrl>#style_pontos</styleUrl><Point><coordinates>-35.697351,-9.660625,0</coordinates></Point></Placemark><Placemark><name>PV011</name><styleUrl>#style_pontos</styleUrl><Point><coordinates>-35.704963,-9.658923,0</coordinates></Point></Placemark><Placemark><name>PV012</name><styleUrl>#style_pontos</styleUrl><Point><coordinates>-35.702864,-9.658852,0</coordinates></Point></Placemark><Placemark><name>PV013</name><styleUrl>#style_pontos</styleUrl><Point><coordinates>-35.701988,-9.658948,0</coordinates></Point></Placemark><Placemark><name>PV014</name><styleUrl>#style_pontos</styleUrl><Point><coordinates>-35.700854,-9.658783,0</coordinates></Point></Placemark><Placemark><name>PV015</name><styleUrl>#style_pontos</styleUrl><Point><coordinates>-35.70865,-9.662213,0</coordinates></Point></Placemark><Placemark><name>PV016</name><styleUrl>#style_pontos</styleUrl><Point><coordinates>-35.705497,-9.661344,0</coordinates></Point></Placemark><Placemark><name>PV017</name><styleUrl>#style_pontos</styleUrl><Point><coordinates>-35.701083,-9.661672,0</coordinates></Point></Placemark><Placemark><name>PV018</name><styleUrl>#style_pontos</styleUrl><Point><coordinates>-35.698179,-9.662295,0</coordinates></Point></Placemark><Placemark><name>PV019</name><styleUrl>#style_pontos</styleUrl><Point><coordinates>-35.703536,-9.662044,0</coordinates></Point></Placemark><Placemark><name>PV020</name><styleUrl>#style_pontos</styleUrl><Point><coordinates>-35.708345,-9.662843,0</coordinates></Point></Placemark><Placemark><name>PV021</name><styleUrl>#style_pontos</styleUrl><Point><coordinates>-35.709643,-9.656612,0</coordinates></Point></Placemark><Placemark><name>PV022</name><styleUrl>#style_pontos</styleUrl><Point><coordinates>-35.702287,-9.656602,0</coordinates></Point></Placemark><Placemark><name>PV023</name><styleUrl>#style_pontos</styleUrl><Point><coordinates>-35.699455,-9.656783,0</coordinates></Point></Placemark><Placemark><name>PV024</name><styleUrl>#style_pontos</styleUrl><Point><coordinates>-35.699079,-9.66277,0</coordinates></Point></Placemark><Placemark><name>PV025</name><styleUrl>#style_pontos</styleUrl><Point><coordinates>-35.69639,-9.663515,0</coordinates></Point></Placemark></Folder></Document></kml>